JvmtiExport can_access_local_variables 0
JvmtiExport can_hotswap_or_post_breakpoint 1
JvmtiExport can_post_on_exceptions 0
# 202 ciObject found
ciMethod java/awt/image/ColorModel getRGBdefault ()Ljava/awt/image/ColorModel; 33 1 272 0 -1
ciMethodData java/io/BufferedInputStream getBufIfOpen ()[B 2 11818 orig 320 176 109 85 123 252 127 0 0 8 77 53 0 8 0 0 0 176 1 0 0 0 0 0 0 0 0 0 0 0 0 0 0 0 0 0 0 0 0 0 0 0 0 0 0 0 0 0 0 0 0 0 0 0 0 0 0 0 0 0 0 0 0 0 0 0 0 0 0 0 0 0 0 0 77 68 79 32 101 120 116 114 97 32 100 97 116 97 32 108 111 99 107 0 0 0 0 0 0 0 0 0 0 0 0 0 0 0 0 0 0 0 0 0 0 0 0 0 0 0 0 0 0 0 0 0 0 0 0 0 0 0 0 0 0 0 0 0 0 0 0 0 0 0 0 0 0 0 0 0 0 0 0 0 0 0 0 0 0 0 0 0 0 0 0 0 0 0 0 0 0 0 0 0 0 0 0 0 0 0 0 0 0 0 0 0 0 0 0 0 0 0 0 0 0 0 0 0 0 0 0 0 0 0 0 0 0 0 0 0 0 0 0 0 0 0 0 0 0 0 0 0 0 0 0 0 0 0 0 0 0 0 0 0 0 0 0 0 0 0 0 0 0 0 0 0 0 0 0 0 0 0 0 0 0 0 0 106 1 0 0 209 101 1 0 1 0 0 0 0 0 0 0 0 0 0 0 0 0 0 0 248 3 0 0 248 31 0 0 2 0 0 0 0 0 5 0 2 0 0 0 0 0 0 0 48 0 0 0 254 255 255 255 7 0 6 0 0 0 0 0 data 15 0x60007 0x2cba 0x30 0x0 0xf0002 0x0 0x0 0x0 0x0 0x0 0x0 0x0 0x9 0x1 0x0 oops 0 methods 0
ciMethodData java/io/BufferedInputStream read ()I 2 17187 orig 320 176 109 85 123 252 127 0 0 240 73 53 0 8 0 0 0 48 2 0 0 88 0 0 0 0 0 0 0 0 0 0 0 0 0 0 0 0 0 0 0 0 0 0 0 0 0 0 0 0 0 0 0 0 0 0 0 0 0 0 0 0 0 0 0 0 0 0 0 0 0 0 0 0 77 68 79 32 101 120 116 114 97 32 100 97 116 97 32 108 111 99 107 0 0 0 0 0 0 0 0 0 0 0 0 0 0 0 0 0 0 0 0 0 0 0 0 0 0 0 0 0 0 0 0 0 0 0 0 0 0 0 0 0 0 0 0 0 0 0 0 0 0 0 0 0 0 0 0 0 0 0 0 0 0 0 0 0 0 0 0 0 0 0 0 0 0 0 0 0 0 0 0 0 0 0 0 0 0 0 0 0 0 0 0 0 0 0 0 0 0 0 0 0 0 0 0 0 0 0 0 0 0 0 0 0 0 0 0 0 0 0 0 0 0 0 0 0 0 0 0 0 0 0 0 0 0 0 0 0 0 0 0 0 0 0 0 0 0 0 0 0 0 0 0 0 0 0 0 0 0 0 0 0 0 0 0 113 1 0 0 145 198 0 0 1 0 0 0 0 0 0 0 0 0 0 0 0 0 0 0 248 3 0 0 248 31 0 0 2 0 0 0 0 0 10 0 2 0 0 0 0 0 0 0 176 0 0 0 254 255 255 255 7 0 8 0 0 0 0 0 data 31 0x80007 0x18ca 0x78 0x8 0xc0005 0x8 0x0 0x0 0x0 0x0 0x0 0x170007 0x8 0x20 0x0 0x1d0005 0x172c 0x0 0x3495ff40 0x1a6 0x0 0x0 0x0 0x0 0x0 0x0 0x0 0x0 0x9 0x1 0x0 oops 1 18 java/io/BufferedInputStream methods 0
ciMethodData java/io/BufferedInputStream fill ()V 2 1140 orig 320 176 109 85 123 252 127 0 0 88 76 53 0 8 0 0 0 144 4 0 0 0 2 0 0 0 0 0 0 0 0 0 0 0 0 0 0 0 0 0 0 0 0 0 0 0 0 0 0 0 0 0 0 0 0 0 0 0 0 0 0 0 0 0 0 0 0 0 0 0 0 0 0 0 77 68 79 32 101 120 116 114 97 32 100 97 116 97 32 108 111 99 107 0 0 0 0 0 0 0 0 0 0 0 0 0 0 0 0 0 0 0 0 0 0 0 0 0 0 0 0 0 0 0 0 0 0 0 0 0 0 0 0 0 0 0 0 0 0 0 0 0 0 0 0 0 0 0 0 0 0 0 0 0 0 0 0 0 0 0 0 0 0 0 0 0 0 0 0 0 0 0 0 0 0 0 0 0 0 0 0 0 0 0 0 0 0 0 0 0 0 0 0 0 0 0 0 0 0 0 0 0 0 0 0 0 0 0 0 0 0 0 0 0 0 0 0 0 0 0 0 0 0 0 0 0 0 0 0 0 0 0 0 0 0 0 0 0 0 0 0 0 0 0 0 0 0 0 0 0 0 0 0 0 0 0 0 1 0 0 0 153 35 0 0 1 0 0 0 0 0 0 0 0 0 0 0 0 0 0 0 248 3 0 0 248 31 0 0 2 0 0 0 0 0 31 0 2 0 0 0 0 0 0 0 160 2 0 0 254 255 255 255 5 0 1 0 0 0 0 0 data 107 0x10005 0x333 0x0 0x3495ff40 0x140 0x0 0x0 0x90007 0xe9 0x38 0x38a 0x110003 0x38a 0x1b8 0x1a0007 0xb6 0x1a0 0x33 0x210007 0x33 0x48 0x0 0x360002 0x0 0x430003 0x0 0x150 0x4c0007 0x8 0x38 0x2b 0x590003 0x2b 0x118 0x610007 0x8 0x30 0x0 0x6a0002 0x0 0x7a0007 0x0 0x38 0x8 0x830003 0x8 0x18 0x8f0007 0x8 0x20 0x0 0xa30002 0x8 0xaf0005 0x4 0x0 0x0 0x0 0x0 0x0 0xb20007 0x8 0x30 0x0 0xbb0002 0x0 0xca0005 0x333 0x0 0x3495ff40 0x140 0x0 0x0 0xd90005 0x2cd 0x0 0x32557ae0 0x166 0x20133300 0x40 0xde0007 0x47 0x20 0x42c 0x0 0x0 0x0 0x0 0x0 0x0 0x0 0x0 0x0 0x0 0x0 0x0 0x0 0x0 0x0 0x0 0x0 0x0 0x0 0x0 0x9 0x1 0x0 oops 4 3 java/io/BufferedInputStream 69 java/io/BufferedInputStream 76 java/io/FileInputStream 78 java/io/ByteArrayInputStream methods 0
ciMethodData java/io/BufferedInputStream read1 ([BII)I 2 6468 orig 320 176 109 85 123 252 127 0 0 96 77 53 0 8 0 0 0 120 3 0 0 128 1 0 0 0 0 0 0 0 0 0 0 0 0 0 0 0 0 0 0 0 0 0 0 0 0 0 0 0 0 0 0 0 0 0 0 0 0 0 0 0 0 0 0 0 0 0 0 0 0 0 0 0 77 68 79 32 101 120 116 114 97 32 100 97 116 97 32 108 111 99 107 0 0 0 0 0 0 0 0 0 0 0 0 0 0 0 0 0 0 0 0 0 0 0 0 0 0 0 0 0 0 0 0 0 0 0 0 0 0 0 0 0 0 0 0 0 0 0 0 0 0 0 0 0 0 0 0 0 0 0 0 0 0 0 0 0 0 0 0 0 0 0 0 0 0 0 0 0 0 0 0 0 0 0 0 0 0 0 0 0 0 0 0 0 0 0 0 0 0 0 0 0 0 0 0 0 0 0 0 0 0 0 0 0 0 0 0 0 0 0 0 0 0 0 0 0 0 0 0 0 0 0 0 0 0 0 0 0 0 0 0 0 0 0 0 0 0 0 0 0 0 0 0 0 0 0 0 0 0 0 0 0 0 0 0 0 2 0 0 73 53 0 0 1 0 0 0 0 0 0 0 0 0 0 0 0 0 0 0 248 3 0 0 248 31 0 0 2 0 0 0 0 0 19 0 2 0 0 0 0 0 0 0 224 1 0 0 254 255 255 255 7 0 13 0 0 0 0 0 data 72 0xd0007 0x4bf 0x160 0x1ea 0x120005 0x1e0 0x0 0x3495ff40 0xa 0x0 0x0 0x160007 0x1e3 0xb0 0x7 0x1d0007 0x3 0x90 0x4 0x210005 0x4 0x0 0x0 0x0 0x0 0x0 0x270005 0x0 0x0 0x32557ae0 0x3 0x20133300 0x1 0x2c0005 0x1dc 0x0 0x3495ff40 0xa 0x0 0x0 0x3c0007 0x1e2 0x20 0x4 0x440007 0x4be 0x38 0x1e3 0x490003 0x1e3 0x18 0x500005 0x412 0x0 0x3495ff40 0x28f 0x0 0x0 0x5b0002 0x6a1 0x0 0x0 0x0 0x0 0x0 0x0 0x9 0x4 0x0 0x0 0x0 0x0 oops 5 7 java/io/BufferedInputStream 29 java/io/FileInputStream 31 java/io/ByteArrayInputStream 36 java/io/BufferedInputStream 54 java/io/BufferedInputStream methods 0
ciMethodData java/io/BufferedInputStream read ([BII)I 2 5965 orig 320 176 109 85 123 252 127 0 0 240 68 53 0 8 0 0 0 96 3 0 0 104 0 0 0 0 0 0 0 0 0 0 0 0 0 0 0 0 0 0 0 0 0 0 0 0 0 0 0 0 0 0 0 0 0 0 0 0 0 0 0 0 0 0 0 0 0 0 0 0 0 0 0 0 77 68 79 32 101 120 116 114 97 32 100 97 116 97 32 108 111 99 107 0 0 0 0 0 0 0 0 0 0 0 0 0 0 0 0 0 0 0 0 0 0 0 0 0 0 0 0 0 0 0 0 0 0 0 0 0 0 0 0 0 0 0 0 0 0 0 0 0 0 0 0 0 0 0 0 0 0 0 0 0 0 0 0 0 0 0 0 0 0 0 0 0 0 0 0 0 0 0 0 0 0 0 0 0 0 0 0 0 0 0 0 0 0 0 0 0 0 0 0 0 0 0 0 0 0 0 0 0 0 0 0 0 0 0 0 0 0 0 0 0 0 0 0 0 0 0 0 0 0 0 0 0 0 0 0 0 0 0 0 0 0 0 0 0 0 0 0 0 0 0 0 0 0 0 0 0 0 0 0 0 0 0 0 0 2 0 0 73 38 0 0 249 14 0 0 0 0 0 0 0 0 0 0 0 0 0 0 248 3 0 0 248 31 0 0 2 0 0 0 1 0 19 0 2 0 0 0 0 0 0 0 200 1 0 0 254 255 255 255 5 0 1 0 0 0 0 0 data 69 0x10005 0x245 0x0 0x3495ff40 0x284 0x0 0x0 0x130007 0x4c9 0x30 0x0 0x1a0002 0x0 0x1f0007 0x4c9 0x20 0x0 0x310005 0x41a 0x0 0x3495ff40 0x28e 0x0 0x0 0x380007 0x6a2 0x58 0x6 0x3d0007 0x0 0x38 0x6 0x420003 0x6 0x18 0x520007 0x1e5 0x20 0x4bd 0x600007 0x0 0x78 0x1e5 0x650005 0x1ba 0x0 0x32557ae0 0xd 0x20133300 0x1e 0x680007 0x1df 0x20 0x6 0x6e0003 0x1df 0xfffffffffffffed8 0x0 0x0 0x0 0x0 0x0 0x0 0x9 0x4 0x0 0x0 0x0 0x0 oops 4 3 java/io/BufferedInputStream 20 java/io/BufferedInputStream 46 java/io/FileInputStream 48 java/io/ByteArrayInputStream methods 0
ciMethodData java/io/BufferedInputStream getInIfOpen ()Ljava/io/InputStream; 2 2035 orig 320 176 109 85 123 252 127 0 0 176 76 53 0 8 0 0 0 176 1 0 0 0 0 0 0 0 0 0 0 0 0 0 0 0 0 0 0 0 0 0 0 0 0 0 0 0 0 0 0 0 0 0 0 0 0 0 0 0 0 0 0 0 0 0 0 0 0 0 0 0 0 0 0 0 77 68 79 32 101 120 116 114 97 32 100 97 116 97 32 108 111 99 107 0 0 0 0 0 0 0 0 0 0 0 0 0 0 0 0 0 0 0 0 0 0 0 0 0 0 0 0 0 0 0 0 0 0 0 0 0 0 0 0 0 0 0 0 0 0 0 0 0 0 0 0 0 0 0 0 0 0 0 0 0 0 0 0 0 0 0 0 0 0 0 0 0 0 0 0 0 0 0 0 0 0 0 0 0 0 0 0 0 0 0 0 0 0 0 0 0 0 0 0 0 0 0 0 0 0 0 0 0 0 0 0 0 0 0 0 0 0 0 0 0 0 0 0 0 0 0 0 0 0 0 0 0 0 0 0 0 0 0 0 0 0 0 0 0 0 0 0 0 0 0 0 0 0 0 0 0 0 0 0 0 0 0 0 29 0 0 0 177 62 0 0 1 0 0 0 0 0 0 0 0 0 0 0 0 0 0 0 248 3 0 0 248 31 0 0 2 0 0 0 0 0 5 0 2 0 0 0 0 0 0 0 48 0 0 0 254 255 255 255 7 0 6 0 0 0 0 0 data 15 0x60007 0x7d6 0x30 0x0 0xf0002 0x0 0x0 0x0 0x0 0x0 0x0 0x0 0x9 0x1 0x0 oops 0 methods 0
ciMethod sun/awt/image/InputStreamImageSource errorAllConsumers (Lsun/awt/image/ImageConsumerQueue;Z)V 57 1 7 0 -1
ciMethod sun/awt/image/InputStreamImageSource startProduction ()V 9 1 7 0 -1
ciMethod sun/awt/image/InputStreamImageSource doneDecoding (Lsun/awt/image/ImageDecoder;)V 2857 1 701 0 -1
ciMethod sun/awt/image/InputStreamImageSource latchConsumers (Lsun/awt/image/ImageDecoder;)V 2857 1 687 0 -1
ciMethod java/awt/image/ImageConsumer setPixels (IIIILjava/awt/image/ColorModel;[III)V 0 0 1 0 -1
ciMethod java/awt/image/ImageConsumer imageComplete (I)V 0 0 1 0 -1
ciMethod sun/awt/image/ImageFetcher add (Lsun/awt/image/ImageFetchable;)Z 57 1 7 0 -1
ciMethod sun/awt/image/ImageFetcher createFetchers (Lsun/awt/image/FetcherInfo;)V 17 17 2 0 -1
ciMethod sun/awt/image/FetcherInfo getFetcherInfo ()Lsun/awt/image/FetcherInfo; 273 1 34 0 -1
ciMethod sun/awt/image/PNGImageDecoder property (Ljava/lang/String;Ljava/lang/Object;)V 0 0 1 0 0
ciMethod sun/awt/image/PNGImageDecoder produceImage ()V 9 487993 4 0 -1
ciMethod sun/awt/image/PNGImageDecoder sendPixels (IIII[III)Z 817 1 624 0 0
ciMethod sun/awt/image/PNGImageDecoder sendPixels (IIII[BII)Z 0 0 1 0 -1
ciMethod sun/awt/image/PNGImageDecoder filterRow ([B[BIII)V 193 491273 394 0 -1
ciMethod sun/awt/image/PNGImageDecoder getData ()Z 81 89 31 0 -1
ciMethod sun/awt/image/ImageDecoder nextConsumer (Lsun/awt/image/ImageConsumerQueue;)Lsun/awt/image/ImageConsumerQueue; 1641 1 1422 0 -1
ciMethod sun/awt/image/ImageDecoder setDimensions (II)I 9 9 7 0 -1
ciMethod sun/awt/image/ImageDecoder setColorModel (Ljava/awt/image/ColorModel;)I 9 9 7 0 -1
ciMethod sun/awt/image/ImageDecoder setHints (I)I 9 9 7 0 -1
ciMethod sun/awt/image/ImageDecoder headerComplete ()V 9 1 7 0 -1
ciMethod sun/awt/image/ImageDecoder setPixels (IIIILjava/awt/image/ColorModel;[III)I 1841 1841 624 0 0
ciMethod sun/awt/image/ImageDecoder imageComplete (IZ)I 1 1 7 0 0
ciMethod sun/awt/image/ImageDecoder close ()V 0 0 7 0 0
ciMethodData sun/awt/image/PNGImageDecoder filterRow ([B[BIII)V 2 960481 orig 320 176 109 85 123 252 127 0 0 128 102 237 36 0 0 0 0 176 5 0 0 0 1 0 0 0 0 0 0 0 0 0 0 0 0 0 0 0 0 0 0 0 0 0 0 0 0 0 0 0 0 0 0 0 0 0 0 0 0 0 0 0 0 0 0 0 0 0 0 0 0 0 0 0 77 68 79 32 101 120 116 114 97 32 100 97 116 97 32 108 111 99 107 0 0 0 0 0 0 0 0 0 0 0 0 0 0 0 0 0 0 0 0 0 0 0 0 0 0 0 0 0 0 0 0 0 0 0 0 0 0 0 0 0 0 0 0 0 0 0 0 0 0 0 0 1 0 0 0 0 0 0 0 0 0 0 0 0 0 0 0 0 0 0 0 0 0 0 0 0 0 0 0 0 0 0 0 0 0 0 0 0 0 1 0 0 0 0 0 0 0 0 0 0 0 0 0 0 0 0 0 0 0 0 0 0 0 0 0 0 0 0 0 0 0 0 0 0 0 0 0 0 0 0 0 0 0 0 0 0 0 0 0 0 0 0 0 0 0 0 0 0 0 0 0 0 0 0 0 0 0 0 0 0 0 0 0 49 239 0 0 145 11 0 0 1 192 109 0 221 0 0 0 1 104 8 0 0 0 0 0 248 3 0 0 248 31 0 0 2 0 0 0 8 0 57 0 2 0 0 0 0 0 0 0 240 3 0 0 254 255 255 255 8 0 4 0 6 0 0 128 data 143 0x8000000600040008 0xc 0x0 0x3e0 0x0 0x70 0x6 0x88 0x66 0xc0 0x11 0x118 0xf6 0x1e0 0x280003 0x0 0x380 0x330007 0x6 0x368 0x3be8 0x480003 0x3be8 0xffffffffffffffe0 0x4c0007 0x0 0x330 0x66 0x530007 0x53 0x310 0x39dd9 0x650003 0x39dd9 0xffffffffffffffe0 0x690007 0x0 0x90 0x11 0x700007 0x11 0x38 0x44 0x880003 0x44 0xffffffffffffffe0 0x8f0007 0x11 0x280 0xa9bc 0xb30003 0xa9bc 0xffffffffffffffe0 0xbe0007 0x0 0x248 0x0 0xd90003 0x0 0xffffffffffffffe0 0xdd0007 0x0 0x1c8 0xf6 0xe40007 0xf6 0x38 0x3d8 0xf60003 0x3d8 0xffffffffffffffe0 0xfd0007 0xde 0x1b8 0x93000 0x1320007 0x7d3db 0x38 0x15c25 0x13a0003 0x15c25 0x18 0x1480007 0x83526 0x38 0xfada 0x1500003 0xfada 0x18 0x15e0007 0x7af19 0x38 0x180e7 0x1660003 0x180e7 0x18 0x1790007 0x17764 0x58 0x7b89c 0x1800007 0x49e6 0x38 0x76eb6 0x1850003 0x76eb6 0x50 0x18c0007 0x5226 0x38 0x16f24 0x1910003 0x16f24 0x18 0x19c0003 0x93000 0xfffffffffffffea8 0x1a70007 0x0 0x48 0x0 0x1bc0003 0x0 0xffffffffffffffe0 0x1c60002 0x0 0x0 0x0 0x0 0x0 0x0 0x0 0x0 0x0 0x0 0x9 0x6 0x0 0x0 0x0 0x0 0x0 0x0 oops 0 methods 0
ciMethodData sun/awt/image/PNGImageDecoder produceImage ()V 2 278788 orig 320 176 109 85 123 252 127 0 0 40 96 237 36 0 0 0 0 232 19 0 0 64 15 0 0 0 0 0 0 0 0 0 0 0 0 0 0 0 0 0 0 0 0 0 0 0 0 0 0 0 0 0 0 0 0 0 0 0 0 0 0 0 0 0 0 0 0 0 0 0 0 0 0 0 77 68 79 32 101 120 116 114 97 32 100 97 116 97 32 108 111 99 107 0 0 0 0 0 0 0 0 0 0 0 0 0 0 0 0 0 0 0 0 0 0 0 0 0 0 0 0 0 0 0 0 0 0 0 0 0 0 0 0 0 0 0 0 0 0 0 0 0 0 0 0 1 0 0 0 0 0 0 0 0 0 0 0 0 0 0 0 0 0 0 0 0 0 0 0 0 0 0 0 0 0 0 0 0 0 0 0 0 0 0 0 0 0 0 0 0 0 0 0 0 0 0 0 0 0 0 0 0 0 0 0 0 0 0 0 0 0 0 0 0 0 0 0 0 0 0 0 0 0 0 0 0 0 0 0 0 0 0 0 0 0 0 0 0 0 0 0 0 0 0 0 0 0 0 0 0 0 0 0 0 0 0 0 62 238 0 0 25 0 0 0 233 149 26 0 0 0 0 0 0 0 0 0 0 0 0 0 248 3 0 0 248 31 0 0 2 0 0 0 10 0 184 0 2 0 0 0 0 0 0 0 48 16 0 0 254 255 255 255 7 0 7 0 0 0 0 0 data 598 0x70007 0x3 0xa0 0x18 0x170005 0x0 0x0 0x3495ff40 0x18 0x0 0x0 0x1a0007 0x18 0x30 0x0 0x240002 0x0 0x2b0003 0x18 0xffffffffffffff78 0x3e0002 0x3 0x410002 0x3 0x440002 0x3 0x490005 0x0 0x0 0x3495e8f0 0x3 0x0 0x0 0x5e0008 0xc 0x0 0xe8 0x0 0x70 0x0 0x88 0x0 0xa0 0x3 0xb8 0x0 0xd0 0x930003 0x0 0x88 0x990003 0x0 0x70 0x9f0003 0x0 0x58 0xa50003 0x3 0x40 0xab0003 0x0 0x28 0xb50002 0x0 0xbd0007 0x3 0x38 0x0 0xcf0003 0x0 0x18 0xe90007 0x0 0x38 0x3 0xee0003 0x3 0x18 0xfe0008 0x12 0x0 0x2a0 0x0 0x140 0x0 0x2a0 0x0 0x278 0x0 0xa0 0x0 0x278 0x0 0x2a0 0x3 0x278 0x0 0xa0 0x1300007 0x0 0x30 0x0 0x13a0002 0x0 0x1420007 0x0 0x48 0x0 0x15f0002 0x0 0x1650003 0x0 0x28 0x1860002 0x0 0x1910003 0x0 0x188 0x1970007 0x0 0x38 0x0 0x19b0003 0x0 0x18 0x1ad0007 0x0 0xe8 0x0 0x1c50007 0x0 0x38 0x0 0x1dc0003 0x0 0xffffffffffffffe0 0x1e40007 0x0 0x48 0x0 0x1f90002 0x0 0x1ff0003 0x0 0x28 0x21c0002 0x0 0x22b0004 0x0 0x0 0x0 0x0 0x0 0x0 0x2310003 0x0 0x50 0x2350002 0x3 0x2400003 0x3 0x28 0x24a0002 0x0 0x2570005 0x0 0x0 0x3495e8f0 0x3 0x0 0x0 0x2600005 0x0 0x0 0x3495e8f0 0x3 0x0 0x0 0x2680007 0x3 0x38 0x0 0x26d0003 0x0 0x18 0x2770005 0x0 0x0 0x3495e8f0 0x3 0x0 0x0 0x27c0005 0x0 0x0 0x3495e8f0 0x3 0x0 0x0 0x2850007 0x3 0x38 0x0 0x2890003 0x0 0x88 0x2920007 0x0 0x38 0x3 0x2960003 0x3 0x18 0x2a00007 0x0 0x38 0x3 0x2a40003 0x3 0x18 0x2c10007 0x0 0x38 0x3 0x2ca0003 0x3 0x18 0x2db0007 0x4 0x730 0x3 0x32d0007 0x3 0x38 0x0 0x3300003 0x0 0xffffffffffffffc0 0x3370007 0x0 0x38 0x3 0x3410003 0x3 0x18 0x3630007 0x4 0x5c0 0x1f2 0x3670005 0x0 0x0 0x3495ff40 0x1f2 0x0 0x0 0x3730007 0x1f2 0xa0 0x1f2 0x3800005 0x0 0x0 0x3495ff40 0x1f2 0x0 0x0 0x3870007 0x1f2 0x30 0x0 0x3910002 0x0 0x39c0003 0x1f2 0xffffffffffffff78 0x3a40007 0x1ef 0x38 0x3 0x3a80003 0x3 0x18 0x3b30005 0x112 0x0 0x3495e8f0 0xe0 0x0 0x0 0x3c60007 0x1f3 0x378 0x302bc 0x3ca0007 0x0 0x248 0x302bc 0x3cf0008 0xe 0x0 0x218 0x0 0xb0 0x0 0x1e8 0x302bc 0x80 0x0 0xe8 0x0 0x200 0x0 0x98 0x4480003 0x302bc 0x2a0 0x48c0003 0x0 0x288 0x4be0007 0x0 0x20 0x0 0x4d40003 0x0 0x250 0x5040007 0x0 0x38 0x0 0x5080003 0x0 0x18 0x5130007 0x0 0x90 0x0 0x51a0007 0x0 0x70 0x0 0x5360007 0x0 0x38 0x0 0x53a0003 0x0 0x18 0x5440003 0x0 0xffffffffffffff88 0x5490007 0x0 0x20 0x0 0x55f0003 0x0 0x150 0x5940003 0x0 0x138 0x5c90003 0x0 0x120 0x5d30002 0x0 0x5db0008 0xc 0x0 0xe8 0x0 0x70 0x0 0x88 0x0 0xa0 0x0 0xb8 0x0 0xd0 0x6290003 0x0 0x88 0x6490003 0x0 0x70 0x66a0003 0x0 0x58 0x67c0003 0x0 0x40 0x68e0003 0x0 0x28 0x6980002 0x0 0x6a30003 0x302bc 0xfffffffffffffca0 0x6aa0007 0x0 0xc8 0x1f3 0x6ae0007 0x0 0x70 0x1f3 0x6c00005 0x113 0x0 0x3495e8f0 0xe0 0x0 0x0 0x6c40003 0x1f3 0x50 0x6d60005 0x0 0x0 0x0 0x0 0x0 0x0 0x6fa0003 0x1f3 0xfffffffffffffa58 0x7010007 0x4 0xc8 0x0 0x7050007 0x0 0x70 0x0 0x7190005 0x0 0x0 0x0 0x0 0x0 0x0 0x71d0003 0x0 0x50 0x7310005 0x0 0x0 0x0 0x0 0x0 0x0 0x7350003 0x4 0xfffffffffffff8e8 0x73b0005 0x0 0x0 0x3495e8f0 0x4 0x0 0x0 0x7400005 0x0 0x0 0x3495e8f0 0x4 0x0 0x0 0x7430003 0x4 0x178 0x7470003 0x0 0x160 0x74f0007 0x0 0x90 0x0 0x7560005 0x0 0x0 0x0 0x0 0x0 0x0 0x75c0005 0x0 0x0 0x0 0x0 0x0 0x0 0x7630005 0x0 0x0 0x0 0x0 0x0 0x0 0x7660003 0x0 0x80 0x76a0003 0x0 0x68 0x7700005 0x0 0x0 0x0 0x0 0x0 0x0 0x7730003 0x0 0x18 0x0 0x0 0x0 0x0 0x0 0x0 0x0 0x0 0x0 0x0 0x0 0x0 0x0 0x0 0x0 0x0 0x0 0x0 0x0 0x0 0x0 0x0 0x0 0x0 0x0 0x0 0x0 0x0 0x0 0x0 0x0 0x0 0x0 0x0 0x0 0x0 0x0 0x0 0x0 0x0 0x0 0x0 0x0 0x0 0x0 0x0 0x0 0x0 0x0 0x0 0x0 0x0 0x0 0x0 0x0 0x0 0x0 0x0 0x0 0x0 0x0 0x0 0x0 0x0 0x0 0x0 0x0 0x0 0x0 0x0 0x0 0x0 0x0 0x0 0x0 0x0 0x0 0x9 0x1 0x0 oops 12 7 java/io/BufferedInputStream 29 sun/awt/image/PNGImageDecoder 167 sun/awt/image/PNGImageDecoder 174 sun/awt/image/PNGImageDecoder 188 sun/awt/image/PNGImageDecoder 195 sun/awt/image/PNGImageDecoder 252 java/io/BufferedInputStream 263 java/io/BufferedInputStream 286 sun/awt/image/PNGImageDecoder 412 sun/awt/image/PNGImageDecoder 460 sun/awt/image/PNGImageDecoder 467 sun/awt/image/PNGImageDecoder methods 0
ciMethodData sun/awt/image/ImageDecoder nextConsumer (Lsun/awt/image/ImageConsumerQueue;)Lsun/awt/image/ImageConsumerQueue; 2 1422 orig 320 176 109 85 123 252 127 0 0 192 151 237 36 0 0 0 0 80 2 0 0 64 0 0 0 0 0 0 0 0 0 0 0 0 0 0 0 0 0 0 0 0 0 0 0 0 0 0 0 0 0 0 0 0 0 0 0 0 0 0 0 0 0 0 0 0 0 0 0 0 0 0 0 0 77 68 79 32 101 120 116 114 97 32 100 97 116 97 32 108 111 99 107 0 0 0 0 0 0 0 0 0 0 0 0 0 0 0 0 0 0 0 0 0 0 0 0 0 0 0 0 0 0 0 0 0 0 0 0 0 0 0 0 0 0 0 0 0 0 0 0 0 0 0 0 0 0 0 0 0 0 0 0 0 0 0 0 0 0 0 0 0 0 0 0 0 0 0 0 0 0 0 0 0 0 0 0 0 0 0 0 0 0 0 0 0 0 0 0 0 0 0 0 0 0 0 0 0 0 0 0 0 0 0 0 0 0 0 0 0 0 0 0 0 0 0 0 0 0 0 0 0 0 0 0 0 0 0 0 0 0 0 0 0 0 0 0 0 0 0 0 0 0 0 0 0 0 0 0 0 0 0 0 0 0 0 0 205 0 0 0 9 38 0 0 1 0 0 0 0 0 0 0 0 0 0 0 0 0 0 0 248 3 0 0 248 31 0 0 2 0 0 0 1 0 20 0 2 0 0 0 0 0 0 0 200 0 0 0 254 255 255 255 7 0 11 0 0 0 0 0 data 35 0xb0007 0x4c1 0x20 0x0 0x130007 0x261 0x38 0x260 0x1a0003 0x260 0x18 0x230007 0x261 0x58 0x260 0x2a0007 0x0 0x20 0x260 0x360003 0x0 0xffffffffffffffc0 0x3b0003 0x261 0x18 0x0 0x0 0x0 0x0 0x0 0x0 0x9 0x2 0x0 0x0 oops 0 methods 0
ciMethodData sun/awt/image/PNGImageDecoder sendPixels (IIII[III)Z 1 624 orig 320 176 109 85 123 252 127 0 0 0 98 237 36 0 0 0 0 72 2 0 0 56 0 0 0 0 0 0 0 0 0 0 0 0 0 0 0 0 0 0 0 0 0 0 0 0 0 0 0 0 0 0 0 0 0 0 0 0 0 0 0 0 0 0 0 0 0 0 0 0 0 0 0 0 77 68 79 32 101 120 116 114 97 32 100 97 116 97 32 108 111 99 107 0 0 0 0 0 0 0 0 0 0 0 0 0 0 0 0 0 0 0 0 0 0 0 0 0 0 0 0 0 0 0 0 0 0 0 0 0 0 0 0 0 0 0 0 0 0 0 0 0 0 0 0 0 0 0 0 0 0 0 0 0 0 0 0 0 0 0 0 0 0 0 0 0 0 0 0 0 0 0 0 0 0 0 0 0 0 0 0 0 0 0 0 0 0 0 0 0 0 0 0 0 0 0 0 0 0 0 0 0 0 0 0 0 0 0 0 0 0 0 0 0 0 0 0 0 0 0 0 0 0 0 0 0 0 0 0 0 0 0 0 0 0 0 0 0 0 0 0 0 0 0 0 0 0 0 0 0 0 0 0 0 0 0 0 102 0 0 0 81 16 0 0 1 0 0 0 0 0 0 0 0 0 0 0 0 0 0 0 248 3 0 0 248 31 0 0 2 0 0 0 0 0 9 0 2 0 0 0 0 0 0 0 144 0 0 0 254 255 255 255 5 0 16 0 0 0 0 0 data 34 0x100005 0x0 0x0 0x3495e8f0 0x20a 0x0 0x0 0x170007 0x20a 0x20 0x0 0x230007 0x0 0x38 0x20a 0x270003 0x20a 0x18 0x0 0x0 0x0 0x0 0x0 0x0 0x9 0x8 0x6 0x0 0x0 0x0 0x0 0xffffffffffffffff 0x0 0x0 oops 1 3 sun/awt/image/PNGImageDecoder methods 0
ciMethodData sun/awt/image/ImageDecoder imageComplete (IZ)I 1 7 orig 320 176 109 85 123 252 127 0 0 16 162 237 36 0 0 0 0 200 2 0 0 88 0 0 0 0 0 0 0 0 0 0 0 0 0 0 0 0 0 0 0 0 0 0 0 0 0 0 0 0 0 0 0 0 0 0 0 0 0 0 0 0 0 0 0 0 0 0 0 0 0 0 0 0 77 68 79 32 101 120 116 114 97 32 100 97 116 97 32 108 111 99 107 0 0 0 0 0 0 0 0 0 0 0 0 0 0 0 0 0 0 0 0 0 0 0 0 0 0 0 0 0 0 0 0 0 0 0 0 0 0 0 0 0 0 0 0 0 0 0 0 0 0 0 0 0 0 0 0 0 0 0 0 0 0 0 0 0 0 0 0 0 0 0 0 0 0 0 0 0 0 0 0 0 0 0 0 0 0 0 0 0 0 0 0 0 0 0 0 0 0 0 0 0 0 0 0 0 0 0 0 0 0 0 0 0 0 0 0 0 0 0 0 0 0 0 0 0 0 0 0 0 0 0 0 0 0 0 0 0 0 0 0 0 0 0 0 0 0 0 0 0 0 0 0 0 0 0 0 0 0 0 0 0 0 0 0 0 0 0 0 57 0 0 0 57 0 0 0 0 0 0 0 0 0 0 0 0 0 0 0 248 3 0 0 248 31 0 0 2 0 0 0 0 0 0 0 0 0 0 0 0 0 0 0 56 1 0 0 254 255 255 255 5 0 5 0 0 0 0 0 data 50 0x50005 0x0 0x0 0x34990620 0x7 0x0 0x0 0x90007 0x0 0x58 0x7 0x160005 0x0 0x0 0x34990620 0x7 0x0 0x0 0x200005 0x0 0x0 0x3495e8f0 0x8 0x3219f410 0x6 0x250007 0x7 0x70 0x7 0x2d0005 0x0 0x0 0x349906d0 0x7 0x0 0x0 0x350003 0x7 0xffffffffffffff70 0x0 0x0 0x0 0x0 0x0 0x0 0x9 0x3 0x0 0x0 0x0 oops 5 3 sun/awt/image/ByteArrayImageSource 14 sun/awt/image/ByteArrayImageSource 21 sun/awt/image/PNGImageDecoder 23 sun/awt/image/GifImageDecoder 32 sun/awt/image/ImageRepresentation methods 0
ciMethodData sun/awt/image/ImageDecoder close ()V 1 7 orig 320 176 109 85 123 252 127 0 0 96 164 237 36 0 0 0 0 240 1 0 0 0 0 0 0 0 0 0 0 0 0 0 0 0 0 0 0 0 0 0 0 0 0 0 0 0 0 0 0 0 0 0 0 0 0 0 0 0 0 0 0 0 0 0 0 0 0 0 0 0 0 0 0 0 77 68 79 32 101 120 116 114 97 32 100 97 116 97 32 108 111 99 107 0 0 0 0 0 0 0 0 0 0 0 0 0 0 0 0 0 0 0 0 0 0 0 0 0 0 0 0 0 0 0 0 0 0 0 0 0 0 0 0 0 0 0 0 0 0 0 0 0 0 0 0 0 0 0 0 0 0 0 0 0 0 0 0 0 0 0 0 0 0 0 0 0 0 0 0 0 0 0 0 0 0 0 0 0 0 0 0 0 0 0 0 0 0 0 0 0 0 0 0 0 0 0 0 0 0 0 0 0 0 0 0 0 0 0 0 0 0 0 0 0 0 0 0 0 0 0 0 0 0 0 0 0 0 0 0 0 0 0 0 0 0 0 0 0 0 0 0 0 0 0 0 0 0 0 0 0 0 0 0 0 0 0 0 0 0 0 0 57 0 0 0 1 0 0 0 0 0 0 0 0 0 0 0 0 0 0 0 248 3 0 0 248 31 0 0 2 0 0 0 0 0 0 0 0 0 0 0 0 0 0 0 112 0 0 0 254 255 255 255 7 0 4 0 0 0 0 0 data 23 0x40007 0x0 0x70 0x7 0xb0005 0x0 0x0 0x3495ff40 0x7 0x0 0x0 0xe0003 0x7 0x18 0x0 0x0 0x0 0x0 0x0 0x0 0x9 0x1 0x0 oops 1 7 java/io/BufferedInputStream methods 0
ciMethodData sun/awt/image/PNGImageDecoder property (Ljava/lang/String;Ljava/lang/Object;)V 1 1 orig 320 176 109 85 123 252 127 0 0 16 76 237 36 0 0 0 0 24 2 0 0 64 0 0 0 0 0 0 0 0 0 0 0 0 0 0 0 0 0 0 0 0 0 0 0 0 0 0 0 0 0 0 0 0 0 0 0 0 0 0 0 0 0 0 0 0 0 0 0 0 0 0 0 0 77 68 79 32 101 120 116 114 97 32 100 97 116 97 32 108 111 99 107 0 0 0 0 0 0 0 0 0 0 0 0 0 0 0 0 0 0 0 0 0 0 0 0 0 0 0 0 0 0 0 0 0 0 0 0 0 0 0 0 0 0 0 0 0 0 0 0 0 0 0 0 0 0 0 0 0 0 0 0 0 0 0 0 0 0 0 0 0 0 0 0 0 0 0 0 0 0 0 0 0 0 0 0 0 0 0 0 0 0 0 0 0 0 0 0 0 0 0 0 0 0 0 0 0 0 0 0 0 0 0 0 0 0 0 0 0 0 0 0 0 0 0 0 0 0 0 0 0 0 0 0 0 0 0 0 0 0 0 0 0 0 0 0 0 0 0 0 0 0 0 0 0 0 0 0 0 0 0 0 0 0 0 0 0 0 0 0 9 0 0 0 1 0 0 0 0 0 0 0 0 0 0 0 0 0 0 0 248 3 0 0 248 31 0 0 2 0 0 0 0 0 0 0 0 0 0 0 0 0 0 0 136 0 0 0 254 255 255 255 7 0 1 0 0 0 0 0 data 28 0x10007 0x1 0x20 0x0 0x90007 0x0 0x30 0x1 0x110002 0x1 0x1d0005 0x0 0x0 0x20131900 0x1 0x0 0x0 0x0 0x0 0x0 0x0 0x0 0x0 0x9 0x3 0x3000 0xffffffffffffffff 0xffffffffffffffff oops 1 13 java/util/Hashtable methods 0
ciMethodData sun/awt/image/ImageDecoder setPixels (IIIILjava/awt/image/ColorModel;[III)I 1 624 orig 320 176 109 85 123 252 127 0 0 80 159 237 36 0 0 0 0 160 2 0 0 0 0 0 0 0 0 0 0 0 0 0 0 0 0 0 0 0 0 0 0 0 0 0 0 0 0 0 0 0 0 0 0 0 0 0 0 0 0 0 0 0 0 0 0 0 0 0 0 0 0 0 0 0 77 68 79 32 101 120 116 114 97 32 100 97 116 97 32 108 111 99 107 0 0 0 0 0 0 0 0 0 0 0 0 0 0 0 0 0 0 0 0 0 0 0 0 0 0 0 0 0 0 0 0 0 0 0 0 0 0 0 0 0 0 0 0 0 0 0 0 0 0 0 0 0 0 0 0 0 0 0 0 0 0 0 0 0 0 0 0 0 0 0 0 0 0 0 0 0 0 0 0 0 0 0 0 0 0 0 0 0 0 0 0 0 0 0 0 0 0 0 0 0 0 0 0 0 0 0 0 0 0 0 0 0 0 0 0 0 0 0 0 0 0 0 0 0 0 0 0 0 0 0 0 0 0 0 0 0 0 0 0 0 0 0 0 0 0 0 0 0 0 0 0 0 0 0 0 0 0 0 0 0 0 0 0 230 0 0 0 81 12 0 0 81 12 0 0 0 0 0 0 0 0 0 0 0 0 0 0 248 3 0 0 248 31 0 0 2 0 0 0 1 0 14 0 2 0 0 0 0 0 0 0 224 0 0 0 254 255 255 255 5 0 5 0 0 0 0 0 data 45 0x50005 0x0 0x0 0x34990620 0x18a 0x0 0x0 0x110005 0x0 0x0 0x3495e8f0 0x314 0x0 0x0 0x170007 0x18a 0x70 0x18a 0x2c0005 0x0 0x0 0x349906d0 0x18a 0x0 0x0 0x340003 0x18a 0xffffffffffffff70 0x0 0x0 0x0 0x0 0x0 0x0 0x9 0x9 0x0 0x0 0x0 0x0 0x0 0x0 0x0 0x0 0x0 oops 3 3 sun/awt/image/ByteArrayImageSource 10 sun/awt/image/PNGImageDecoder 21 sun/awt/image/ImageRepresentation methods 0
ciMethodData sun/awt/image/InputStreamImageSource latchConsumers (Lsun/awt/image/ImageDecoder;)V 1 687 orig 320 176 109 85 123 252 127 0 0 192 191 231 36 0 0 0 0 192 1 0 0 0 0 0 0 0 0 0 0 0 0 0 0 0 0 0 0 0 0 0 0 0 0 0 0 0 0 0 0 0 0 0 0 0 0 0 0 0 0 0 0 0 0 0 0 0 0 0 0 0 0 0 0 0 77 68 79 32 101 120 116 114 97 32 100 97 116 97 32 108 111 99 107 0 0 0 0 0 0 0 0 0 0 0 0 0 0 0 0 0 0 0 0 0 0 0 0 0 0 0 0 0 0 0 0 0 0 0 0 0 0 0 0 0 0 0 0 0 0 0 0 0 0 0 0 0 0 0 0 0 0 0 0 0 0 0 0 0 0 0 0 0 0 0 0 0 0 0 0 0 0 0 0 0 0 0 0 0 0 0 0 0 0 0 0 0 0 0 0 0 0 0 0 0 0 0 0 0 0 0 0 0 0 0 0 0 0 0 0 0 0 0 0 0 0 0 0 0 0 0 0 0 0 0 0 0 0 0 0 0 0 0 0 0 0 0 0 0 0 0 0 0 0 0 0 0 0 0 0 0 0 0 0 0 0 0 0 101 1 0 0 81 10 0 0 1 0 0 0 0 0 0 0 0 0 0 0 0 0 0 0 248 3 0 0 248 31 0 0 2 0 0 0 0 0 10 0 2 0 0 0 0 0 0 0 56 0 0 0 254 255 255 255 5 0 2 0 0 0 0 0 data 17 0x20005 0x0 0x0 0x34990620 0x14a 0x0 0x0 0x0 0x0 0x0 0x0 0x0 0x0 0x9 0x2 0x0 0x0 oops 1 3 sun/awt/image/ByteArrayImageSource methods 0
ciMethodData sun/awt/image/InputStreamImageSource doneDecoding (Lsun/awt/image/ImageDecoder;)V 1 701 orig 320 176 109 85 123 252 127 0 0 8 191 231 36 0 0 0 0 0 2 0 0 0 0 0 0 0 0 0 0 0 0 0 0 0 0 0 0 0 0 0 0 0 0 0 0 0 0 0 0 0 0 0 0 0 0 0 0 0 0 0 0 0 0 0 0 0 0 0 0 0 0 0 0 0 77 68 79 32 101 120 116 114 97 32 100 97 116 97 32 108 111 99 107 0 0 0 0 0 0 0 0 0 0 0 0 0 0 0 0 0 0 0 0 0 0 0 0 0 0 0 0 0 0 0 0 0 0 0 0 0 0 0 0 0 0 0 0 0 0 0 0 0 0 0 0 0 0 0 0 0 0 0 0 0 0 0 0 0 0 0 0 0 0 0 0 0 0 0 0 0 0 0 0 0 0 0 0 0 0 0 0 0 0 0 0 0 0 0 0 0 0 0 0 0 0 0 0 0 0 0 0 0 0 0 0 0 0 0 0 0 0 0 0 0 0 0 0 0 0 0 0 0 0 0 0 0 0 0 0 0 0 0 0 0 0 0 0 0 0 0 0 0 0 0 0 0 0 0 0 0 0 0 0 0 0 0 0 101 1 0 0 193 10 0 0 1 0 0 0 0 0 0 0 0 0 0 0 0 0 0 0 248 3 0 0 248 31 0 0 2 0 0 0 0 0 8 0 2 0 0 0 0 0 0 0 120 0 0 0 254 255 255 255 7 0 5 0 0 0 0 0 data 25 0x50007 0x152 0x78 0x6 0x110007 0x6 0x58 0x0 0x150005 0x0 0x0 0x0 0x0 0x0 0x0 0x0 0x0 0x0 0x0 0x0 0x0 0x9 0x2 0xffffffffffffffff 0x0 oops 0 methods 0
ciMethodData sun/awt/image/InputStreamImageSource startProduction ()V 1 7 orig 320 176 109 85 123 252 127 0 0 184 179 231 36 0 0 0 0 32 2 0 0 80 0 0 0 0 0 0 0 0 0 0 0 0 0 0 0 0 0 0 0 0 0 0 0 0 0 0 0 0 0 0 0 0 0 0 0 0 0 0 0 0 0 0 0 0 0 0 0 0 0 0 0 0 77 68 79 32 101 120 116 114 97 32 100 97 116 97 32 108 111 99 107 0 0 0 0 0 0 0 0 0 0 0 0 0 0 0 0 0 0 0 0 0 0 0 0 0 0 0 0 0 0 0 0 0 0 0 0 0 0 0 0 0 0 0 0 0 0 0 0 0 0 0 0 0 0 0 0 0 0 0 0 0 0 0 0 0 0 0 0 0 0 0 0 0 0 0 0 0 0 0 0 0 0 0 0 0 0 0 0 0 0 0 0 0 0 0 0 0 0 0 0 0 0 0 0 0 0 0 0 0 0 0 0 0 0 0 0 0 0 0 0 0 0 0 0 0 0 0 0 0 0 0 0 0 0 0 0 0 0 0 0 0 0 0 0 0 0 0 0 0 0 0 0 0 0 0 0 0 0 0 0 0 0 0 0 1 0 0 0 49 0 0 0 1 0 0 0 0 0 0 0 0 0 0 0 0 0 0 0 248 3 0 0 248 31 0 0 2 0 0 0 0 0 0 0 0 0 0 0 0 0 0 0 160 0 0 0 254 255 255 255 7 0 4 0 0 0 0 0 data 29 0x40007 0x0 0xa0 0x6 0x80002 0x6 0xb0007 0x0 0x38 0x6 0x130003 0x6 0x50 0x230005 0x0 0x0 0x0 0x0 0x0 0x0 0x0 0x0 0x0 0x0 0x0 0x0 0x9 0x1 0xffffffffffffffff oops 0 methods 0
ciMethodData java/io/ByteArrayInputStream read ([BII)I 2 9413 orig 320 176 109 85 123 252 127 0 0 160 226 57 0 8 0 0 0 24 2 0 0 80 0 0 0 0 0 0 0 0 0 0 0 0 0 0 0 0 0 0 0 0 0 0 0 0 0 0 0 0 0 0 0 0 0 0 0 0 0 0 0 0 0 0 0 0 0 0 0 0 0 0 0 0 77 68 79 32 101 120 116 114 97 32 100 97 116 97 32 108 111 99 107 0 0 0 0 0 0 0 0 0 0 0 0 0 0 0 0 0 0 0 0 0 0 0 0 0 0 0 0 0 0 0 0 0 0 0 0 0 0 0 0 0 0 0 0 0 0 0 0 0 0 0 0 0 0 0 0 0 0 0 0 0 0 0 0 0 0 0 0 0 0 0 0 0 0 0 0 0 0 0 0 0 0 0 0 0 0 0 0 0 0 0 0 0 0 0 0 0 0 0 0 0 0 0 0 0 0 0 0 0 0 0 0 0 0 0 0 0 0 0 0 0 0 0 0 0 0 0 0 0 0 0 0 0 0 0 0 0 0 0 0 0 0 0 0 0 0 0 0 0 0 0 0 0 0 0 0 0 0 0 0 0 0 0 0 0 1 0 0 41 30 1 0 1 0 0 0 0 0 0 0 0 0 0 0 0 0 0 0 248 3 0 0 248 31 0 0 2 0 0 0 0 0 17 0 2 0 0 0 0 0 0 0 128 0 0 0 254 255 255 255 2 0 4 0 0 0 0 0 data 28 0x40002 0x23c5 0x100007 0x2340 0x20 0x85 0x230007 0x22aa 0x20 0x96 0x2a0007 0x2340 0x20 0x0 0x3a0002 0x2341 0x0 0x0 0x0 0x0 0x0 0x0 0x9 0x4 0x6 0xffffffffffffffff 0x0 0x0 oops 0 methods 0
ciMethodData java/io/FileInputStream read ([BII)I 2 1332 orig 320 176 109 85 123 252 127 0 0 160 131 53 0 8 0 0 0 208 1 0 0 0 0 0 0 0 0 0 0 0 0 0 0 0 0 0 0 0 0 0 0 0 0 0 0 0 0 0 0 0 0 0 0 0 0 0 0 0 0 0 0 0 0 0 0 0 0 0 0 0 0 0 0 0 77 68 79 32 101 120 116 114 97 32 100 97 116 97 32 108 111 99 107 0 0 0 0 0 0 0 0 0 0 0 0 0 0 0 0 0 0 0 0 0 0 0 0 0 0 0 0 0 0 0 0 0 0 0 0 0 0 0 0 0 0 0 0 0 0 0 0 0 0 0 0 0 0 0 0 0 0 0 0 0 0 0 0 0 0 0 0 0 0 0 0 0 0 0 0 0 0 0 0 0 0 0 0 0 0 0 0 0 0 0 0 0 0 0 0 0 0 0 0 0 0 0 0 0 0 0 0 0 0 0 0 0 0 0 0 0 0 0 0 0 0 0 0 0 0 0 0 0 0 0 0 0 0 0 0 0 0 0 0 0 0 0 0 0 0 0 0 0 0 0 0 0 0 0 0 0 0 0 0 0 0 0 0 0 1 0 0 161 33 0 0 1 0 0 0 0 0 0 0 0 0 0 0 0 0 0 0 248 3 0 0 248 31 0 0 2 0 0 0 0 0 3 0 2 0 0 0 0 0 0 0 56 0 0 0 254 255 255 255 5 0 4 0 0 0 0 0 data 19 0x40005 0x434 0x0 0x0 0x0 0x0 0x0 0x0 0x0 0x0 0x0 0x0 0x0 0x9 0x4 0x0 0x0 0x0 0x0 oops 0 methods 0
instanceKlass java/text/BreakIterator
instanceKlass javax/swing/text/Utilities
instanceKlass javax/swing/text/GlyphView$GlyphPainter
instanceKlass javax/swing/text/GapContent$UndoPosRef
instanceKlass javax/swing/text/Segment
instanceKlass javax/swing/text/SegmentCache
instanceKlass javax/swing/event/DocumentEvent$ElementChange
instanceKlass javax/swing/text/DefaultStyledDocument$ElementBuffer$ElemChanges
instanceKlass javax/swing/text/DefaultStyledDocument$ElementSpec
instanceKlass javax/swing/text/html/HTMLDocument$HTMLReader$TagAction
instanceKlass com/intellij/util/ui/JBHtmlEditorKit$$Lambda$1064
instanceKlass com/intellij/util/ui/JBHtmlEditorKit$2
instanceKlass com/intellij/util/ui/JBHtmlEditorKit$1
instanceKlass com/intellij/ui/HyperlinkAdapter
instanceKlass javax/swing/text/TabableView
instanceKlass javax/swing/text/html/StyleSheet$1
instanceKlass javax/swing/text/html/CSSBorder$StrokePainter
instanceKlass javax/swing/text/html/CSSBorder$SolidPainter
instanceKlass javax/swing/text/html/CSSBorder$NullPainter
instanceKlass javax/swing/text/html/CSSBorder$BorderPainter
instanceKlass javax/swing/text/html/StyleSheet$BoxPainter
instanceKlass javax/swing/text/html/StyleSheet$SearchBuffer
instanceKlass javax/swing/text/html/MuxingAttributeSet
instanceKlass javax/swing/text/FlowView$FlowStrategy
instanceKlass javax/swing/text/DefaultStyledDocument$AbstractChangeHandler
instanceKlass javax/swing/text/AbstractDocument$DefaultDocumentEventUndoableWrapper
instanceKlass sun/swing/text/UndoableEditLockSupport
instanceKlass javax/swing/event/DocumentEvent$EventType
instanceKlass javax/swing/event/DocumentEvent
instanceKlass javax/swing/undo/AbstractUndoableEdit
instanceKlass javax/swing/undo/UndoableEdit
instanceKlass javax/swing/text/DefaultStyledDocument$ElementBuffer
instanceKlass javax/swing/text/StyledDocument
instanceKlass com/intellij/diff/impl/DiffRequestProcessor$EmptyState
instanceKlass com/intellij/ui/mac/TouchbarDataKeys$ActionDesc
instanceKlass com/intellij/ui/mac/TouchbarDataKeys
instanceKlass com/intellij/diff/tools/dir/DirDiffTool
instanceKlass com/intellij/diff/SuppressiveDiffTool
instanceKlass com/intellij/diff/tools/binary/BinaryDiffTool
instanceKlass com/intellij/diff/tools/fragmented/UnifiedDiffTool
instanceKlass com/intellij/diff/tools/simple/SimpleDiffTool
instanceKlass com/intellij/database/diff/TableDiffTool
instanceKlass com/intellij/codeInsight/template/impl/TemplateSettings$TemplateKey
instanceKlass com/intellij/openapi/diff/impl/dir/ComparableDiffElement
instanceKlass com/intellij/ide/diff/AsyncDiffElement
instanceKlass com/intellij/ide/diff/DiffElement
instanceKlass com/intellij/database/model/diff/SchemaDiffTool
instanceKlass org/jetbrains/idea/svn/difftool/SvnTreeConflictDiffRequestProvider$SvnTreeConflictDiffTool
instanceKlass org/jetbrains/idea/svn/difftool/SvnPhantomChangeDiffRequestProvider$SvnPhantomDiffTool
instanceKlass com/intellij/codeInsight/template/impl/TemplateContext$$Lambda$1063
instanceKlass org/jetbrains/idea/svn/difftool/properties/SvnPropertiesDiffTool
instanceKlass com/intellij/codeInsight/template/impl/TemplateContext$$Lambda$1062
instanceKlass com/intellij/openapi/vcs/changes/patch/tool/PatchDiffTool
instanceKlass com/intellij/codeInsight/template/impl/TemplateContext$$Lambda$1061
instanceKlass com/intellij/diff/FrameDiffTool$DiffViewer
instanceKlass com/intellij/openapi/vcs/changes/patch/tool/ApplyPatchDiffTool
instanceKlass java/util/stream/Collectors$$Lambda$1060
instanceKlass com/intellij/diff/DiffRequestPanel
instanceKlass java/util/stream/Collectors$$Lambda$1059
instanceKlass java/util/stream/Collectors$$Lambda$1058
instanceKlass com/intellij/diff/DiffManager
instanceKlass com/intellij/diff/util/DiffUserDataKeysEx
instanceKlass java/util/stream/DistinctOps
instanceKlass com/intellij/codeInsight/template/impl/TemplateContext$1$$Lambda$1057
instanceKlass com/intellij/diff/impl/DiffSettingsHolder$PlaceSettings
instanceKlass com/intellij/diff/impl/DiffSettingsHolder$SharedSettings
instanceKlass com/intellij/diff/impl/DiffSettingsHolder$State
instanceKlass org/jetbrains/vuejs/liveTemplate/VueBaseLiveTemplateContextType$Companion
instanceKlass com/intellij/diff/impl/DiffSettingsHolder
instanceKlass com/intellij/diff/impl/DiffSettingsHolder$DiffSettings$Companion
instanceKlass com/intellij/diff/impl/DiffSettingsHolder$DiffSettings
instanceKlass com/intellij/openapi/progress/impl/CoreProgressManager$$Lambda$1056
instanceKlass com/intellij/diff/tools/util/text/TwosideTextDiffProvider$NoIgnore
instanceKlass com/intellij/diff/tools/util/text/TwosideTextDiffProvider
instanceKlass com/intellij/diff/tools/util/text/TextDiffProvider
instanceKlass com/intellij/diff/util/DiffUtil
instanceKlass com/intellij/diff/util/DiffUserDataKeys
instanceKlass com/intellij/diff/tools/util/PrevNextDifferenceIterable
instanceKlass com/intellij/diff/DiffContext
instanceKlass com/intellij/diff/FrameDiffTool
instanceKlass com/intellij/diff/DiffTool
instanceKlass com/intellij/diff/FocusableContext
instanceKlass com/intellij/diff/impl/DiffRequestProcessor$ViewerState
instanceKlass com/intellij/diff/impl/DiffRequestProcessor
instanceKlass com/intellij/openapi/ui/OnePixelDivider$$Lambda$1055
instanceKlass com/intellij/util/ui/tree/TreeUtil$$Lambda$1054
instanceKlass com/intellij/ide/CommonActionsManager
instanceKlass com/intellij/openapi/vcs/changes/ChangeListManagerImpl$$Lambda$1053
instanceKlass com/intellij/openapi/vcs/changes/ChangeListManagerImpl$4
instanceKlass com/intellij/openapi/vcs/changes/VcsEventWatcher$2
instanceKlass com/intellij/openapi/vcs/changes/VcsEventWatcher$1
instanceKlass com/intellij/openapi/vcs/impl/ProjectLevelVcsManagerImpl$$Lambda$1052
instanceKlass com/intellij/openapi/project/impl/ProjectManagerImpl$$Lambda$1051
instanceKlass com/jetbrains/plugins/webDeployment/config/GroupedServersConfigManagerImpl$$Lambda$1050
instanceKlass com/jetbrains/plugins/webDeployment/config/GroupedServersConfigManagerImpl$1
instanceKlass com/jetbrains/plugins/webDeployment/config/DeploymentPathMapping
instanceKlass com/jetbrains/plugins/webDeployment/config/PublishConfig$ServerData
instanceKlass org/apache/oro/text/regex/Perl5Pattern
instanceKlass org/apache/oro/text/regex/OpCode
instanceKlass org/apache/oro/text/regex/CharStringPointer
instanceKlass org/apache/oro/text/regex/Pattern
instanceKlass org/apache/oro/text/regex/Perl5Compiler
instanceKlass com/intellij/openapi/util/text/StringUtil$BombedCharSequence
instanceKlass com/intellij/util/containers/hash/HashMap$HashIterator
instanceKlass com/jetbrains/plugins/webDeployment/config/WebServerGroupingWrap$1
instanceKlass com/jetbrains/plugins/webDeployment/config/WebServerGroupingWrap
instanceKlass com/jetbrains/plugins/webDeployment/config/WebDeploymentCredentialHelper$WhenMappings
instanceKlass com/jetbrains/plugins/webDeployment/config/WebDeploymentCredentialHelper
instanceKlass com/jetbrains/plugins/webDeployment/config/OldXmlCredentialProvider
instanceKlass com/jetbrains/plugins/webDeployment/config/WebServersAuthStorage$AuthState
instanceKlass icons/WebDeploymentIcons
instanceKlass com/google/common/collect/AbstractMapEntry
instanceKlass com/google/common/collect/CollectPreconditions
instanceKlass com/google/common/collect/BiMap
instanceKlass com/google/common/collect/ImmutableMap
instanceKlass com/intellij/remote/RemoteCredentialsHolder
instanceKlass com/intellij/remote/MutableRemoteCredentials
instanceKlass com/intellij/remote/RemoteCredentials
instanceKlass com/jetbrains/plugins/webDeployment/config/AdvancedOptionsConfig
instanceKlass org/apache/commons/vfs2/FileObject
instanceKlass com/jetbrains/plugins/webDeployment/config/FileTransferConfig
instanceKlass org/apache/commons/vfs2/FileName
instanceKlass com/jetbrains/plugins/webDeployment/config/WebServerConfig$RemotePath
instanceKlass org/apache/commons/net/ftp/parser/FTPFileEntryParserFactory
instanceKlass com/jetbrains/plugins/webDeployment/config/WebServersConfigManagerBaseImpl$GroupingInfo
instanceKlass com/jetbrains/plugins/webDeployment/config/WebServerConfig
instanceKlass org/apache/commons/vfs2/FileSystemOptions
instanceKlass com/jetbrains/plugins/webDeployment/config/sftp/SftpAdvancedOptions
instanceKlass com/jetbrains/plugins/webDeployment/config/WebServersConfigManagerBaseImpl$State
instanceKlass com/jetbrains/plugins/webDeployment/config/OldStorageCredentialProvider
instanceKlass com/intellij/util/containers/hash/HashMap$Entry
instanceKlass com/jetbrains/plugins/webDeployment/config/WebServersConfigManagerBaseImpl$Listener
instanceKlass com/jetbrains/plugins/webDeployment/config/OldPublishConfigStateHolder$State
instanceKlass com/intellij/util/io/zip/DosTime
instanceKlass com/intellij/util/io/zip/ZipShort
instanceKlass java/util/zip/Deflater$DeflaterZStreamRef
instanceKlass com/jetbrains/plugins/webDeployment/config/PublishConfig$State
instanceKlass java/util/zip/Deflater
instanceKlass com/intellij/util/io/zip/ZipLong
instanceKlass com/intellij/util/io/zip/JBZipOutputStream
instanceKlass com/intellij/ultimate/PluginVerifier
instanceKlass com/intellij/execution/ui/ConsoleViewContentType
instanceKlass com/intellij/util/io/zip/JBZipFile
instanceKlass com/intellij/tasks/context/WorkingContextManager$$Lambda$1049
instanceKlass com/intellij/util/io/zip/JBZipEntry
instanceKlass org/apache/oro/text/regex/PatternCompiler
instanceKlass com/intellij/tasks/impl/TaskManagerImpl$$Lambda$1048
instanceKlass com/intellij/tasks/ChangeListInfo
instanceKlass com/intellij/openapi/vcs/changes/LocalChangeListImpl$Builder
instanceKlass com/intellij/coverage/CoverageDataManagerImpl$CoverageEditorFactoryListener
instanceKlass com/intellij/openapi/fileEditor/impl/FileEditorManagerImpl$$Lambda$1047
instanceKlass com/intellij/openapi/fileEditor/impl/FileEditorManagerImpl$MyUISettingsListener
instanceKlass com/intellij/openapi/fileEditor/impl/FileEditorManagerImpl$MyVirtualFileListener
instanceKlass com/intellij/openapi/fileEditor/impl/FileEditorManagerImpl$MyRootsListener
instanceKlass com/intellij/openapi/fileEditor/impl/FileEditorManagerImpl$MyFileTypeListener
instanceKlass com/intellij/openapi/vcs/impl/FileStatusManagerImpl$4
instanceKlass com/intellij/openapi/fileEditor/impl/FileEditorManagerImpl$MyFileStatusListener
instanceKlass com/intellij/openapi/wm/impl/ToolWindowManagerImpl$3$$Lambda$1046
instanceKlass com/intellij/openapi/wm/impl/ToolWindowManagerImpl$3$$Lambda$1045
instanceKlass com/intellij/openapi/wm/impl/ToolWindowManagerImpl$$Lambda$1044
instanceKlass com/intellij/openapi/wm/impl/ToolWindowManagerImpl$$Lambda$1043
instanceKlass sun/awt/image/OffScreenImageSource
instanceKlass java/awt/image/FilteredImageSource
instanceKlass com/intellij/util/ImageLoader$ImageConverterChain$1
instanceKlass org/w3c/dom/svg/SVGPolylineElement
instanceKlass com/intellij/openapi/actionSystem/ex/ComboBoxAction$ComboBoxButton$MyButtonSynchronizer
instanceKlass com/intellij/openapi/actionSystem/impl/ActionToolbarImpl$$Lambda$1042
instanceKlass com/intellij/util/containers/FilteringIterator$InstanceOf
instanceKlass com/intellij/util/containers/FilteringIterator
instanceKlass com/intellij/util/containers/PeekableIterator
instanceKlass com/intellij/openapi/actionSystem/impl/ActionButton$$Lambda$1041
instanceKlass com/intellij/openapi/actionSystem/impl/ActionButton$2
instanceKlass com/intellij/openapi/actionSystem/RightAlignedToolbarAction
instanceKlass com/intellij/openapi/actionSystem/impl/ActionUpdater$$Lambda$1040
instanceKlass com/intellij/ide/actions/runAnything/RunAnythingAction$1$$Lambda$1039
instanceKlass com/intellij/lang/javascript/liveTemplates/JSLikeTemplateContextType
instanceKlass com/intellij/execution/configurations/GeneralCommandLine
instanceKlass com/intellij/ide/actions/runAnything/items/RunAnythingItem
instanceKlass com/intellij/ide/actions/runAnything/activity/RunAnythingProviderBase
instanceKlass com/intellij/ide/actions/runAnything/activity/RunAnythingProvider
instanceKlass com/intellij/openapi/vcs/actions/VcsContextWrapper
instanceKlass com/intellij/openapi/actionSystem/ActionPlaces
instanceKlass com/intellij/ui/navigation/History
instanceKlass com/intellij/openapi/wm/WelcomeScreen
instanceKlass com/intellij/openapi/actionSystem/impl/ActionUpdater$$Lambda$1038
instanceKlass java/lang/invoke/LambdaForm$DMH
instanceKlass com/intellij/openapi/actionSystem/impl/ActionUpdater$$Lambda$1037
instanceKlass com/intellij/openapi/actionSystem/impl/ActionUpdater$$Lambda$1036
instanceKlass com/intellij/util/containers/UnsignedShortArrayList
instanceKlass com/intellij/util/PausesStat
instanceKlass com/intellij/openapi/actionSystem/ex/ActionUtil$ActionPauses
instanceKlass com/intellij/openapi/actionSystem/impl/ActionUpdater$$Lambda$1035
instanceKlass com/intellij/openapi/actionSystem/impl/ActionUpdateEdtExecutor
instanceKlass com/intellij/openapi/actionSystem/impl/ActionUpdater$$Lambda$1034
instanceKlass com/intellij/openapi/progress/impl/CoreProgressManager$$Lambda$1033
instanceKlass com/intellij/openapi/progress/util/ProgressIndicatorUtils$$Lambda$1032
instanceKlass com/intellij/openapi/actionSystem/impl/ActionUpdater$$Lambda$1031
instanceKlass com/intellij/openapi/actionSystem/impl/ActionUpdater$$Lambda$1030
instanceKlass com/intellij/openapi/actionSystem/impl/ActionUpdater$$Lambda$1029
instanceKlass com/intellij/openapi/actionSystem/impl/ActionUpdater$$Lambda$1028
instanceKlass com/intellij/openapi/actionSystem/impl/ActionUpdater$$Lambda$1027
instanceKlass com/intellij/openapi/actionSystem/impl/ActionUpdater$$Lambda$1026
instanceKlass com/intellij/openapi/actionSystem/impl/ActionUpdater$$Lambda$1025
instanceKlass com/intellij/openapi/actionSystem/impl/ActionUpdater$UpdateStrategy
instanceKlass com/intellij/openapi/actionSystem/impl/ActionUpdater
instanceKlass com/intellij/util/ui/update/UiNotifyConnector$1
instanceKlass com/intellij/openapi/actionSystem/impl/ToolbarUpdater$$Lambda$1024
instanceKlass com/intellij/openapi/actionSystem/impl/ToolbarUpdater$MyUpdateRunnable
instanceKlass com/intellij/openapi/actionSystem/impl/ToolbarUpdater$MyTimerListener
instanceKlass com/intellij/openapi/actionSystem/impl/ToolbarUpdater$MyKeymapManagerListener
instanceKlass com/intellij/openapi/actionSystem/impl/ActionToolbarImpl$PopupStateModifier
instanceKlass com/intellij/openapi/actionSystem/impl/ActionToolbarImpl$$Lambda$1023
instanceKlass com/intellij/openapi/actionSystem/impl/ToolbarUpdater
instanceKlass com/intellij/openapi/actionSystem/ex/ActionButtonLook
instanceKlass com/intellij/openapi/keymap/impl/WeakKeymapManagerListener
instanceKlass com/intellij/openapi/wm/impl/ToolWindowsPane$MyLayeredPane$$Lambda$1022
instanceKlass com/intellij/openapi/wm/impl/Stripe$AdaptiveBorder
instanceKlass com/intellij/openapi/wm/impl/Stripe$MyKeymapManagerListener
instanceKlass com/intellij/openapi/wm/impl/Stripe$LayoutData
instanceKlass com/intellij/openapi/ui/NullableComponent$Check
instanceKlass com/intellij/util/ui/update/Activatable$Adapter
instanceKlass com/intellij/openapi/wm/impl/ToolWindowsPane$Resizer$Splitter
instanceKlass com/intellij/openapi/wm/impl/ToolWindowsPane$Resizer
instanceKlass org/jetbrains/plugins/cucumber/CucumberBundle
instanceKlass com/intellij/openapi/wm/impl/commands/FinalizableCommand
instanceKlass com/intellij/ide/navigationToolbar/NavBarPanel$$Lambda$1021
instanceKlass net/miginfocom/swing/MigLayout$2
instanceKlass net/miginfocom/layout/Grid$AboveBelow
instanceKlass com/intellij/openapi/wm/impl/IdeFrameImpl$$Lambda$1020
instanceKlass com/intellij/openapi/wm/impl/IdeFrameImpl$6
instanceKlass com/intellij/openapi/wm/impl/IdeFrameImpl$$Lambda$1019
instanceKlass com/intellij/database/datagrid/GridPositionWidget$2
instanceKlass com/intellij/database/datagrid/GridPositionWidget$1
instanceKlass com/intellij/database/datagrid/GridPositionWidget$Listener
instanceKlass com/intellij/database/datagrid/GridPositionWidget
instanceKlass com/jetbrains/jsonSchema/widget/JsonSchemaStatusWidget$1Listener
instanceKlass com/intellij/util/concurrency/UNINITIALIZED_VALUE
instanceKlass com/jetbrains/jsonSchema/widget/JsonSchemaStatusWidget$$Lambda$1018
instanceKlass com/intellij/util/concurrency/SynchronizedClearableLazy
instanceKlass com/jetbrains/jsonSchema/widget/JsonSchemaStatusWidget$$Lambda$1017
instanceKlass com/intellij/lang/javascript/formatter/PresentableEnumCellRenderer$PresentableEnum
instanceKlass com/intellij/sql/formatter/settings/SqlCodeStyleSettingsDefault
instanceKlass com/intellij/psi/css/codeStyle/CssCombSortOrder
instanceKlass com/intellij/application/options/codeStyle/properties/CodeStylePropertyAccessor
instanceKlass com/intellij/psi/codeStyle/PredefinedCodeStyle
instanceKlass com/intellij/psi/codeStyle/DocCommentSettings
instanceKlass com/intellij/psi/css/CssBundle
instanceKlass com/intellij/ide/script/IdeStartupScripts$$Lambda$1016
instanceKlass com/intellij/ide/extensionResources/ExtensionsRootType$1
instanceKlass com/intellij/openapi/fileEditor/impl/FileEditorManagerImpl$$Lambda$1015
instanceKlass com/intellij/ide/scratch/ScratchFileServiceImpl$2
instanceKlass com/intellij/util/indexing/LightDirectoryIndex$2
instanceKlass com/intellij/sql/psi/SqlFile
instanceKlass com/intellij/util/indexing/LightDirectoryIndex$1
instanceKlass com/intellij/sql/psi/SqlElement
instanceKlass com/intellij/database/util/TreePatternNode$BaseNaming
instanceKlass com/intellij/sql/refactoring/extractFunction/SqlExtractFunctionHelper
instanceKlass com/intellij/sql/refactoring/SqlExtractVariableHelper
instanceKlass com/intellij/sql/refactoring/SqlIntroduceHelper
instanceKlass com/intellij/sql/psi/SqlVisitor
instanceKlass com/intellij/sql/dataFlow/SqlErrorSpecHelper
instanceKlass com/intellij/sql/formatter/settings/SqlCodeStyles
instanceKlass com/intellij/sql/psi/impl/SqlScopeProcessor
instanceKlass com/intellij/psi/scope/PsiScopeProcessor
instanceKlass com/intellij/database/model/DasUserDefinedType
instanceKlass com/intellij/sql/psi/SqlType
instanceKlass com/intellij/database/dialects/DatabaseDialect
instanceKlass com/intellij/sql/formatter/settings/SqlCodeStyleConst
instanceKlass com/intellij/application/options/CodeStyleAbstractPanel
instanceKlass com/intellij/ide/ui/search/ComponentHighligtingListener
instanceKlass com/intellij/psi/codeStyle/CodeStyleGroup
instanceKlass com/intellij/json/formatter/JsonLanguageCodeStyleSettingsProvider$$Lambda$1014
instanceKlass java/util/stream/Nodes$ArrayNode
instanceKlass com/intellij/json/formatter/JsonLanguageCodeStyleSettingsProvider$$Lambda$1013
instanceKlass com/intellij/json/formatter/JsonLanguageCodeStyleSettingsProvider$$Lambda$1012
instanceKlass com/intellij/ui/OptionGroup
instanceKlass com/intellij/psi/codeStyle/CodeStyleSettingsCustomizable
instanceKlass com/intellij/psi/codeStyle/LanguageCodeStyleSettingsProvider$$Lambda$1011
instanceKlass com/intellij/openapi/util/ModificationTrackerListener
instanceKlass com/intellij/application/options/codeStyle/properties/AbstractCodeStylePropertyMapper
instanceKlass org/editorconfig/settings/EditorConfigListener
instanceKlass com/intellij/json/JsonBundle
instanceKlass com/intellij/ui/layout/Cell
instanceKlass com/intellij/application/options/GeneralCodeStyleOptionsProvider
instanceKlass com/intellij/psi/codeStyle/CustomCodeStyleSettings
instanceKlass com/intellij/psi/codeStyle/CodeStyleConfigurable
instanceKlass com/intellij/psi/codeStyle/CodeStyleSettingsProvider
instanceKlass com/intellij/psi/codeStyle/PackageEntry
instanceKlass com/intellij/psi/codeStyle/PackageEntryTable
instanceKlass com/intellij/psi/codeStyle/CodeStyleSettings$TypeToNameMap
instanceKlass com/intellij/psi/codeStyle/CommonCodeStyleSettings$IndentOptions
instanceKlass com/intellij/psi/codeStyle/ExcludedFiles$State
instanceKlass com/intellij/psi/codeStyle/ExcludedFiles
instanceKlass kotlin/collections/EmptyMap
instanceKlass com/intellij/configurationStore/UnknownElementWriter$Companion
instanceKlass com/intellij/configurationStore/UnknownElementWriter
instanceKlass com/intellij/psi/codeStyle/CommonCodeStyleSettingsManager
instanceKlass com/intellij/util/containers/ClassMap
instanceKlass com/intellij/psi/codeStyle/SoftMargins
instanceKlass com/intellij/ide/scratch/ScratchFileServiceImpl$$Lambda$1010
instanceKlass com/intellij/openapi/util/DifferenceFilter
instanceKlass com/intellij/util/indexing/LightDirectoryIndex
instanceKlass com/intellij/psi/codeStyle/arrangement/ArrangementSettings
instanceKlass com/intellij/psi/codeStyle/CommonCodeStyleSettings
instanceKlass com/intellij/ide/scratch/ScratchFileService$ServiceHolder
instanceKlass com/intellij/ide/scratch/ScratchFileService
instanceKlass com/intellij/psi/codeStyle/ImportsLayoutSettings
instanceKlass com/intellij/openapi/util/DefaultJDOMExternalizer$JDOMFilter
instanceKlass com/intellij/openapi/wm/impl/status/EditorBasedStatusBarPopup$WidgetState
instanceKlass com/intellij/psi/codeStyle/modifier/CodeStyleStatusBarUIContributor
instanceKlass com/intellij/psi/codeStyle/CodeStyleSettingsListener
instanceKlass com/intellij/database/datagrid/GridPositionWidget$Provider
instanceKlass com/jetbrains/jsonSchema/widget/JsonSchemaStatusWidgetProvider
instanceKlass com/intellij/psi/codeStyle/statusbar/CodeStyleStatusBarWidgetProvider
instanceKlass com/intellij/openapi/wm/StatusBarWidgetProvider
instanceKlass com/intellij/openapi/wm/impl/status/ToggleReadOnlyAttributePanel$$Lambda$1009
instanceKlass com/intellij/openapi/wm/impl/status/ToggleReadOnlyAttributePanel
instanceKlass com/intellij/openapi/wm/impl/status/ColumnSelectionModePanel$$Lambda$1008
instanceKlass com/intellij/openapi/wm/impl/status/EditorBasedStatusBarPopup$2
instanceKlass com/intellij/openapi/wm/impl/status/EncodingPanel$1
instanceKlass com/intellij/openapi/vfs/encoding/EncodingManagerImpl$$Lambda$1007
instanceKlass com/intellij/openapi/wm/impl/status/EncodingPanel$$Lambda$1006
instanceKlass com/intellij/openapi/wm/impl/status/IdeStatusBarImpl$$Lambda$1005
instanceKlass com/intellij/openapi/wm/impl/status/IdeStatusBarImpl$$Lambda$1004
instanceKlass com/intellij/notification/impl/IdeNotificationArea$2
instanceKlass com/intellij/notification/impl/IdeNotificationArea$$Lambda$1003
instanceKlass com/intellij/openapi/wm/impl/status/PositionPanel$$Lambda$1002
instanceKlass com/intellij/openapi/wm/impl/status/PositionPanel$$Lambda$1001
instanceKlass com/intellij/openapi/wm/StatusBarWidget$IconPresentation
instanceKlass com/intellij/openapi/wm/impl/status/EditorBasedWidget
instanceKlass com/intellij/openapi/wm/StatusBarWidget$TextPresentation
instanceKlass com/intellij/openapi/wm/StatusBar$Info
instanceKlass com/intellij/ide/navigationToolbar/NavBarListener
instanceKlass com/intellij/ide/navigationToolbar/NavBarBorder
instanceKlass com/intellij/ui/ScrollPaneFactory
instanceKlass javax/accessibility/AccessibleRelationSet
instanceKlass javax/accessibility/AccessibleContext$1
instanceKlass sun/awt/AWTAccessor$AccessibleContextAccessor
instanceKlass com/intellij/util/ui/accessibility/AccessibleContextUtil
instanceKlass com/intellij/ui/PopupMenuListenerAdapter
instanceKlass com/intellij/util/containers/ContainerUtil$$Lambda$1000
instanceKlass com/intellij/ide/navigationToolbar/NavBarUpdateQueue$$Lambda$999
instanceKlass com/intellij/ide/navigationToolbar/NavBarUpdateQueue$$Lambda$998
instanceKlass com/intellij/ide/navigationToolbar/NavBarIdeView
instanceKlass com/intellij/ide/navigationToolbar/NavBarModelBuilder
instanceKlass com/intellij/ide/navigationToolbar/NavBarModelListener
instanceKlass com/intellij/openapi/roots/ui/configuration/actions/ModuleDeleteProvider
instanceKlass com/intellij/ide/TitledHandler
instanceKlass com/intellij/ide/navigationToolbar/ui/AbstractNavBarUI
instanceKlass com/intellij/ide/navigationToolbar/ui/NavBarUIManager
instanceKlass com/intellij/ide/CopyPasteSupport
instanceKlass com/intellij/ide/navigationToolbar/ui/NavBarUI
instanceKlass com/intellij/ide/dnd/DnDDragStartBean
instanceKlass com/intellij/ide/dnd/DnDActionInfo
instanceKlass com/intellij/ide/navigationToolbar/NavBarPresentation
instanceKlass com/intellij/ide/navigationToolbar/NavBarModel
instanceKlass com/intellij/ide/IdeView
instanceKlass com/intellij/ide/navigationToolbar/NavBarRootPaneExtension$$Lambda$997
instanceKlass com/intellij/ui/popup/PopupOwner
instanceKlass kotlin/collections/AbstractList$Companion
instanceKlass kotlin/text/MatchResult$Destructured
instanceKlass kotlin/text/MatchResult$DefaultImpls
instanceKlass kotlin/collections/AbstractCollection
instanceKlass kotlin/text/MatchNamedGroupCollection
instanceKlass kotlin/text/MatchGroupCollection
instanceKlass kotlin/text/MatcherMatchResult
instanceKlass kotlin/text/MatchResult
instanceKlass kotlin/text/RegexKt
instanceKlass com/intellij/openapi/wm/impl/FrameTitleBuilder
instanceKlass com/intellij/openapi/wm/impl/customFrameDecorations/header/titleLabel/SelectedEditorFilePath$installListeners$$inlined$let$lambda$1
instanceKlass com/intellij/openapi/wm/impl/ProjectFrameBounds$Companion
instanceKlass com/intellij/ide/script/IdeStartupScripts$1$$Lambda$996
instanceKlass com/intellij/ide/script/IdeStartupScripts$1$$Lambda$995
instanceKlass com/intellij/openapi/file/exclude/EnforcedPlainTextFileTypeManager$$Lambda$994
instanceKlass com/intellij/openapi/wm/impl/SystemDock
instanceKlass com/intellij/platform/ModuleAttachProcessor$Companion
instanceKlass com/intellij/projectImport/ProjectAttachProcessor
instanceKlass com/intellij/util/UriUtil
instanceKlass com/intellij/database/model/ModelTextStorage
instanceKlass com/intellij/database/dataSource/srcStorage/DbSrcUtils
instanceKlass com/intellij/codeInsight/template/impl/TemplateContext$1$1
instanceKlass com/intellij/codeInsight/completion/OffsetKey
instanceKlass com/intellij/codeInsight/template/impl/TemplateManagerImpl$$Lambda$993
instanceKlass com/intellij/codeInsight/template/TemplateManagerListener
instanceKlass com/google/common/hash/HashCode
instanceKlass com/google/common/hash/AbstractHasher
instanceKlass com/intellij/codeInsight/template/impl/Variable
instanceKlass java/util/prefs/Base64
instanceKlass com/intellij/codeInsight/template/impl/TemplateContext
instanceKlass com/intellij/internal/statistic/DeviceIdManager
instanceKlass com/intellij/internal/statistic/eventLog/EventLogConfiguration
instanceKlass com/intellij/openapi/options/CompoundScheme
instanceKlass com/intellij/internal/statistic/utils/StatisticsUtilKt$safeToReportPluginIds$1
instanceKlass com/intellij/openapi/util/TimeoutCachedValue
instanceKlass com/intellij/internal/statistic/utils/StatisticsUtilKt
instanceKlass com/intellij/openapi/application/TransactionGuardImpl$$Lambda$992
instanceKlass java/util/stream/MatchOps$$Lambda$991
instanceKlass com/intellij/openapi/project/impl/ProjectManagerImpl$$Lambda$988
instanceKlass java/util/stream/MatchOps$BooleanTerminalSink
instanceKlass java/util/stream/MatchOps$MatchOp
instanceKlass org/jetbrains/vuejs/liveTemplate/VueTemplatesProvider
instanceKlass java/util/stream/MatchOps
instanceKlass com/intellij/sh/template/ShTemplateProvider
instanceKlass com/intellij/openapi/wm/impl/status/InfoAndProgressPanel$$Lambda$990
instanceKlass com/intellij/openapi/wm/impl/status/InfoAndProgressPanel$$Lambda$989
instanceKlass com/intellij/openapi/project/impl/ProjectManagerImpl$$Lambda$987
instanceKlass com/jetbrains/twig/liveTemplates/TwigLiveTemplatesProvider
instanceKlass com/intellij/openapi/project/DumbServiceImpl$$Lambda$985
instanceKlass com/jetbrains/php/lang/liveTemplates/PhpDefaultLiveTemplatesProvider
instanceKlass com/intellij/ws/http/request/liveTemplates/HttpRequestDefaultLiveTemplatesProvider
instanceKlass org/angularjs/AngularJSTemplatesProvider
instanceKlass com/intellij/openapi/project/impl/ProjectManagerImpl$$Lambda$986
instanceKlass com/intellij/lang/javascript/JSDefaultLiveTemplateProvider
instanceKlass com/intellij/util/ui/Animator$1
instanceKlass com/intellij/javascript/testing/JsTestLiveTemplateProvider
instanceKlass com/intellij/openapi/progress/util/AbstractProgressIndicatorExBase$$Lambda$984
instanceKlass com/intellij/openapi/progress/util/ProgressIndicatorListenerAdapter
instanceKlass com/intellij/openapi/progress/util/ProgressIndicatorListener
instanceKlass com/intellij/openapi/roots/ModuleJdkOrderEntry
instanceKlass com/intellij/openapi/progress/impl/ProgressSuspender$$Lambda$983
instanceKlass com/intellij/openapi/roots/ModuleRootModificationUtil$$Lambda$982
instanceKlass com/intellij/openapi/progress/impl/CoreProgressManager$IndicatorDisposable
instanceKlass com/intellij/openapi/wm/impl/status/InfoAndProgressPanel$$Lambda$981
instanceKlass com/intellij/psi/PsiDirectory
instanceKlass com/intellij/ui/BalloonImpl$5
instanceKlass com/intellij/openapi/ui/popup/LightweightWindowEvent
instanceKlass com/intellij/psi/impl/PsiCachedValue$$Lambda$980
instanceKlass com/intellij/psi/util/CachedValueProfiler
instanceKlass com/intellij/ide/ui/ScreenAreaTracker
instanceKlass com/intellij/javascript/nodejs/library/NodeModulesDirectoryManager$$Lambda$979
instanceKlass com/intellij/util/CachedValueBase$$Lambda$978
instanceKlass com/intellij/icons/AllIcons$Ide$Notification
instanceKlass com/intellij/javascript/nodejs/library/NodeModulesDirectoryManager$$Lambda$977
instanceKlass com/intellij/javascript/nodejs/packageJson/PackageJsonFileManager$$Lambda$976
instanceKlass com/intellij/sql/SqlLiveTemplateProvider
instanceKlass java/awt/GridBagLayoutInfo
instanceKlass com/intellij/ui/BalloonImpl$7
instanceKlass com/intellij/ui/BalloonImpl$$Lambda$975
instanceKlass com/intellij/ui/BalloonImpl$11
instanceKlass com/intellij/openapi/wm/impl/status/InfoAndProgressPanel$1MyListener
instanceKlass com/intellij/ui/popup/BalloonPopupBuilderImpl$1
instanceKlass com/intellij/ui/BalloonImpl$1
instanceKlass com/intellij/ui/BalloonImpl$AbstractPosition
instanceKlass com/intellij/psi/css/CssDefaultLiveTemplatesProvider
instanceKlass com/intellij/ui/ComponentWithMnemonics
instanceKlass org/intellij/plugins/xpathView/search/SearchScope
instanceKlass com/intellij/ui/BalloonImpl
instanceKlass org/intellij/plugins/xpathView/Config
instanceKlass com/intellij/ui/popup/BalloonPopupBuilderImpl
instanceKlass com/intellij/openapi/wm/impl/status/PresentationModeProgressPanel$$Lambda$974
instanceKlass com/intellij/openapi/wm/impl/status/PresentationModeProgressPanel
instanceKlass javax/swing/plaf/basic/BasicProgressBarUI$Animator
instanceKlass com/intellij/openapi/wm/impl/status/InlineProgressIndicator$$Lambda$973
instanceKlass com/intellij/util/ui/AbstractLayoutManager
instanceKlass com/intellij/openapi/wm/impl/status/InlineProgressIndicator$$Lambda$972
instanceKlass org/intellij/plugins/xpathView/XPathAppComponent
instanceKlass com/intellij/openapi/wm/impl/status/InfoAndProgressPanel$MyInlineProgressIndicator$$Lambda$971
instanceKlass com/intellij/openapi/wm/impl/status/InlineProgressIndicator$$Lambda$970
instanceKlass gnu/trove/TIntDoubleProcedure
instanceKlass java/awt/GridBagConstraints
instanceKlass java/awt/GridBagLayout
instanceKlass com/intellij/util/containers/JBIterable$$Lambda$969
instanceKlass com/intellij/openapi/wm/impl/status/InlineProgressIndicator$$Lambda$968
instanceKlass com/intellij/openapi/wm/impl/status/InlineProgressIndicator$$Lambda$967
instanceKlass com/intellij/codeInsight/template/XmlDefaultLiveTemplatesProvider
instanceKlass com/intellij/openapi/wm/impl/status/InlineProgressIndicator$1
instanceKlass com/intellij/openapi/wm/impl/status/InfoAndProgressPanel$MyInlineProgressIndicator$$Lambda$966
instanceKlass com/intellij/openapi/wm/impl/status/ProgressButton
instanceKlass com/intellij/codeInsight/template/impl/DefaultLiveTemplatesProvider
instanceKlass com/intellij/util/ui/CenteredIcon
instanceKlass com/intellij/codeInsight/template/impl/TemplateSettings$State
instanceKlass com/intellij/openapi/wm/impl/status/InfoAndProgressPanel$MyInlineProgressIndicator$$Lambda$965
instanceKlass com/intellij/codeInsight/template/Template
instanceKlass com/intellij/openapi/roots/ModuleRootModificationUtil$$Lambda$964
instanceKlass com/intellij/openapi/roots/ModuleRootModificationUtil$$Lambda$963
instanceKlass com/intellij/ide/ui/search/PorterStemmerUtil
instanceKlass com/intellij/openapi/roots/ModuleRootModificationUtil
instanceKlass com/intellij/platform/PlatformProjectOpenProcessor$$Lambda$962
instanceKlass org/angular2/cli/AngularCliUtil
instanceKlass org/angular2/cli/AngularJSProjectConfigurator
instanceKlass com/intellij/openapi/project/DumbServiceImpl$$Lambda$961
instanceKlass com/intellij/util/ConcurrencyUtil$$Lambda$960
instanceKlass com/intellij/psi/impl/PsiManagerImpl$5
instanceKlass com/intellij/lang/typescript/tsconfig/graph/TypeScriptConfigGraphCache$$Lambda$959
instanceKlass com/intellij/lang/typescript/tsconfig/graph/TypeScriptConfigGraphCache$2
instanceKlass com/intellij/lang/typescript/tsconfig/graph/TypeScriptConfigGraphCache$1
instanceKlass com/intellij/ide/ui/search/SearchableOptionContributor
instanceKlass com/intellij/lang/typescript/tsconfig/graph/JSPsiTreeChangeListener
instanceKlass com/jetbrains/php/lang/psi/elements/impl/VariableImpl$$Lambda$958
instanceKlass com/intellij/psi/impl/source/resolve/ResolveCache$PolyVariantResolver
instanceKlass com/intellij/psi/impl/source/resolve/ResolveCache$AbstractResolver
instanceKlass java/lang/invoke/LambdaForm$DMH
instanceKlass com/intellij/psi/ResolveResult
instanceKlass com/intellij/model/SymbolResolveResult
instanceKlass com/intellij/util/ResourceUtil
instanceKlass java/util/regex/Pattern$CharPredicate$$Lambda$957
instanceKlass com/jetbrains/php/lang/lexer/PhpTokenTypes
instanceKlass com/jetbrains/php/lang/documentation/phpdoc/lexer/PhpDocTokenTypes
instanceKlass com/intellij/ide/ui/search/IndexedCharsInterner
instanceKlass com/jetbrains/php/lang/psi/elements/impl/VariableImpl$OffsetComparator
instanceKlass com/intellij/psi/PsiReference$$Lambda$956
instanceKlass com/intellij/psi/impl/ElementBase$$Lambda$955
instanceKlass com/intellij/psi/impl/ElementBase$ElementIconRequest
instanceKlass com/intellij/ide/ui/search/SearchableOptionsRegistrar
instanceKlass com/jetbrains/php/lang/psi/stubs/PhpNamedStub
instanceKlass com/intellij/codeInsight/completion/InsertHandler
instanceKlass com/jetbrains/php/lang/psi/stubs/PhpTypedStub
instanceKlass com/intellij/psi/impl/source/SubstrateRef
instanceKlass com/jetbrains/php/lang/psi/elements/Variable
instanceKlass com/jetbrains/php/lang/psi/elements/RWAccess
instanceKlass com/intellij/psi/PsiElement$$Lambda$954
instanceKlass com/intellij/psi/util/PsiUtilCore$NullPsiElement
instanceKlass com/intellij/psi/util/PsiUtilCore
instanceKlass com/intellij/psi/impl/file/impl/FileManagerImpl$$Lambda$953
instanceKlass com/intellij/psi/impl/DebugUtil
instanceKlass com/intellij/psi/impl/file/impl/FileManagerImpl$$Lambda$952
instanceKlass com/intellij/psi/impl/PsiModificationTrackerImpl$1$$Lambda$951
instanceKlass com/intellij/openapi/project/DumbServiceImpl$$Lambda$950
instanceKlass com/intellij/openapi/project/DumbServiceImpl$$Lambda$949
instanceKlass com/intellij/openapi/project/DumbServiceImpl$$Lambda$948
instanceKlass com/intellij/openapi/project/DumbServiceImpl$1
instanceKlass com/intellij/ide/file/BatchFileChangeListener
instanceKlass com/intellij/openapi/roots/impl/PushedFilePropertiesUpdaterImpl$4
instanceKlass com/intellij/openapi/roots/impl/PushedFilePropertiesUpdaterImpl$$Lambda$947
instanceKlass com/intellij/openapi/roots/impl/PushedFilePropertiesUpdaterImpl$$Lambda$946
instanceKlass com/intellij/lang/javascript/library/JSLibraryMappings$$Lambda$945
instanceKlass com/intellij/lang/javascript/settings/JSRootConfigurationBase$$Lambda$944
instanceKlass com/intellij/lang/javascript/buildTools/npm/PackageJsonUtil
instanceKlass com/intellij/javascript/JSLanguageLevelGuesser
instanceKlass com/intellij/lang/javascript/linter/JSLinterGuesser$$Lambda$943
instanceKlass com/intellij/lang/javascript/linter/JSLinterUtil
instanceKlass com/intellij/lang/javascript/linter/JSLinterGuesser
instanceKlass com/intellij/openapi/vfs/impl/local/NativeFileWatcherImpl$2
instanceKlass com/intellij/platform/PlatformProjectViewOpener$MyListener
instanceKlass com/intellij/platform/PlatformProjectViewOpener
instanceKlass com/intellij/concurrency/IdeaForkJoinWorkerThreadFactory$$Lambda$942
instanceKlass com/intellij/openapi/vfs/impl/VirtualFilePointerManagerImpl$DelegatingDisposable$$Lambda$941
instanceKlass com/intellij/util/containers/DisposableWrapperList$$Lambda$940
instanceKlass com/intellij/openapi/roots/impl/LibraryOrderEntryBaseImpl$$Lambda$939
instanceKlass com/intellij/openapi/roots/impl/ProjectRootManagerImpl$$Lambda$938
instanceKlass com/intellij/openapi/roots/impl/InheritedJdkOrderEntryImpl$MyJdkTableListener
instanceKlass com/intellij/openapi/roots/impl/InheritedJdkOrderEntryImpl$MyProjectJdkListener
instanceKlass com/intellij/openapi/roots/InheritedJdkOrderEntry
instanceKlass com/intellij/openapi/roots/impl/ContentEntryImpl$ContentFolderComparator
instanceKlass com/intellij/openapi/roots/SourceFolder
instanceKlass com/intellij/openapi/roots/ExcludeFolder
instanceKlass com/intellij/openapi/roots/ContentFolder
instanceKlass com/intellij/openapi/roots/impl/ClonableContentEntry
instanceKlass com/intellij/openapi/vfs/impl/local/CanonicalPathMap$$Lambda$937
instanceKlass java/util/stream/Streams$2
instanceKlass com/intellij/openapi/roots/impl/RootModelImpl$$Lambda$936
instanceKlass java/util/stream/Streams$ConcatSpliterator
instanceKlass com/intellij/openapi/vfs/impl/local/FileWatcher$$Lambda$935
instanceKlass com/intellij/openapi/vfs/impl/local/LocalFileSystemImpl$$Lambda$934
instanceKlass com/intellij/openapi/vfs/impl/local/LocalFileSystemImpl$TreeNode
instanceKlass com/intellij/openapi/vfs/impl/local/LocalFileSystemImpl$WatchRequestImpl
instanceKlass com/intellij/openapi/vfs/LocalFileSystem$WatchRequest
instanceKlass com/intellij/openapi/roots/impl/OrderEnumeratorBase$ProcessEntryAction
instanceKlass com/intellij/openapi/roots/JdkOrderEntry
instanceKlass com/intellij/openapi/roots/OrderEnumerationHandler$Factory
instanceKlass com/intellij/openapi/roots/OrderEnumerationHandler
instanceKlass com/intellij/openapi/roots/impl/OrderEnumeratorBase$$Lambda$933
instanceKlass com/intellij/openapi/roots/impl/ProjectRootManagerComponent$$Lambda$932
instanceKlass com/intellij/openapi/roots/OrderRootsEnumerator
instanceKlass com/intellij/lang/typescript/settings/exclude/TypeScriptGeneratedFilesExcludePolicy$$Lambda$931
instanceKlass com/intellij/openapi/util/RecursionManager$MyKey
instanceKlass com/intellij/javascript/nodejs/library/NodeModulesExcludePolicy$$Lambda$930
instanceKlass com/intellij/javascript/nodejs/NodeModuleSearchUtil$$Lambda$929
instanceKlass com/intellij/javascript/nodejs/NodeModuleSearchUtil
instanceKlass com/intellij/lang/javascript/buildTools/webpack/WebPackConfigCache$scheduleUpdate$1
instanceKlass com/intellij/lang/javascript/buildTools/webpack/StampedConfig
instanceKlass com/intellij/lang/javascript/buildTools/webpack/WebPackOutput
instanceKlass com/intellij/lang/javascript/buildTools/webpack/WebPackResolve$roots$2
instanceKlass com/intellij/lang/javascript/buildTools/webpack/WebPackResolve
instanceKlass com/intellij/lang/javascript/buildTools/webpack/WebPackConfig
instanceKlass com/intellij/lang/javascript/buildTools/webpack/WebPackNotifier$Companion
instanceKlass com/intellij/lang/javascript/buildTools/webpack/WebPackNotifier
instanceKlass com/intellij/lang/javascript/buildTools/webpack/WebPackExecutor$Companion
instanceKlass com/intellij/lang/javascript/buildTools/webpack/WebPackExecutor
instanceKlass com/intellij/lang/javascript/buildTools/webpack/WebPackConfigCache$Companion
instanceKlass com/intellij/util/LazyKt
instanceKlass com/intellij/lang/javascript/buildTools/webpack/WebPackConfiguration
instanceKlass com/intellij/lang/javascript/buildTools/webpack/WebPackConfigManager$Companion
instanceKlass com/intellij/lang/typescript/settings/exclude/TypeScriptGeneratedFilesExcludePolicy
instanceKlass com/intellij/javascript/nodejs/library/NodeModulesExcludePolicy
instanceKlass com/intellij/util/text/SemVer
instanceKlass com/intellij/lang/javascript/buildTools/webpack/WebPackExcludePolicy
instanceKlass com/intellij/openapi/roots/impl/DirectoryIndexExcludePolicy
instanceKlass com/intellij/openapi/roots/impl/ProjectRootManagerComponent$$Lambda$928
instanceKlass com/intellij/openapi/vfs/impl/VirtualFilePointerContainerImpl$$Lambda$927
instanceKlass com/intellij/openapi/roots/impl/ProjectRootManagerComponent$$Lambda$926
instanceKlass com/intellij/openapi/vfs/impl/VirtualFilePointerManagerImpl$3
instanceKlass com/intellij/openapi/util/Trinity
instanceKlass com/intellij/openapi/roots/impl/ProjectRootManagerComponent$$Lambda$925
instanceKlass com/intellij/codeInsight/intention/impl/BaseIntentionAction
instanceKlass com/intellij/openapi/roots/WatchedRootsProvider
instanceKlass com/intellij/webcore/libraries/ScriptingLibraryUtil
instanceKlass com/intellij/lang/javascript/dialects/JSLanguageLevel$1
instanceKlass com/intellij/lang/javascript/settings/JSRootConfigurationBase$State
instanceKlass java/util/stream/Collectors$$Lambda$924
instanceKlass java/util/stream/Collectors$$Lambda$923
instanceKlass com/intellij/lang/javascript/library/JSPredefinedLibraryProvider$$Lambda$922
instanceKlass com/intellij/lang/javascript/library/JSPredefinedLibraryProvider$$Lambda$921
instanceKlass com/intellij/openapi/vfs/impl/jar/BasicJarHandler$ZipResourceHandle$$Lambda$920
instanceKlass com/intellij/openapi/vfs/impl/ArchiveHandler$EntryInfo
instanceKlass com/intellij/lang/typescript/settings/exclude/TypeScriptExcludeManager$State
instanceKlass com/intellij/javascript/nodejs/library/NodeModulesPredefinedLibraryProvider$$Lambda$919
instanceKlass com/intellij/javascript/nodejs/library/NodeModulesLibrariesSnapshot$$Lambda$918
instanceKlass com/intellij/javascript/nodejs/library/NodeModulesLibrariesSnapshot$$Lambda$917
instanceKlass com/intellij/javascript/nodejs/library/NodeModulesLibrariesSnapshot$$Lambda$916
instanceKlass com/intellij/javascript/nodejs/library/NodeModulesLibraryDirectory
instanceKlass com/intellij/javascript/nodejs/library/NodeModulesLibrariesSnapshot$Workspace
instanceKlass com/intellij/javascript/nodejs/library/NodeModulesLibrariesSnapshot$$Lambda$915
instanceKlass com/intellij/openapi/application/ReadAction$$Lambda$914
instanceKlass com/intellij/javascript/nodejs/library/NodeModulesLibrariesSnapshot$$Lambda$913
instanceKlass com/intellij/javascript/nodejs/library/NodeModulesLibrariesSnapshot
instanceKlass com/intellij/javascript/nodejs/library/NodeModulesDirectoryManager$$Lambda$912
instanceKlass com/intellij/javascript/nodejs/library/NodeModulesPackageJsonListener
instanceKlass com/intellij/javascript/nodejs/library/NodeModulesDirectoryManager$PackageJsonListener
instanceKlass com/intellij/javascript/nodejs/library/NodeModulesDirectoryManager$1
instanceKlass com/intellij/javascript/nodejs/library/NodeModulesDirectoryManager$$Lambda$911
instanceKlass com/intellij/javascript/nodejs/library/NodeModulesDirectoryManager$$Lambda$910
instanceKlass com/intellij/javascript/nodejs/library/NodeModulesDirectoryManager$$Lambda$909
instanceKlass com/intellij/psi/util/ParameterizedCachedValue
instanceKlass com/intellij/javascript/nodejs/library/NodeModulesDirectoryManager$$Lambda$908
instanceKlass com/intellij/javascript/nodejs/library/NodeModulesRequestMerger
instanceKlass com/intellij/javascript/nodejs/packageJson/PackageJsonUpdateNotifier$1
instanceKlass com/intellij/javascript/nodejs/packageJson/PackageJsonFileManager$State
instanceKlass com/intellij/javascript/nodejs/packageJson/PackageJsonDependenciesExternalUpdateListener
instanceKlass com/intellij/webcore/libraries/ScriptingLibraryModel$$Lambda$907
instanceKlass com/intellij/openapi/vfs/impl/LightFilePointer
instanceKlass com/intellij/lang/javascript/library/JSLibraryUtil
instanceKlass org/angular2/editor/Angular2Injector$$Lambda$906
instanceKlass org/angular2/editor/Angular2Injector
instanceKlass com/intellij/lang/javascript/library/JSCorePredefinedLibrariesProvider$$Lambda$905
instanceKlass com/intellij/lang/javascript/library/JSPredefinedLibraryProvider
instanceKlass com/intellij/lang/javascript/library/JSPredefinedLibrariesData
instanceKlass com/intellij/webcore/libraries/ScriptingLibraryManager$$Lambda$904
instanceKlass com/intellij/webcore/libraries/ScriptingLibraryTable
instanceKlass com/intellij/webcore/libraries/ScriptingLibraryMappings$1
instanceKlass com/intellij/openapi/roots/impl/libraries/LibraryTableBase$LibraryModel
instanceKlass com/intellij/openapi/roots/libraries/Library
instanceKlass com/intellij/openapi/roots/libraries/LibraryTablesRegistrar
instanceKlass com/intellij/webcore/libraries/ScriptingLibraryMappings$MyLibraryTableListener
instanceKlass com/intellij/lang/javascript/JSInjectionBracesUtil$$Lambda$903
instanceKlass com/intellij/lang/PerFileMappingsBase$1
instanceKlass com/intellij/lang/javascript/JSInjectionBracesUtil
instanceKlass org/angularjs/editor/AngularJSInjector$$Lambda$902
instanceKlass com/intellij/webcore/libraries/ScriptingLibraryModel
instanceKlass org/angularjs/editor/AngularJSInjector
instanceKlass com/intellij/lang/injection/MultiHostInjector
instanceKlass com/intellij/lang/javascript/JSInjectionBracesUtil$InterpolationBracesCompleter
instanceKlass com/intellij/psi/search/scope/packageSet/PackageSetBase
instanceKlass com/intellij/lang/javascript/library/JSSyntheticLibraryProvider
instanceKlass com/intellij/lang/javascript/library/download/TypeScriptDefinitionFilesRootsProvider$LibraryCreator
instanceKlass com/intellij/pom/NavigatableWithText
instanceKlass com/intellij/openapi/roots/SyntheticLibrary
instanceKlass com/intellij/openapi/roots/AdditionalLibraryRootsProvider
instanceKlass com/intellij/lang/javascript/dialects/JSLanguageLevelPusher$$Lambda$901
instanceKlass com/intellij/javascript/nodejs/library/JSDetectingFilePropertyPusher
instanceKlass com/intellij/lang/javascript/dialects/JSLanguageLevelPusher
instanceKlass com/intellij/sql/psi/SqlDialectPusher
instanceKlass com/intellij/lang/css/CssDialectPusher
instanceKlass com/intellij/psi/templateLanguages/TemplateDataLanguagePusher
instanceKlass com/intellij/openapi/roots/impl/FilePropertyPusher
instanceKlass com/intellij/util/ui/update/ComparableObjectCheck
instanceKlass com/intellij/util/ui/update/MergingUpdateQueue$$Lambda$900
instanceKlass com/intellij/util/ui/update/MergingUpdateQueue$$Lambda$899
instanceKlass com/intellij/psi/PsiBundle
instanceKlass com/intellij/psi/search/SearchScopeEnlarger
instanceKlass com/intellij/psi/search/ProjectScope$$Lambda$898
instanceKlass com/intellij/psi/search/ProjectScope$$Lambda$897
instanceKlass com/intellij/psi/search/ProjectScope$$Lambda$896
instanceKlass com/intellij/psi/search/ProjectScope$$Lambda$895
instanceKlass com/intellij/psi/search/ProjectScope$$Lambda$894
instanceKlass com/intellij/psi/search/ProjectScope
instanceKlass com/intellij/openapi/roots/impl/LibraryScopeCache$$Lambda$893
instanceKlass com/intellij/openapi/roots/impl/LibraryScopeCache$$Lambda$892
instanceKlass com/intellij/openapi/roots/impl/LibraryScopeCache$1
instanceKlass com/intellij/openapi/module/impl/ModuleManagerImpl$$Lambda$891
instanceKlass com/intellij/openapi/vcs/impl/projectlevelman/NewMappings$$Lambda$890
instanceKlass com/intellij/openapi/module/impl/ModuleManagerImpl$$Lambda$889
instanceKlass java/lang/invoke/LambdaForm$DMH
instanceKlass com/intellij/openapi/roots/impl/ModifiableModelCommitter$$Lambda$888
instanceKlass com/intellij/openapi/roots/impl/ModifiableModelCommitter
instanceKlass com/intellij/facet/impl/FacetTypeRegistryImpl$$Lambda$887
instanceKlass com/intellij/facet/FacetTypeRegistry
instanceKlass com/intellij/facet/impl/FacetModelBase
instanceKlass org/jetbrains/jps/model/serialization/facet/FacetManagerState
instanceKlass com/intellij/facet/FacetFromExternalSourcesStorage
instanceKlass com/intellij/lang/javascript/JSDocTokenTypes
instanceKlass com/intellij/openapi/roots/impl/storage/ClassPathStorageUtil
instanceKlass com/intellij/openapi/roots/impl/ModuleRootManagerImpl$ModuleRootManagerState
instanceKlass com/intellij/openapi/roots/impl/RootConfigurationAccessor
instanceKlass com/intellij/openapi/roots/impl/ModuleLibraryTable$OrderEntryToLibraryConvertor
instanceKlass com/intellij/lang/javascript/psi/stubs/JSEmbeddedContentStub
instanceKlass com/intellij/openapi/roots/impl/ModuleLibraryTable$ModuleLibraryOrderEntryCondition
instanceKlass com/intellij/openapi/roots/libraries/LibraryTablePresentation
instanceKlass com/intellij/lang/javascript/psi/JSDestructuringProperty
instanceKlass com/intellij/openapi/roots/impl/ModuleLibraryTable
instanceKlass com/intellij/openapi/roots/libraries/LibraryTable$ModifiableModel
instanceKlass com/intellij/lang/javascript/psi/ecma6/JSComputedPropertyNameOwner
instanceKlass com/intellij/openapi/roots/impl/RootModelComponentBase
instanceKlass com/intellij/lang/javascript/psi/JSDestructuringArray
instanceKlass com/intellij/openapi/roots/impl/ClonableOrderEntry
instanceKlass com/intellij/lang/javascript/psi/JSDestructuringContainer
instanceKlass com/intellij/openapi/roots/impl/WritableOrderEntry
instanceKlass com/intellij/openapi/roots/ModuleSourceOrderEntry
instanceKlass com/intellij/openapi/CompositeDisposable
instanceKlass com/intellij/lang/javascript/psi/stubs/JSReturnStatementStub
instanceKlass com/intellij/openapi/roots/impl/RootModelImpl$$Lambda$886
instanceKlass com/intellij/openapi/roots/ModuleExtension
instanceKlass com/intellij/lang/javascript/psi/stubs/JSAssignmentExpressionStub
instanceKlass com/intellij/lang/javascript/psi/stubs/JSObjectLiteralExpressionStub
instanceKlass com/intellij/lang/javascript/psi/stubs/JSNewExpressionStub
instanceKlass com/intellij/openapi/roots/impl/RootModelImpl$ContentComparator
instanceKlass com/intellij/lang/javascript/psi/stubs/JSCallExpressionStub
instanceKlass com/intellij/openapi/roots/ModuleOrderEntry
instanceKlass com/intellij/openapi/roots/LibraryOrderEntry
instanceKlass com/intellij/lang/javascript/psi/stubs/JSDocCommentStub
instanceKlass com/intellij/openapi/roots/ExportableOrderEntry
instanceKlass com/intellij/openapi/roots/LibraryOrSdkOrderEntry
instanceKlass com/intellij/lang/javascript/psi/stubs/JSLiteralExpressionStub
instanceKlass com/intellij/openapi/roots/OrderEntry
instanceKlass com/intellij/lang/javascript/psi/stubs/JSDefinitionExpressionStub
instanceKlass com/intellij/openapi/roots/ContentEntry
instanceKlass com/intellij/openapi/roots/Synthetic
instanceKlass com/intellij/lang/javascript/psi/stubs/JSPropertyStub
instanceKlass com/intellij/openapi/roots/RootPolicy
instanceKlass com/intellij/lang/javascript/psi/stubs/JSVarStatementStub
instanceKlass com/intellij/lang/javascript/psi/stubs/ES6DecoratorStub
instanceKlass com/intellij/openapi/roots/impl/RootModelBase
instanceKlass com/intellij/lang/javascript/psi/stubs/JSImplicitElementProviderStub
instanceKlass com/intellij/lang/ecmascript6/psi/stubs/ES6FunctionPropertyStub
instanceKlass com/intellij/lang/javascript/psi/stubs/JSFunctionPropertyStub
instanceKlass com/intellij/configurationStore/ModuleStoreImplKt
instanceKlass com/intellij/openapi/module/impl/ModuleImpl$DeprecatedModuleOptionManager$State
instanceKlass com/intellij/lang/javascript/psi/JSFunctionExpression
instanceKlass com/intellij/openapi/module/ModuleServiceManager
instanceKlass com/intellij/lang/javascript/psi/stubs/TypeScriptFunctionExpressionStub
instanceKlass com/intellij/openapi/components/impl/stores/ModuleStore
instanceKlass com/intellij/lang/javascript/psi/stubs/JSFunctionExpressionStub
instanceKlass com/intellij/lang/javascript/psi/stubs/TypeScriptFunctionStub
instanceKlass com/intellij/facet/ModifiableFacetModel
instanceKlass com/intellij/lang/javascript/psi/stubs/TypeScriptFunctionSignatureStub
instanceKlass com/intellij/openapi/module/ConfigurationErrorDescription
instanceKlass com/intellij/lang/javascript/psi/stubs/TypeScriptCallSignatureStub
instanceKlass com/intellij/lang/javascript/psi/stubs/TypeScriptModuleStub
instanceKlass com/intellij/facet/FacetType
instanceKlass com/intellij/facet/FacetConfiguration
instanceKlass com/intellij/lang/javascript/psi/stubs/TypeScriptTypeAliasStub
instanceKlass com/intellij/lang/javascript/psi/stubs/TypeScriptEnumStub
instanceKlass com/intellij/openapi/module/ModuleComponent
instanceKlass com/intellij/lang/javascript/psi/stubs/TypeScriptInterfaceStub
instanceKlass com/intellij/lang/javascript/psi/stubs/TypeScriptClassStub
instanceKlass com/intellij/lang/javascript/psi/stubs/JSNamespaceDeclarationStub
instanceKlass com/intellij/openapi/roots/ModifiableRootModel
instanceKlass com/intellij/lang/javascript/psi/stubs/JSIncludeDirectiveStub
instanceKlass com/intellij/lang/javascript/psi/stubs/JSUseNamespaceDirectiveStub
instanceKlass com/intellij/lang/ecmascript6/psi/stubs/ES6ReferenceListStub
instanceKlass com/intellij/lang/javascript/psi/stubs/JSReferenceListMemberStub
instanceKlass com/intellij/openapi/roots/ModuleRootManager
instanceKlass com/intellij/lang/javascript/psi/stubs/JSReferenceListStub
instanceKlass com/intellij/openapi/module/impl/ModuleManagerImpl$ModuleModelImpl$$Lambda$885
instanceKlass com/intellij/lang/javascript/psi/stubs/JSClassStub
instanceKlass com/intellij/openapi/vfs/impl/VirtualFilePointerManagerImpl$DelegatingDisposable
instanceKlass com/intellij/lang/javascript/psi/stubs/JSImportStatementStub
instanceKlass com/intellij/lang/javascript/psi/stubs/JSPackageStatementStub
instanceKlass com/intellij/openapi/vfs/impl/FilePointerPartNode
instanceKlass com/intellij/lang/javascript/psi/stubs/JSAttributeListStub
instanceKlass com/intellij/lang/javascript/psi/stubs/JSAttributeNameValuePairStub
instanceKlass com/intellij/lang/javascript/psi/stubs/JSAttributeStub
instanceKlass com/intellij/lang/javascript/psi/stubs/JSVariableStub
instanceKlass com/intellij/lang/javascript/psi/stubs/JSParameterStub
instanceKlass com/intellij/lang/javascript/psi/stubs/JSVariableStubBase
instanceKlass com/intellij/openapi/module/impl/scopes/ModuleScopeProviderImpl
instanceKlass com/intellij/lang/javascript/psi/stubs/JSTypeOwnerStub
instanceKlass com/intellij/lang/javascript/psi/stubs/JSParameterListStub
instanceKlass com/intellij/openapi/module/impl/ModulePathKt
instanceKlass com/intellij/lang/javascript/psi/stubs/JSFunctionStub
instanceKlass com/intellij/lang/javascript/psi/stubs/JSFunctionStubBase
instanceKlass com/intellij/openapi/module/impl/ModuleScopeProvider
instanceKlass com/intellij/lang/javascript/psi/stubs/JSQualifiedStub
instanceKlass com/intellij/lang/javascript/psi/stubs/JSStubElement
instanceKlass com/intellij/embedding/EmbeddingElementType
instanceKlass com/intellij/platform/PlatformProjectConfigurator$$Lambda$884
instanceKlass com/intellij/ide/util/frameworkSupport/FrameworkRole
instanceKlass com/intellij/openapi/module/ModuleTypeManager
instanceKlass com/intellij/platform/PlatformProjectConfigurator
instanceKlass com/intellij/platform/DirectoryProjectConfigurator
instanceKlass com/intellij/openapi/application/impl/LaterInvocator$1
instanceKlass com/intellij/platform/PlatformProjectOpenProcessor$$Lambda$883
instanceKlass com/intellij/lang/javascript/JSStubElementTypes
instanceKlass com/intellij/lang/javascript/BaseJSTokenTypes
instanceKlass com/intellij/execution/RunManagerListener
instanceKlass com/intellij/lang/javascript/types/PsiGenerator
instanceKlass com/intellij/lang/javascript/JSTokenTypes
instanceKlass com/intellij/execution/impl/RunManagerImpl$1
instanceKlass com/intellij/configurationStore/SchemeContentChangedHandler
instanceKlass com/intellij/execution/impl/TemplateDifferenceHelper
instanceKlass com/intellij/execution/impl/RunManagerImpl$workspaceSchemeManagerProvider$1
instanceKlass com/intellij/execution/impl/TimedIconCache
instanceKlass com/intellij/execution/impl/RunConfigurationListManagerHelper
instanceKlass com/intellij/execution/impl/RunManagerImpl$idToType$1
instanceKlass com/intellij/execution/impl/RunManagerImpl$Companion
instanceKlass com/intellij/execution/RunManager$Companion
instanceKlass com/intellij/execution/RunManagerKt
instanceKlass com/intellij/openapi/fileEditor/impl/EditorsSplitters$1
instanceKlass com/intellij/ui/docking/impl/DockManagerImpl$2
instanceKlass com/intellij/openapi/fileEditor/impl/DockableEditorTabbedContainer
instanceKlass com/intellij/ui/docking/DockContainer$Persistent
instanceKlass com/intellij/codeInsight/editorActions/TypedHandlerDelegate
instanceKlass com/intellij/openapi/fileEditor/impl/text/FileDropHandler
instanceKlass com/intellij/openapi/editor/EditorDropHandler
instanceKlass com/intellij/openapi/fileEditor/impl/EditorsSplitters$$Lambda$882
instanceKlass com/intellij/lang/javascript/refactoring/react/ReactClassToFunctionalComponentHandler
instanceKlass com/intellij/openapi/fileEditor/impl/EditorsSplitters$$Lambda$881
instanceKlass com/intellij/openapi/fileEditor/impl/EditorsSplitters$ConfigTreeReader
instanceKlass com/intellij/openapi/fileEditor/impl/EditorTabbedContainer
instanceKlass com/intellij/ide/actions/CloseAction$CloseTarget
instanceKlass com/intellij/ui/tabs/JBTabs
instanceKlass com/intellij/openapi/fileEditor/impl/EditorWindow
instanceKlass com/intellij/openapi/fileEditor/impl/FileEditorManagerImpl$MyBorder
instanceKlass com/jetbrains/php/joomla/injection/JoomlaSQLCaches$$Lambda$880
instanceKlass com/jetbrains/php/joomla/injection/JoomlaSQLCaches$$Lambda$879
instanceKlass com/jetbrains/php/composer/ComposerDataService$ComposerState
instanceKlass com/intellij/execution/KillableProcess
instanceKlass com/jetbrains/php/composer/execution/executable/ExecutableComposerExecution
instanceKlass com/jetbrains/php/composer/statistics/ComposerExecutorStatProvider
instanceKlass com/jetbrains/php/composer/ComposerSynchronizationInitListener
instanceKlass com/jetbrains/php/composer/execution/ComposerExecution
instanceKlass com/jetbrains/php/composer/lib/ComposerLibraryManager$$Lambda$878
instanceKlass com/jetbrains/php/phar/PharLibraryManager$State
instanceKlass com/intellij/terminal/JBTerminalSystemSettingsProviderBase$1
instanceKlass com/intellij/terminal/JBTerminalSystemSettingsProviderBase$$Lambda$877
instanceKlass com/intellij/ui/ExpandableActions$Expand$$Lambda$876
instanceKlass com/intellij/terminal/JBTerminalSystemSettingsProviderBase$MyColorSchemeDelegate
instanceKlass com/jediterm/terminal/emulator/ColorPalette
instanceKlass com/google/common/collect/ObjectArrays
instanceKlass com/jediterm/terminal/TtyConnector
instanceKlass com/jediterm/terminal/ui/TerminalActionProvider
instanceKlass com/jediterm/terminal/ui/TerminalWidget
instanceKlass com/intellij/ui/Hint
instanceKlass com/jediterm/terminal/ui/TerminalSession
instanceKlass com/jediterm/terminal/ui/settings/DefaultSettingsProvider
instanceKlass com/jediterm/terminal/ui/settings/TabbedSettingsProvider
instanceKlass com/jediterm/terminal/ui/settings/SettingsProvider
instanceKlass com/jediterm/terminal/ui/settings/UserSettingsProvider
instanceKlass com/jediterm/terminal/ui/settings/SystemSettingsProvider
instanceKlass com/intellij/lang/javascript/inspections/unusedsymbols/JSUnusedGlobalSymbolsPassFactory
instanceKlass com/intellij/lang/javascript/service/highlighting/JSLanguageServiceHighlightingStateHolder
instanceKlass com/intellij/lang/javascript/service/highlighting/JSLanguageServiceHighlightingPassFactory
instanceKlass com/intellij/codeInsight/daemon/impl/WolfPassFactory
instanceKlass com/intellij/codeInsight/daemon/impl/ExternalToolPassFactory
instanceKlass com/intellij/codeInsight/daemon/impl/WholeFileLocalInspectionsPassFactory$1
instanceKlass com/intellij/util/containers/WeakKeyIntValueHashMap
instanceKlass com/intellij/codeInsight/daemon/impl/WholeFileLocalInspectionsPassFactory
instanceKlass com/intellij/codeHighlighting/TextEditorHighlightingPassRegistrar$1
instanceKlass com/intellij/codeInsight/daemon/impl/TextEditorHighlightingPassRegistrarImpl$PassConfig
instanceKlass org/jetbrains/vuejs/lang/typescript/service/VueTypeScriptServiceHighlightingPassFactoryRegistrar
instanceKlass com/intellij/lang/javascript/inspections/unusedsymbols/JSUnusedGlobalSymbolsPassFactory$MyRegistrar
instanceKlass com/intellij/lang/javascript/flow/FlowJSServiceHighlightingPassFactoryRegistrar
instanceKlass com/intellij/lang/typescript/compiler/TypeScriptServiceHighlightingPassFactory
instanceKlass com/intellij/lang/javascript/validation/JSSemanticKeywordHighlighterFactory
instanceKlass com/intellij/sql/psi/impl/support/SqlBlockHighlighterFactory
instanceKlass com/intellij/codeInsight/daemon/impl/tagTreeHighlighting/XmlTagTreeHighlightingPassFactory
instanceKlass com/intellij/codeInsight/daemon/impl/WolfPassFactory$MyRegistrar
instanceKlass com/intellij/codeInsight/daemon/impl/ExternalToolPassFactory$MyRegistrar
instanceKlass com/intellij/codeInsight/daemon/impl/WholeFileLocalInspectionsPassFactory$MyRegistrar
instanceKlass com/intellij/codeInsight/daemon/impl/ShowAutoImportPassFactory
instanceKlass com/intellij/codeInsight/daemon/impl/LocalInspectionsPassFactory
instanceKlass com/intellij/codeInsight/daemon/impl/InjectedCodeFoldingPassFactory
instanceKlass com/intellij/codeInsight/daemon/impl/IndentsPassFactory
instanceKlass com/intellij/codeInsight/hints/HintInfoFilter
instanceKlass com/intellij/codeInsight/hints/ParameterHintsPassFactory
instanceKlass com/intellij/codeInsight/daemon/impl/focusMode/FocusModePassFactory
instanceKlass com/intellij/codeInsight/daemon/impl/CodeFoldingPassFactory
instanceKlass com/intellij/refactoring/changeSignature/inplace/ChangeSignaturePassFactory
instanceKlass com/intellij/codeInsight/daemon/impl/IdentifierHighlighterPassFactory
instanceKlass com/intellij/codeInsight/daemon/impl/ShowIntentionsPassFactory
instanceKlass com/intellij/openapi/editor/impl/Interval
instanceKlass com/intellij/codeInsight/daemon/impl/LineMarkersPassFactory
instanceKlass com/intellij/codeInsight/daemon/impl/InjectedGeneralHighlightingPassFactory
instanceKlass com/intellij/codeInsight/daemon/impl/ChameleonSyntaxHighlightingPass$Factory
instanceKlass com/intellij/codeInsight/daemon/impl/HighlightInfoProcessor
instanceKlass com/intellij/codeInsight/daemon/impl/GeneralHighlightingPassFactory
instanceKlass com/intellij/codeHighlighting/MainHighlightingPassFactory
instanceKlass com/intellij/codeInsight/hints/InlayHintsPassFactory$Companion
instanceKlass com/intellij/codeInsight/hints/InlayHintsPassFactory
instanceKlass com/intellij/codeHighlighting/TextEditorHighlightingPassFactoryRegistrar
instanceKlass com/jetbrains/plugins/webDeployment/AutoUploadComponent$2
instanceKlass com/jetbrains/plugins/webDeployment/AutoUploadComponent$1
instanceKlass com/jetbrains/plugins/webDeployment/ServerTreeContentListener
instanceKlass com/jetbrains/plugins/webDeployment/DeploymentAppSettingsListener
instanceKlass com/jetbrains/plugins/webDeployment/DeploymentConfigChangeListener
instanceKlass com/jetbrains/plugins/webDeployment/WebDeploymentTopics
instanceKlass com/intellij/tasks/impl/TaskManagerImpl$$Lambda$875
instanceKlass com/intellij/openapi/vcs/actions/ShowCommitOptionsActionKt
instanceKlass com/intellij/tasks/impl/TaskManagerImpl$$Lambda$874
instanceKlass com/intellij/tasks/impl/TaskManagerImpl$6
instanceKlass com/intellij/tasks/impl/TaskManagerImpl$3
instanceKlass com/intellij/tasks/TaskListener
instanceKlass com/intellij/tasks/impl/TaskManagerImpl$Config
instanceKlass com/intellij/tasks/Comment
instanceKlass com/intellij/database/datagrid/GridDataHookUp$RequestListener
instanceKlass org/jetbrains/idea/perforce/application/PerforceNumberNameSynchronizer$ConfigBean
instanceKlass com/intellij/remoteServer/impl/runtime/ui/ServersToolWindowManager$$Lambda$873
instanceKlass icons/RemoteServersIcons
instanceKlass com/intellij/coverage/CoverageDataManagerImpl$6
instanceKlass com/intellij/coverage/view/CoverageViewSuiteListener
instanceKlass com/intellij/refactoring/RefactoringBundle
instanceKlass com/intellij/coverage/CoverageDataManagerImpl$3
instanceKlass com/intellij/coverage/CoverageDataManagerImpl$2
instanceKlass org/intellij/plugins/relaxNG/config/NoNamespaceConfigImpl$Mappings
instanceKlass com/intellij/javaee/PsiExternalResourceNotifier$1
instanceKlass com/intellij/javaee/PsiExternalResourceNotifier$MyExternalResourceListener
instanceKlass com/intellij/javaee/ExternalResourceManagerExImpl$$Lambda$872
instanceKlass com/intellij/javaee/ExternalResourceManagerExImpl$Resource
instanceKlass com/intellij/database/actions/FullTextSearchAction$Companion
instanceKlass com/intellij/javaee/ResourceRegistrar
instanceKlass com/intellij/openapi/externalSystem/service/project/manage/SourceFolderManagerImpl$PostponedSourceFolderCreator
instanceKlass com/intellij/openapi/externalSystem/util/PrefixTreeMapImpl$Node
instanceKlass com/intellij/openapi/externalSystem/util/PrefixTreeMapImpl$Companion
instanceKlass com/intellij/openapi/externalSystem/util/PrefixTreeMapImpl
instanceKlass com/intellij/openapi/externalSystem/util/PathPrefixTreeMap
instanceKlass com/intellij/openapi/externalSystem/util/PrefixTreeMap
instanceKlass com/intellij/dvcs/repo/VcsRepositoryCreator
instanceKlass com/intellij/codeInsight/hint/TooltipRenderer
instanceKlass com/intellij/xdebugger/impl/XDebuggerManagerImpl$DebuggerEditorListener
instanceKlass com/intellij/xdebugger/impl/XDebuggerManagerImpl$4
instanceKlass com/intellij/execution/ui/RunContentWithExecutorListener
instanceKlass com/intellij/xdebugger/impl/XDebuggerManagerImpl$3
instanceKlass com/intellij/xdebugger/impl/XDebuggerManagerImpl$2
instanceKlass com/intellij/xdebugger/impl/XDebuggerManagerImpl$1
instanceKlass com/intellij/xdebugger/impl/ui/ExecutionPointHighlighter$$Lambda$871
instanceKlass com/intellij/openapi/options/newEditor/CopySettingsPathActionKt
instanceKlass com/intellij/xdebugger/impl/ui/ExecutionPointHighlighter
instanceKlass com/intellij/openapi/options/newEditor/CopySettingsPathAction$Companion
instanceKlass kotlin/comparisons/ComparisonsKt__ComparisonsKt$then$1
instanceKlass com/intellij/xdebugger/impl/actions/AttachToProcessAction$$Lambda$870
instanceKlass com/intellij/xdebugger/impl/actions/AttachToProcessAction$$Lambda$869
instanceKlass kotlin/comparisons/ComparisonsKt__ComparisonsKt
instanceKlass com/intellij/icons/AllIcons$Debugger
instanceKlass com/intellij/xdebugger/impl/ui/tree/nodes/XValueNodeImpl$$Lambda$868
instanceKlass com/intellij/xdebugger/attach/XAttachPresentationGroup
instanceKlass com/intellij/xdebugger/attach/XAttachHost
instanceKlass com/intellij/xdebugger/frame/XValueContainer
instanceKlass com/intellij/xdebugger/frame/XDebuggerTreeNodeHyperlink
instanceKlass com/intellij/xdebugger/frame/XInlineDebuggerDataCallback
instanceKlass com/intellij/xdebugger/frame/presentation/XValuePresentation$XValueTextRenderer
instanceKlass com/intellij/xdebugger/impl/ui/tree/nodes/XDebuggerTreeNode
instanceKlass com/intellij/xdebugger/impl/ui/tree/nodes/RestorableStateNode
instanceKlass com/intellij/xdebugger/XNamedTreeNode
instanceKlass com/intellij/xdebugger/impl/ui/tree/nodes/XValueNodePresentationConfigurator$ConfigurableXValueNode
instanceKlass com/jetbrains/php/lang/actions/generation/PhpGeneratePhpDocBlocksAction$PhpGeneratePhpDocBlocksActionHandler
instanceKlass com/intellij/xdebugger/frame/XCompositeNode
instanceKlass com/intellij/xdebugger/frame/XValueNode
instanceKlass com/intellij/xdebugger/Obsolescent
instanceKlass org/jetbrains/concurrency/Obsolescent
instanceKlass com/intellij/xdebugger/impl/reveal/XDebuggerRevealManager$revealComparator$1
instanceKlass com/intellij/xdebugger/impl/reveal/XDebuggerRevealManager$Companion
instanceKlass com/intellij/xdebugger/impl/reveal/XDebuggerRevealManager
instanceKlass com/intellij/openapi/vcs/versionBrowser/CommittedChangeList
instanceKlass com/intellij/vcs/log/VcsCommitMetadata
instanceKlass com/intellij/vcs/log/VcsShortCommitDetails
instanceKlass com/intellij/vcs/log/TimedVcsCommit
instanceKlass com/intellij/xdebugger/impl/XDebuggerWatchesManager
instanceKlass com/intellij/vcs/log/graph/GraphCommit
instanceKlass com/intellij/xdebugger/impl/breakpoints/XBreakpointManagerImpl$1
instanceKlass com/intellij/icons/AllIcons$CodeStyle
instanceKlass com/intellij/xdebugger/impl/breakpoints/XBreakpointManagerImpl$$Lambda$867
instanceKlass com/intellij/openapi/editor/markup/GutterIconRenderer
instanceKlass com/intellij/util/ui/accessibility/SimpleAccessible
instanceKlass com/intellij/codeInsight/daemon/GutterMark
instanceKlass com/intellij/xdebugger/impl/breakpoints/XBreakpointManagerImpl$$Lambda$866
instanceKlass com/intellij/xdebugger/impl/breakpoints/XBreakpointManagerImpl$$Lambda$865
instanceKlass com/intellij/xdebugger/breakpoints/XBreakpointType$XBreakpointCreator
instanceKlass com/intellij/xdebugger/impl/breakpoints/XBreakpointManagerImpl$$Lambda$864
instanceKlass one/util/streamex/StreamContext
instanceKlass one/util/streamex/StreamExInternals$CloneableSpliterator
instanceKlass one/util/streamex/BaseStreamEx
instanceKlass com/intellij/javascript/debugger/settings/SteppingFilter
instanceKlass com/intellij/javascript/debugger/settings/CustomObjectPresentationState
instanceKlass com/google/common/base/AbstractIterator
instanceKlass com/google/common/base/Splitter$1
instanceKlass com/google/common/base/Splitter$Strategy
instanceKlass com/google/common/base/Splitter
instanceKlass com/jetbrains/php/debug/common/PhpLineMethodBreakpointType$$Lambda$863
instanceKlass com/jetbrains/php/debug/common/PhpLineMethodBreakpointType$$Lambda$862
instanceKlass com/intellij/xdebugger/settings/XDebuggerSettings
instanceKlass com/intellij/xdebugger/impl/settings/XDebuggerSettingManagerImpl$SpecificSettingsState
instanceKlass com/intellij/xdebugger/impl/settings/XDebuggerSettingManagerImpl$SettingsState
instanceKlass com/intellij/xdebugger/breakpoints/ui/XBreakpointCustomPropertiesPanel
instanceKlass com/intellij/xdebugger/impl/settings/XDebuggerGeneralSettings
instanceKlass com/intellij/xdebugger/impl/settings/XDebuggerDataViewSettings
instanceKlass com/intellij/xdebugger/evaluation/InlineDebuggerHelper
instanceKlass com/intellij/xdebugger/settings/XDebuggerSettingsManager$DataViewSettings
instanceKlass com/intellij/xdebugger/settings/XDebuggerSettingsManager
instanceKlass org/jetbrains/debugger/PsiVisitors$Visitor
instanceKlass com/intellij/xdebugger/evaluation/XDebuggerEditorsProvider
instanceKlass com/intellij/xdebugger/breakpoints/XBreakpointProperties
instanceKlass com/intellij/xdebugger/impl/breakpoints/XBreakpointUtil
instanceKlass java/lang/invoke/LambdaForm$MH
instanceKlass com/intellij/openapi/vfs/impl/http/LocalFileStorage
instanceKlass java/lang/invoke/LambdaForm$MH
instanceKlass java/lang/invoke/LambdaForm$MH
instanceKlass java/lang/invoke/LambdaForm$MH
instanceKlass com/intellij/openapi/vfs/impl/http/RemoteContentProvider
instanceKlass java/lang/invoke/LambdaForm$MH
instanceKlass com/intellij/openapi/vfs/impl/http/FileDownloadingListener
instanceKlass java/lang/invoke/LambdaForm$MH
instanceKlass java/lang/invoke/LambdaForm$MH
instanceKlass java/lang/invoke/LambdaForm$MH
instanceKlass java/lang/invoke/LambdaForm$MH
instanceKlass com/intellij/openapi/vfs/impl/http/RemoteFileManager
instanceKlass com/intellij/xdebugger/impl/breakpoints/XBreakpointManagerImpl$$Lambda$861
instanceKlass com/intellij/openapi/vfs/ex/http/HttpVirtualFileListener
instanceKlass java/awt/datatransfer/MimeType
instanceKlass java/awt/datatransfer/MimeTypeParameterList
instanceKlass com/intellij/ide/dnd/FileCopyPasteUtil
instanceKlass com/intellij/ide/actions/CopyReferenceFQNTransferable
instanceKlass com/intellij/xdebugger/impl/breakpoints/XLineBreakpointManager$MyEditorColorsListener
instanceKlass com/intellij/openapi/vfs/VirtualFileUrlChangeAdapter
instanceKlass com/intellij/xdebugger/impl/breakpoints/XLineBreakpointManager$MyDependentBreakpointListener
instanceKlass com/intellij/xdebugger/impl/breakpoints/XLineBreakpointManager$MyEditorMouseMotionListener
instanceKlass com/intellij/xdebugger/XSourcePosition
instanceKlass com/intellij/xdebugger/impl/breakpoints/XLineBreakpointManager$MyEditorMouseListener
instanceKlass com/intellij/xdebugger/impl/breakpoints/XLineBreakpointManager$MyDocumentListener
instanceKlass com/intellij/xdebugger/impl/breakpoints/XLineBreakpointManager
instanceKlass com/intellij/xdebugger/impl/breakpoints/XDependentBreakpointManager$1
instanceKlass com/intellij/xdebugger/breakpoints/XBreakpointListener
instanceKlass com/intellij/xdebugger/impl/breakpoints/XDependentBreakpointListener
instanceKlass com/intellij/xdebugger/impl/breakpoints/XDependentBreakpointManager
instanceKlass com/intellij/xdebugger/breakpoints/XLineBreakpoint
instanceKlass com/intellij/xdebugger/breakpoints/XBreakpoint
instanceKlass com/intellij/xdebugger/impl/breakpoints/BreakpointState
instanceKlass com/intellij/xdebugger/impl/breakpoints/XBreakpointManagerImpl
instanceKlass com/intellij/ide/util/PropertyName
instanceKlass com/intellij/ide/util/treeView/NodeOptions$Immutable
instanceKlass com/intellij/ide/favoritesTreeView/FavoritesViewSettings
instanceKlass com/intellij/ide/GeneratedSourceFileChangeTrackerImpl$$Lambda$860
instanceKlass com/intellij/facet/impl/ProjectFacetManagerImpl$2
instanceKlass com/intellij/facet/ProjectWideFacetAdapter
instanceKlass com/intellij/facet/impl/ProjectFacetManagerImpl$ProjectFacetManagerState
instanceKlass com/intellij/facet/impl/ProjectWideFacetListenersRegistryImpl$1
instanceKlass com/intellij/facet/impl/pointers/FacetPointersManagerImpl$1
instanceKlass com/intellij/openapi/roots/impl/PushedFilePropertiesUpdaterImpl$1
instanceKlass com/intellij/openapi/roots/impl/PushedFilePropertiesUpdaterImpl$$Lambda$859
instanceKlass com/intellij/codeInsight/navigation/CtrlMouseHandler$5
instanceKlass com/intellij/codeInsight/navigation/CtrlMouseHandler$4
instanceKlass com/intellij/codeInsight/navigation/CtrlMouseHandler$3
instanceKlass com/intellij/codeInsight/navigation/CtrlMouseHandler$2
instanceKlass com/intellij/codeInsight/navigation/CtrlMouseHandler$$Lambda$858
instanceKlass com/intellij/codeInsight/documentation/DocumentationManager$1
instanceKlass com/intellij/codeInsight/TargetElementUtilBase
instanceKlass com/intellij/ui/ScrollingUtil$ScrollingAction
instanceKlass com/intellij/codeInsight/lookup/Lookup
instanceKlass com/intellij/codeInsight/documentation/DocumentationManager$DocumentationCollector
instanceKlass com/intellij/util/indexing/FileBasedIndexProjectHandler$$Lambda$857
instanceKlass com/intellij/codeInsight/daemon/impl/DaemonListeners$$Lambda$856
instanceKlass com/intellij/codeInsight/daemon/impl/analysis/FileHighlightingSettingListener
instanceKlass com/intellij/facet/FacetManagerAdapter
instanceKlass com/intellij/facet/FacetManagerListener
instanceKlass com/intellij/facet/FacetManager
instanceKlass com/intellij/facet/FacetModel
instanceKlass com/intellij/codeInsight/actions/DirectoryFormattingOptions
instanceKlass com/intellij/psi/RefResolveService
instanceKlass com/intellij/codeInsight/actions/ReformatFilesOptions
instanceKlass com/intellij/codeInsight/daemon/impl/DaemonListeners$$Lambda$855
instanceKlass com/intellij/codeInsight/actions/LayoutCodeOptions
instanceKlass com/intellij/codeInsight/actions/OptionalReformatActions
instanceKlass com/intellij/codeInsight/daemon/impl/DaemonListeners$$Lambda$854
instanceKlass com/intellij/codeInsight/daemon/impl/DaemonListeners$$Lambda$853
instanceKlass com/intellij/codeInsight/daemon/impl/DaemonListeners$7
instanceKlass com/intellij/codeInsight/actions/AbstractLayoutCodeProcessor
instanceKlass com/intellij/codeInsight/daemon/impl/DaemonListeners$MyAnActionListener
instanceKlass com/intellij/codeInsight/daemon/impl/DaemonListeners$MyTodoListener
instanceKlass com/intellij/codeInsight/daemon/impl/DaemonListeners$MyApplicationListener
instanceKlass com/intellij/codeInsight/daemon/impl/DaemonListeners$MyProfileChangeListener
instanceKlass com/intellij/profile/ProfileChangeAdapter
instanceKlass com/intellij/codeInsight/daemon/impl/DaemonListeners$MyCommandListener
instanceKlass com/intellij/codeInsight/daemon/impl/DaemonListeners$$Lambda$852
instanceKlass com/intellij/codeInsight/daemon/impl/DaemonListeners$$Lambda$851
instanceKlass com/intellij/codeInsight/daemon/impl/DaemonListeners$6
instanceKlass com/intellij/codeInsight/daemon/impl/DaemonListeners$5
instanceKlass com/intellij/psi/impl/PsiManagerImpl$$Lambda$850
instanceKlass com/intellij/codeInsight/daemon/impl/PsiChangeHandler$2
instanceKlass com/intellij/codeInsight/daemon/impl/PsiChangeHandler$1
instanceKlass org/intellij/plugins/markdown/ui/actions/styling/HeaderDownAction$$Lambda$849
instanceKlass com/intellij/codeInsight/daemon/impl/DaemonListeners$4
instanceKlass com/intellij/codeInsight/daemon/impl/DaemonListeners$$Lambda$848
instanceKlass com/intellij/codeInsight/daemon/impl/DaemonListeners$MyEditorMouseListener
instanceKlass com/intellij/codeInsight/daemon/impl/DaemonListeners$MyEditorMouseMotionListener
instanceKlass com/intellij/codeInsight/daemon/impl/DaemonListeners$3
instanceKlass com/intellij/codeInsight/daemon/impl/DaemonListeners$2
instanceKlass com/intellij/codeInsight/daemon/impl/DaemonListeners$1
instanceKlass com/intellij/ide/todo/TodoFilter
instanceKlass com/intellij/psi/search/IndexPattern
instanceKlass com/intellij/openapi/editor/colors/impl/EditorColorsManagerImpl$$Lambda$847
instanceKlass com/intellij/openapi/editor/colors/impl/AbstractColorsScheme$$Lambda$846
instanceKlass com/intellij/openapi/editor/colors/impl/AbstractColorsScheme$$Lambda$845
instanceKlass com/intellij/openapi/editor/colors/impl/AbstractColorsScheme$$Lambda$844
instanceKlass com/intellij/application/options/EditorFontsConstants
instanceKlass com/intellij/database/run/actions/LoadFileAction$LoadFileActionHandler
instanceKlass com/intellij/database/actions/DatabaseViewActions$AddDataSourceHereAction$$Lambda$843
instanceKlass com/intellij/openapi/editor/colors/impl/AbstractColorsScheme$$Lambda$842
instanceKlass com/intellij/openapi/editor/colors/impl/AbstractColorsScheme$$Lambda$841
instanceKlass com/intellij/openapi/editor/colors/impl/EditorColorsManagerImpl$State
instanceKlass com/intellij/codeInsight/hints/PopupActionsKt
instanceKlass com/intellij/codeInsight/hints/ToggleInlineHintsAction$Companion
instanceKlass com/intellij/openapi/editor/colors/impl/AppEditorFontOptions$PersistentFontPreferences
instanceKlass sun/font/SunFontManager$4
instanceKlass com/intellij/database/model/basic/BasicModElement
instanceKlass com/intellij/openapi/actionSystem/ShortcutProvider
instanceKlass com/intellij/ide/diff/DirDiffModelHolder
instanceKlass org/intellij/plugins/markdown/ui/actions/styling/HeaderUpAction$$Lambda$840
instanceKlass org/intellij/plugins/markdown/lang/psi/MarkdownPsiElement
instanceKlass com/intellij/ide/ui/UISettingsKt
instanceKlass com/intellij/database/actions/DatabaseViewActions$AddDataSourceFromUrlAction$$Lambda$839
instanceKlass com/intellij/openapi/editor/colors/impl/AppEditorFontOptions
instanceKlass com/intellij/ide/structureView/StructureViewModel
instanceKlass com/intellij/ide/util/treeView/smartTree/TreeModel
instanceKlass com/intellij/openapi/editor/colors/impl/AbstractColorsScheme$$Lambda$838
instanceKlass com/intellij/openapi/editor/colors/impl/AbstractColorsScheme$$Lambda$837
instanceKlass com/intellij/ui/ColorUtil$$Lambda$836
instanceKlass org/jetbrains/idea/svn/checkin/CommitEventHandler
instanceKlass com/intellij/openapi/editor/colors/impl/ValueElementReader
instanceKlass com/intellij/openapi/editor/colors/FontPreferences
instanceKlass com/intellij/openapi/editor/colors/ex/DefaultColorSchemesManager
instanceKlass com/intellij/openapi/editor/colors/impl/ReadOnlyColorsScheme
instanceKlass com/intellij/openapi/editor/colors/EditorFontCache
instanceKlass com/intellij/psi/search/TodoAttributes
instanceKlass com/intellij/psi/search/TodoAttributesUtil
instanceKlass com/intellij/psi/search/TodoPattern
instanceKlass com/intellij/ide/todo/TodoConfiguration$1
instanceKlass com/intellij/openapi/editor/markup/ErrorStripeRenderer
instanceKlass com/intellij/openapi/editor/ex/ErrorStripTooltipRendererProvider
instanceKlass com/intellij/codeInsight/hint/TooltipController
instanceKlass com/intellij/ide/todo/TodoConfiguration
instanceKlass com/intellij/openapi/components/impl/stores/DirectoryStorageUtil
instanceKlass com/intellij/execution/impl/ProjectRunConfigurationInitializer$1
instanceKlass com/intellij/openapi/module/impl/ModuleFileListener
instanceKlass com/intellij/openapi/module/impl/ModuleManagerComponent$1
instanceKlass com/intellij/psi/impl/file/impl/PsiVFSListener$$Lambda$835
instanceKlass com/intellij/psi/impl/file/impl/PsiVFSListener$2
instanceKlass com/intellij/openapi/vcs/changes/committed/IncomingChangesIndicator$2
instanceKlass com/intellij/openapi/vcs/changes/committed/OutdatedVersionNotifier$2
instanceKlass com/intellij/database/actions/ImportAction$ImportTable$Computable
instanceKlass com/intellij/openapi/vcs/changes/committed/CommittedChangesAdapter
instanceKlass com/intellij/openapi/vcs/changes/committed/CommittedChangesCache$2
instanceKlass com/intellij/openapi/vcs/changes/committed/CommittedChangesCache$$Lambda$834
instanceKlass com/intellij/vcs/ProgressManagerQueue$MyWorker
instanceKlass com/intellij/vcs/ProgressManagerQueue
instanceKlass com/intellij/openapi/vcs/changes/committed/CachesHolder
instanceKlass com/intellij/openapi/vcs/changes/committed/RepositoryLocationCache$$Lambda$833
instanceKlass com/intellij/openapi/vcs/changes/committed/RepositoryLocationCache
instanceKlass com/intellij/openapi/vcs/changes/committed/CommittedChangesCache$1
instanceKlass com/intellij/openapi/vcs/changes/committed/CommittedChangesCache$State
instanceKlass com/intellij/openapi/vcs/changes/shelf/ShelvedChangesViewManager$$Lambda$832
instanceKlass com/intellij/openapi/vcs/changes/ui/ChangesTree$6
instanceKlass com/intellij/openapi/vcs/changes/shelf/ShelvedChangesViewManager$$Lambda$831
instanceKlass com/intellij/openapi/vcs/changes/shelf/ShelvedChangesViewManager$3
instanceKlass com/intellij/openapi/vcs/changes/actions/MoveChangesToAnotherListAction$Companion
instanceKlass com/intellij/openapi/vcs/changes/shelf/ShelvedChangesViewManager$$Lambda$830
instanceKlass javax/swing/JTree$TreeSelectionRedirector
instanceKlass com/intellij/openapi/actionSystem/AlwaysVisibleActionGroup
instanceKlass javax/swing/DefaultCellEditor$EditorDelegate
instanceKlass com/intellij/database/run/ParametersHolder$Helper
instanceKlass com/intellij/database/run/ParametersHolder$VisibilityController
instanceKlass javax/swing/JTextField$ScrollRepainter
instanceKlass javax/swing/plaf/synth/SynthUI
instanceKlass javax/swing/plaf/synth/SynthConstants
instanceKlass com/intellij/openapi/editor/EditorGutter
instanceKlass javax/swing/text/JTextComponent$DefaultKeymap
instanceKlass javax/swing/text/Keymap
instanceKlass com/intellij/ide/ui/laf/darcula/DarculaUIUtil$$Lambda$829
instanceKlass com/intellij/ide/ui/laf/darcula/DarculaUIUtil$$Lambda$828
instanceKlass javax/swing/text/PlainView$2
instanceKlass javax/swing/text/PlainView$1
instanceKlass javax/swing/text/PlainView$FPMethodItem
instanceKlass javax/swing/text/TabExpander
instanceKlass javax/swing/text/GapContent$StickyPosition
instanceKlass javax/swing/text/Position
instanceKlass javax/swing/text/AbstractDocument$1
instanceKlass javax/swing/text/AbstractDocument$AbstractElement
instanceKlass javax/swing/text/Element
instanceKlass javax/swing/text/GapVector
instanceKlass javax/swing/text/AbstractDocument$Content
instanceKlass javax/swing/text/AbstractDocument
instanceKlass javax/swing/text/DefaultHighlighter$SafeDamager
instanceKlass javax/swing/text/LayeredHighlighter
instanceKlass javax/swing/text/Highlighter
instanceKlass javax/swing/text/DefaultCaret$Handler
instanceKlass javax/swing/plaf/basic/BasicTextUI$UpdateHandler
instanceKlass javax/swing/text/View
instanceKlass com/intellij/ui/components/fields/ExtendableTextComponent$Extension
instanceKlass com/intellij/openapi/ui/DialogBuilder$ActionDescriptor
instanceKlass com/intellij/openapi/ui/popup/ListItemDescriptor
instanceKlass com/intellij/execution/actions/StopAction$HandlerItem
instanceKlass org/jetbrains/idea/svn/integrate/MergerFactory
instanceKlass org/jetbrains/idea/svn/integrate/SelectedCommittedStuffChecker
instanceKlass org/jetbrains/idea/svn/branchConfig/SelectBranchPopup$BranchSelectedCallback
instanceKlass javax/swing/text/JTextComponent$1
instanceKlass sun/swing/SwingAccessor$JTextComponentAccessor
instanceKlass javax/swing/plaf/BorderUIResource
instanceKlass com/intellij/openapi/vcs/changes/ui/ChangesTree$2
instanceKlass com/intellij/openapi/vcs/changes/shelf/ShelvedBinaryFile
instanceKlass com/intellij/openapi/vcs/changes/shelf/ShelvedChange
instanceKlass com/intellij/openapi/vcs/changes/shelf/ShelvedWrapper
instanceKlass com/intellij/openapi/vcs/changes/shelf/ShelvedChangeList
instanceKlass com/intellij/openapi/vcs/changes/shelf/ShelvedChangesViewManager$1
instanceKlass com/intellij/openapi/vcs/changes/shelf/ShelvedChangesViewManager$MyShelveDeleteProvider
instanceKlass com/intellij/openapi/util/registry/RegistryUi
instanceKlass com/intellij/openapi/vcs/changes/shelf/ShelveChangesManager$1
instanceKlass com/intellij/openapi/vcs/changes/shelf/ShelveChangesManager$$Lambda$827
instanceKlass com/intellij/codeInsight/template/emmet/EmmetAbbreviationBalloon$EmmetContextHelp
instanceKlass com/intellij/codeInsight/template/CustomTemplateCallback
instanceKlass com/intellij/openapi/vcs/changes/shelf/ShelveChangesManager$State
instanceKlass com/intellij/openapi/vcs/update/RestoreUpdateTree$$Lambda$826
instanceKlass com/intellij/codeInsight/template/emmet/generators/ZenCodingGenerator
instanceKlass com/intellij/openapi/vcs/impl/LineStatusTrackerManager$1
instanceKlass com/intellij/openapi/vcs/impl/LineStatusTrackerManager$MyCommandListener
instanceKlass com/intellij/openapi/vcs/impl/LineStatusTrackerManager$MyFreezeListener
instanceKlass com/intellij/openapi/vcs/changes/VcsFreezingProcess$Listener
instanceKlass com/intellij/openapi/vcs/impl/LineStatusTrackerManager$MyLineStatusTrackerSettingListener
instanceKlass com/intellij/openapi/vcs/impl/LineStatusTrackerSettingListener
instanceKlass com/intellij/openapi/vcs/impl/SingleThreadLoader
instanceKlass com/intellij/openapi/vcs/impl/LineStatusTrackerManager$Listener
instanceKlass com/intellij/database/dataSource/srcStorage/DbSrcFileStatusProvider
instanceKlass com/intellij/openapi/vcs/changes/DirtBuilder
instanceKlass com/intellij/openapi/vcs/changes/DirtBuilderReader
instanceKlass com/intellij/openapi/vcs/changes/VcsGuess
instanceKlass java/lang/invoke/LambdaForm$MH
instanceKlass java/lang/invoke/LambdaForm$DMH
instanceKlass com/intellij/openapi/vcs/changes/local/ChangeListCommand
instanceKlass com/intellij/openapi/vcs/changes/Modifier
instanceKlass com/intellij/openapi/vcs/changes/ChangeListManagerImpl$$Lambda$825
instanceKlass java/lang/invoke/LambdaForm$MH
instanceKlass com/intellij/openapi/vcs/changes/UpdateRequestsQueue
instanceKlass java/lang/invoke/LambdaForm$DMH
instanceKlass com/intellij/openapi/vcs/changes/ChangeListWorker$$Lambda$824
instanceKlass com/intellij/openapi/vcs/changes/ChangeListWorker$$Lambda$823
instanceKlass java/lang/invoke/LambdaForm$MH
instanceKlass com/intellij/openapi/vcs/changes/ChangeListWorker$ListData
instanceKlass com/intellij/openapi/vcs/changes/HierarchicalFilePathComparator
instanceKlass java/lang/invoke/LambdaForm$DMH
instanceKlass com/intellij/openapi/vcs/changes/ChangeListsIndexes
instanceKlass java/lang/invoke/LambdaForm$MH
instanceKlass java/lang/invoke/LambdaForm$DMH
instanceKlass java/lang/invoke/LambdaForm$MH
instanceKlass com/intellij/openapi/vcs/changes/LocalChangeList
instanceKlass java/lang/invoke/LambdaForm$MH
instanceKlass java/lang/invoke/LambdaForm$MH
instanceKlass java/lang/invoke/LambdaForm$MH
instanceKlass java/lang/invoke/LambdaForm$MH
instanceKlass java/lang/invoke/LambdaForm$MH
instanceKlass java/lang/invoke/LambdaForm$MH
instanceKlass java/lang/invoke/LambdaForm$MH
instanceKlass java/lang/invoke/LambdaForm$BMH
instanceKlass java/lang/invoke/LambdaForm$DMH
instanceKlass com/intellij/openapi/vcs/changes/ChangeListWorker
instanceKlass java/lang/invoke/LambdaForm$MH
instanceKlass java/lang/invoke/LambdaForm$MH
instanceKlass java/lang/invoke/LambdaForm$MH
instanceKlass java/lang/invoke/LambdaForm$MH
instanceKlass java/lang/invoke/LambdaForm$MH
instanceKlass java/lang/invoke/LambdaForm$MH
instanceKlass com/intellij/openapi/vcs/changes/DelayedNotificator
instanceKlass java/lang/invoke/LambdaForm$MH
instanceKlass java/lang/invoke/LambdaForm$MH
instanceKlass java/lang/invoke/LambdaForm$MH
instanceKlass java/lang/invoke/LambdaForm$MH
instanceKlass com/intellij/openapi/vcs/VcsRoot
instanceKlass java/lang/invoke/LambdaForm$MH
instanceKlass java/lang/invoke/LambdaForm$MH
instanceKlass com/intellij/openapi/vcs/changes/ControlledCycle$1
instanceKlass java/lang/invoke/LambdaForm$MH
instanceKlass java/lang/invoke/LambdaForm$MH
instanceKlass java/lang/invoke/LambdaForm$MH
instanceKlass com/intellij/openapi/vcs/changes/RemoteRevisionsCache$$Lambda$822
instanceKlass java/lang/invoke/LambdaForm$MH
instanceKlass java/lang/invoke/LambdaForm$MH
instanceKlass java/lang/invoke/LambdaForm$MH
instanceKlass com/intellij/openapi/vcs/changes/ControlledCycle
instanceKlass java/lang/invoke/LambdaForm$MH
instanceKlass java/lang/invoke/LambdaForm$MH
instanceKlass java/lang/invoke/LambdaForm$MH
instanceKlass com/intellij/openapi/vcs/changes/ui/RemoteStatusChangeNodeDecorator
instanceKlass java/lang/invoke/LambdaForm$MH
instanceKlass com/intellij/openapi/vcs/changes/RemoteRevisionsStateCache
instanceKlass javax/swing/text/html/parser/ContentModelState
instanceKlass javax/swing/text/html/parser/TagStack
instanceKlass javax/swing/text/html/parser/TagElement
instanceKlass com/intellij/openapi/vcs/changes/RemoteRevisionsNumbersCache$2
instanceKlass com/intellij/openapi/vcs/changes/RemoteRevisionsNumbersCache$1
instanceKlass javax/swing/text/html/parser/Parser
instanceKlass com/intellij/openapi/vcs/history/VcsRevisionNumber
instanceKlass com/intellij/openapi/vcs/changes/RemoteRevisionsNumbersCache
instanceKlass com/intellij/openapi/vcs/changes/ChangesOnServerTracker
instanceKlass javax/swing/text/html/parser/AttributeList
instanceKlass javax/swing/text/html/parser/ContentModel
instanceKlass com/intellij/openapi/vcs/changes/ChangeListManagerImpl$MyChangesDeltaForwarder
instanceKlass com/intellij/openapi/vcs/changes/DeletedFilesHolder
instanceKlass com/intellij/openapi/vcs/changes/LogicallyLockedHolder
instanceKlass com/intellij/openapi/vcs/changes/IgnoredFilesHolder
instanceKlass com/intellij/openapi/vcs/changes/IgnoredFilesCompositeHolder
instanceKlass javax/swing/text/html/parser/ParserDelegator$1
instanceKlass com/intellij/openapi/diff/impl/patch/formove/FilePathComparator
instanceKlass javax/swing/text/html/parser/Entity
instanceKlass javax/swing/text/html/parser/Element
instanceKlass com/intellij/openapi/vcs/changes/VcsDirtyScope
instanceKlass javax/swing/text/html/parser/DTD
instanceKlass javax/swing/text/html/parser/DTDConstants
instanceKlass com/intellij/openapi/vcs/changes/SwitchedFileHolder
instanceKlass com/intellij/openapi/vcs/changes/VirtualFileHolder
instanceKlass com/intellij/database/run/ui/DescriptionPopup$Item
instanceKlass com/intellij/database/run/ui/DescriptionPopup
instanceKlass com/intellij/openapi/vcs/changes/FileHolderComposite
instanceKlass com/intellij/openapi/vcs/changes/FileHolder
instanceKlass com/intellij/openapi/vcs/changes/conflicts/ChangelistConflictTracker$1
instanceKlass com/intellij/openapi/vcs/changes/conflicts/ChangelistConflictTracker$$Lambda$821
instanceKlass com/intellij/util/containers/hash/HashSet$Entry
instanceKlass com/intellij/openapi/externalSystem/model/project/Named
instanceKlass com/intellij/openapi/externalSystem/model/project/Identifiable
instanceKlass com/intellij/openapi/vcs/changes/conflicts/ChangelistConflictTracker$Options
instanceKlass com/intellij/openapi/vcs/changes/conflicts/ChangelistConflictTracker
instanceKlass com/intellij/ui/tree/LeafState$Supplier
instanceKlass com/intellij/openapi/vcs/changes/ChangesViewManager$$Lambda$820
instanceKlass com/intellij/openapi/vcs/changes/ChangesViewManager$1
instanceKlass com/intellij/openapi/vcs/changes/ui/ChangesBrowserNodeCopyProvider
instanceKlass com/intellij/openapi/diff/DiffBundle
instanceKlass com/intellij/openapi/vcs/changes/ui/ChangesGroupingSupport$Companion
instanceKlass org/jetbrains/idea/svn/actions/IgnoreActionGroup$IgnoreInfoGetterStub
instanceKlass org/jetbrains/idea/svn/ignore/IgnoreGroupHelperAction
instanceKlass com/intellij/ui/SmartExpander$2
instanceKlass com/intellij/ui/SmartExpander$1
instanceKlass javax/swing/event/TreeWillExpandListener
instanceKlass com/intellij/ui/SmartExpander
instanceKlass org/jetbrains/idea/svn/ignore/FileIterationListener
instanceKlass org/jetbrains/idea/svn/ignore/IgnoreInfoGetter
instanceKlass com/intellij/htmltools/xml/actions/HtmlAddTableColumnBeforeAction$1
instanceKlass com/intellij/util/EditSourceOnDoubleClickHandler
instanceKlass com/intellij/util/EditSourceOnEnterKeyHandler
instanceKlass com/intellij/openapi/vcs/changes/issueLinks/IssueLinkRenderer
instanceKlass com/intellij/tasks/actions/GotoTaskAction$CreateNewTaskAction
instanceKlass com/intellij/openapi/vcs/changes/ui/ChangesTree$$Lambda$819
instanceKlass com/intellij/openapi/util/BooleanGetter
instanceKlass com/intellij/ui/speedSearch/SpeedSearchSupply$$Lambda$818
instanceKlass com/intellij/ui/SpeedSearchComparator
instanceKlass com/intellij/ui/SpeedSearchBase$MyToolWindowManagerListener
instanceKlass com/intellij/ui/TreeSpeedSearch$$Lambda$817
instanceKlass com/intellij/ui/TreeSpeedSearch$$Lambda$816
instanceKlass icons/JavaScriptLanguageIcons$BuildTools$Npm
instanceKlass com/intellij/ui/JBColor$$Lambda$815
instanceKlass javax/swing/plaf/metal/MetalIconFactory$CheckBoxIcon
instanceKlass com/intellij/ide/ui/laf/darcula/ui/DarculaCheckBoxUI$$Lambda$814
instanceKlass com/intellij/database/model/DasNamespace
instanceKlass com/intellij/database/schemaEditor/model/DeObject
instanceKlass com/intellij/database/view/ui/AbstractDbRefactoringDialog$ResultProcessor
instanceKlass com/intellij/ide/DefaultTreeExpander
instanceKlass com/intellij/openapi/vcs/changes/ui/ChangesTree$$Lambda$813
instanceKlass com/intellij/openapi/vcs/changes/InclusionListener
instanceKlass com/intellij/openapi/vcs/changes/ui/BaseInclusionModel
instanceKlass com/intellij/ui/SimpleColoredComponent$$Lambda$812
instanceKlass com/intellij/ui/speedSearch/SpeedSearchUtil
instanceKlass com/intellij/vcs/log/data/DataGetter
instanceKlass com/intellij/openapi/util/NamedRunnable
instanceKlass com/intellij/ide/util/treeView/AbstractTreeUi
instanceKlass com/intellij/util/config/AbstractProperty$AbstractPropertyContainer
instanceKlass com/intellij/execution/testframework/sm/SMStacktraceParserEx
instanceKlass com/intellij/execution/testframework/sm/SMStacktraceParser
instanceKlass com/jetbrains/changeReminder/plugin/UserSettings$Companion$State
instanceKlass com/jetbrains/changeReminder/plugin/UserSettings$PluginStatusListener
instanceKlass com/jetbrains/changeReminder/plugin/UserSettings$Companion
instanceKlass com/jetbrains/changeReminder/plugin/UserSettings
instanceKlass com/intellij/ide/projectView/PresentationData
instanceKlass com/intellij/navigation/LocationPresentation
instanceKlass com/intellij/navigation/ColoredItemPresentation
instanceKlass com/intellij/ui/TreeExpandableItemsHandler$4
instanceKlass com/intellij/ui/TreeExpandableItemsHandler$3
instanceKlass com/intellij/ui/TreeExpandableItemsHandler$2
instanceKlass com/intellij/ui/TreeExpandableItemsHandler$1
instanceKlass com/intellij/ui/AbstractExpandableItemsHandler$7
instanceKlass java/awt/event/HierarchyBoundsAdapter
instanceKlass icons/JavaScriptLanguageIcons$BuildTools$Grunt
instanceKlass com/intellij/ui/popup/MovablePopup$$Lambda$811
instanceKlass com/intellij/ui/popup/MovablePopup
instanceKlass com/intellij/ui/AbstractExpandableItemsHandler
instanceKlass org/editorconfig/language/messages/EditorConfigBundle
instanceKlass com/intellij/ui/ExpandableItemsHandlerFactory$1
instanceKlass com/intellij/ui/ExpandableItemsHandlerFactory
instanceKlass com/intellij/ui/SimpleColoredComponent$ColoredFragment
instanceKlass com/intellij/ui/SimpleColoredComponent$ColoredIterator
instanceKlass com/intellij/util/io/Compressor
instanceKlass com/intellij/codeInsight/template/CustomLiveTemplate
instanceKlass org/apache/batik/dom/svg/AbstractSVGMatrix
instanceKlass com/intellij/openapi/fileChooser/FileChooserDescriptor
instanceKlass com/jetbrains/php/lang/psi/PhpFile
instanceKlass com/jetbrains/php/codeInsight/PhpScopeHolder
instanceKlass com/intellij/util/ui/tree/TreeUtil$$Lambda$810
instanceKlass com/intellij/database/run/actions/ExecuteRoutineActionBase$ActionData
instanceKlass com/intellij/database/run/actions/ExecuteRoutineActionBase$RequestRunner
instanceKlass com/intellij/database/script/generator/ScriptingOptions
instanceKlass com/intellij/database/script/generator/ScriptingTask
instanceKlass com/intellij/util/ui/tree/TreeUtil
instanceKlass com/intellij/ui/tree/ui/ClassicPainter
instanceKlass com/intellij/ui/tree/ui/Control$Painter
instanceKlass javax/swing/JTree$TreeModelHandler
instanceKlass javax/swing/tree/AbstractLayoutCache
instanceKlass javax/swing/tree/RowMapper
instanceKlass sun/awt/image/GifFrame
instanceKlass sun/swing/SwingUtilities2$$Lambda$809
instanceKlass javax/swing/TransferHandler$TransferSupport
instanceKlass javax/swing/TransferHandler$DropHandler
instanceKlass java/awt/datatransfer/SystemFlavorMap$SoftCache
instanceKlass java/awt/datatransfer/SystemFlavorMap$$Lambda$808
instanceKlass java/awt/datatransfer/DataFlavor
instanceKlass sun/awt/datatransfer/DesktopDatatransferServiceImpl
instanceKlass sun/datatransfer/DataFlavorUtil$DefaultDesktopDatatransferService
instanceKlass sun/datatransfer/DesktopDatatransferService
instanceKlass sun/datatransfer/DataFlavorUtil
instanceKlass java/awt/datatransfer/SystemFlavorMap
instanceKlass java/awt/datatransfer/FlavorTable
instanceKlass java/awt/datatransfer/FlavorMap
instanceKlass java/awt/dnd/DropTargetContext$1
instanceKlass sun/awt/AWTAccessor$DropTargetContextAccessor
instanceKlass java/awt/dnd/DropTargetContext
instanceKlass java/awt/dnd/DropTarget
instanceKlass java/awt/dnd/DropTargetListener
instanceKlass javax/swing/ClientPropertyKey$1
instanceKlass sun/awt/AWTAccessor$ClientPropertyKeyAccessor
instanceKlass com/intellij/openapi/graph/view/View
instanceKlass javax/swing/plaf/basic/BasicTreeUI$Handler
instanceKlass javax/swing/plaf/basic/DragRecognitionSupport$BeforeDrag
instanceKlass com/intellij/ui/tree/ui/DispatchThreadValidator
instanceKlass com/intellij/ui/tree/ui/DefaultControl
instanceKlass sun/swing/UIAction
instanceKlass icons/VcsLogIcons
instanceKlass com/intellij/ui/tree/ui/Control
instanceKlass javax/swing/tree/AbstractLayoutCache$NodeDimensions
instanceKlass com/intellij/ide/actions/ElementCreator
instanceKlass javax/swing/DefaultListSelectionModel
instanceKlass javax/swing/tree/DefaultTreeSelectionModel
instanceKlass com/intellij/openapi/vcs/changes/Change
instanceKlass com/intellij/openapi/vcs/changes/ui/ChangesGroupingPolicyFactory
instanceKlass com/intellij/openapi/vcs/FilePath
instanceKlass com/intellij/openapi/vcs/changes/ui/ChangesGroupingSupport
instanceKlass com/intellij/ui/treeStructure/Tree$NodeFilter
instanceKlass com/intellij/ui/ExpandableItemsHandler
instanceKlass javax/swing/tree/DefaultTreeModel
instanceKlass com/intellij/ui/ExpandableActions$Collapse$$Lambda$807
instanceKlass com/intellij/ui/Expandable
instanceKlass com/intellij/util/ui/JBUI$CurrentTheme$Link
instanceKlass com/intellij/ui/SimpleTextAttributes
instanceKlass com/intellij/openapi/vcs/changes/ui/ChangesBrowserNode$$Lambda$806
instanceKlass com/intellij/openapi/vcs/changes/ui/ChangesBrowserNode$Tag
instanceKlass com/intellij/openapi/vcs/changes/issueLinks/TreeLinkMouseListener$HaveTooltip
instanceKlass com/intellij/database/console/session/PerProjectFileAttributes$attributes$1
instanceKlass com/intellij/database/console/session/PerProjectFileAttributes
instanceKlass com/intellij/database/run/actions/ChooseSchemaAction$$Lambda$805
instanceKlass com/intellij/database/util/ObjectPath
instanceKlass com/intellij/openapi/vcs/changes/InclusionModel
instanceKlass javax/swing/tree/TreeSelectionModel
instanceKlass com/intellij/openapi/vcs/changes/ChangesViewManager$State
instanceKlass com/intellij/openapi/vcs/changes/ui/ChangesViewContentManager$MyVcsListener
instanceKlass com/intellij/openapi/vcs/changes/ChangeListManagerImpl$Scheduler
instanceKlass com/intellij/openapi/vcs/VcsConfiguration$RollbackInBackgroundOption
instanceKlass com/intellij/openapi/vcs/VcsConfiguration$AddRemoveInBackgroundOption
instanceKlass com/intellij/openapi/vcs/VcsConfiguration$CheckoutInBackgroundOption
instanceKlass com/intellij/openapi/vcs/VcsConfiguration$EditInBackgroundOption
instanceKlass com/intellij/openapi/vcs/VcsConfiguration$CommitInBackgroundOption
instanceKlass com/intellij/openapi/progress/PerformInBackgroundOption$$Lambda$804
instanceKlass com/intellij/openapi/progress/PerformInBackgroundOption$$Lambda$803
instanceKlass java/lang/invoke/LambdaForm$DMH
instanceKlass com/intellij/openapi/vcs/VcsConfiguration$UpdateInBackgroundOption
instanceKlass com/intellij/ide/todo/TodoPanelSettings
instanceKlass com/intellij/openapi/vcs/annotate/AnnotationsPreloader$1
instanceKlass com/intellij/openapi/vcs/impl/ProjectLevelVcsManagerImpl$$Lambda$802
instanceKlass com/intellij/openapi/vcs/impl/ProjectLevelVcsManagerImpl$1
instanceKlass com/intellij/openapi/vcs/impl/VcsInitialization$$Lambda$801
instanceKlass kotlin/TuplesKt
instanceKlass kotlin/Pair
instanceKlass com/intellij/openapi/vcs/impl/VcsInitialization
instanceKlass com/intellij/ide/actions/CopyTBXReferenceAction$Companion
instanceKlass com/intellij/openapi/fileEditor/impl/IdeDocumentHistoryImpl$4
instanceKlass com/intellij/openapi/editor/event/EditorEventListener
instanceKlass com/intellij/openapi/fileEditor/impl/IdeDocumentHistoryImpl$3
instanceKlass com/intellij/openapi/fileEditor/impl/IdeDocumentHistoryImpl$2
instanceKlass com/intellij/openapi/fileEditor/impl/IdeDocumentHistoryImpl$1
instanceKlass com/intellij/openapi/fileEditor/impl/IdeDocumentHistoryImpl$RecentlyChangedFilesState
instanceKlass com/intellij/openapi/fileEditor/impl/PsiAwareFileEditorManagerImpl$MyProblemListener
instanceKlass com/intellij/problems/ProblemListener
instanceKlass com/intellij/openapi/fileEditor/impl/PsiAwareFileEditorManagerImpl$1
instanceKlass com/intellij/openapi/fileEditor/impl/text/TextEditorPsiDataProvider
instanceKlass com/intellij/codeInsight/problems/WolfTheProblemSolverImpl$3
instanceKlass com/intellij/codeInsight/problems/WolfTheProblemSolverImpl$2
instanceKlass com/intellij/openapi/roots/impl/ProjectRootManagerComponent$$Lambda$800
instanceKlass com/intellij/openapi/fileEditor/impl/FileEditorManagerImpl$3
instanceKlass com/intellij/openapi/fileEditor/impl/FileEditorManagerImpl$2
instanceKlass com/intellij/openapi/fileEditor/impl/FileEditorAssociateFinder
instanceKlass com/intellij/util/messages/impl/MessageListenerList
instanceKlass com/intellij/openapi/util/MutualMap
instanceKlass com/intellij/ui/docking/DragSession
instanceKlass com/intellij/ui/docking/DockableContent
instanceKlass com/intellij/openapi/fileEditor/impl/FileEditorManagerImpl$MyEditorPropertyChangeListener
instanceKlass com/intellij/openapi/editor/impl/DocumentMarkupModelManager$1
instanceKlass com/intellij/openapi/wm/WeakFocusStackManager$1
instanceKlass com/intellij/openapi/wm/WeakFocusStackManager
instanceKlass com/intellij/openapi/wm/impl/Windows$ToolWindowProvider$2
instanceKlass com/intellij/openapi/wm/impl/Windows$ToolWindowProvider$1
instanceKlass com/intellij/openapi/wm/impl/ToolWindowManagerImpl$$Lambda$799
instanceKlass com/intellij/openapi/wm/impl/ToolWindowManagerImpl$$Lambda$798
instanceKlass com/intellij/openapi/wm/impl/ToolWindowManagerImpl$$Lambda$797
instanceKlass com/intellij/openapi/wm/impl/ToolWindowManagerImpl$$Lambda$796
instanceKlass com/intellij/openapi/wm/impl/Windows$ToolWindowProvider
instanceKlass com/intellij/openapi/wm/impl/Windows$ToolWindowFilter
instanceKlass com/intellij/openapi/wm/impl/Windows$Signal
instanceKlass com/intellij/openapi/wm/impl/ToolWindowManagerImpl$$Lambda$795
instanceKlass com/intellij/openapi/wm/impl/ToolWindowManagerImpl$4
instanceKlass com/intellij/ide/scratch/RootType
instanceKlass com/intellij/openapi/wm/impl/ToolWindowManagerImpl$3
instanceKlass com/intellij/openapi/wm/impl/ToolWindowManagerImpl$2
instanceKlass org/jaxen/VariableContext
instanceKlass org/intellij/plugins/xpathView/XPathEvalAction$EditExpressionAction
instanceKlass com/intellij/openapi/wm/impl/ToolWindowManagerImpl$1
instanceKlass com/intellij/openapi/wm/impl/ToolWindowManagerImpl$$Lambda$794
instanceKlass com/intellij/openapi/wm/impl/ToolWindowManagerImpl$$Lambda$793
instanceKlass com/intellij/openapi/wm/impl/SideStack
instanceKlass com/intellij/openapi/wm/impl/ActiveStack
instanceKlass com/intellij/openapi/wm/impl/ToolWindowManagerImpl$MyInternalDecoratorListener
instanceKlass com/intellij/openapi/wm/impl/ToolWindowManagerImpl$MyToolWindowPropertyChangeListener
instanceKlass com/intellij/openapi/wm/ex/ToolWindowManagerListener
instanceKlass com/intellij/ui/EditorNotificationsImpl$3
instanceKlass com/intellij/ui/EditorNotificationsImpl$2
instanceKlass com/intellij/ui/EditorNotificationsImpl$1
instanceKlass com/intellij/openapi/vcs/impl/FileStatusManagerImpl$$Lambda$792
instanceKlass com/intellij/openapi/vcs/impl/FileStatusManagerImpl$$Lambda$791
instanceKlass com/intellij/uml/undo/UmlUndoProvider
instanceKlass com/intellij/diagram/DiagramActionsListener
instanceKlass com/intellij/history/core/LocalHistoryFacade$3
instanceKlass com/intellij/history/LocalHistory$LocalHistoryHolder
instanceKlass java/util/stream/SortedOps
instanceKlass com/intellij/codeInsight/daemon/impl/SeverityRegistrar$$Lambda$790
instanceKlass com/intellij/codeInsight/daemon/impl/SeverityRegistrar$$Lambda$789
instanceKlass com/intellij/configurationStore/schemeManager/SchemeManagerFactoryBase$ProjectSchemeManagerFactory$createFileChangeSubscriber$1$1
instanceKlass com/intellij/openapi/progress/util/ProgressDialog$$Lambda$788
instanceKlass com/intellij/openapi/progress/util/AbstractProgressIndicatorExBase$$Lambda$787
instanceKlass java/lang/invoke/LambdaForm$DMH
instanceKlass com/intellij/profile/codeInspection/ProjectInspectionProfileManager$$special$$inlined$runAsync$1
instanceKlass org/jetbrains/concurrency/AsyncPromise
instanceKlass org/jetbrains/concurrency/InternalPromiseUtil$CompletablePromise
instanceKlass com/intellij/xdebugger/breakpoints/XBreakpointType
instanceKlass com/intellij/configurationStore/Ksuid$Base62
instanceKlass com/intellij/codeInsight/template/TemplateEditingListener
instanceKlass java/time/chrono/AbstractChronology
instanceKlass com/intellij/codeInsight/generation/actions/GenerateActionPopupTemplateInjector
instanceKlass java/time/chrono/Chronology
instanceKlass java/time/LocalTime
instanceKlass java/time/LocalDateTime
instanceKlass java/time/chrono/ChronoLocalDateTime
instanceKlass java/time/zone/ZoneOffsetTransitionRule
instanceKlass java/time/zone/ZoneRules
instanceKlass java/time/Clock
instanceKlass java/time/ZonedDateTime
instanceKlass java/time/chrono/ChronoZonedDateTime
instanceKlass org/jetbrains/idea/svn/SvnBundle
instanceKlass java/time/ZoneId
instanceKlass org/jetbrains/idea/svn/api/ProgressTracker
instanceKlass com/intellij/util/ThrowableConsumer
instanceKlass com/intellij/configurationStore/Ksuid
instanceKlass com/intellij/util/io/IoKt
instanceKlass com/intellij/configurationStore/StorageVirtualFileTracker$addVfsChangesListener$1
instanceKlass com/intellij/openapi/externalSystem/configurationStore/ExternalSystemStreamProviderFactory$1
instanceKlass com/intellij/openapi/externalSystem/model/ExternalProjectInfo
instanceKlass com/intellij/openapi/externalSystem/configurationStore/ModuleFileSystemExternalSystemStorage$Companion
instanceKlass com/intellij/openapi/externalSystem/configurationStore/FileSystemExternalSystemStorage
instanceKlass com/intellij/openapi/externalSystem/configurationStore/ExternalSystemStorage
instanceKlass com/intellij/openapi/externalSystem/configurationStore/ExternalSystemStreamProviderFactory
instanceKlass com/intellij/configurationStore/StreamProviderFactory$Companion
instanceKlass com/intellij/configurationStore/StreamProviderFactory
instanceKlass com/intellij/configurationStore/ProjectIdManager$Companion
instanceKlass com/intellij/util/text/StringKt
instanceKlass com/intellij/database/actions/DatabaseViewActions$AddDataSourceFromThatAction$$Lambda$786
instanceKlass com/intellij/configurationStore/FileBasedStorageKt
instanceKlass icons/DvcsImplIcons
instanceKlass org/jetbrains/settingsRepository/ProjectId
instanceKlass com/jetbrains/php/phpspec/PhpSpecSettingsManager
instanceKlass com/jetbrains/php/phpspec/PhpSpecWorkspaceSettingsManager
instanceKlass com/jetbrains/php/remote/docker/PhpDockerContainerSettingsManager
instanceKlass com/intellij/docker/view/DockerDeploymentManager
instanceKlass com/intellij/docker/exec/ExecCommandManager
instanceKlass org/jetbrains/yaml/YAMLElementGenerator
instanceKlass com/jetbrains/plugins/vagrant/VagrantManager
instanceKlass com/jetbrains/plugins/vagrant/VagrantProjectSettings
instanceKlass com/jetbrains/php/behat/version/BehatVersionCache
instanceKlass com/jetbrains/php/behat/BehatSettingsManager
instanceKlass com/jetbrains/plugins/remotesdk/ui/RemoteMappingsManager
instanceKlass com/jetbrains/plugins/remotesdk/console/SshConsoleOptionsProvider
instanceKlass com/intellij/sh/run/ShRunner
instanceKlass com/jetbrains/php/workshop/generation/PhpStormWorkshopService
instanceKlass com/jetbrains/php/wordpress/settings/WPDataService
instanceKlass com/jetbrains/php/joomla/settings/JoomlaDataService
instanceKlass com/jetbrains/php/drupal/settings/DrupalDataService
instanceKlass com/jetbrains/php/framework/data/FrameworkDataService
instanceKlass com/jetbrains/php/debug/template/PhpTemplateDebugStateService
instanceKlass com/jetbrains/php/blade/injection/BladeInjectionMappingService
instanceKlass com/jetbrains/php/phing/dom/schema/PhingSchemaService
instanceKlass com/jetbrains/php/phing/PhingStateService
instanceKlass org/jetbrains/builtInWebServer/NetService
instanceKlass com/intellij/webcore/resourceRoots/WebResourcesPathsConfiguration
instanceKlass com/jetbrains/php/composer/actions/log/ComposerLogService
instanceKlass com/jetbrains/php/composer/configData/ComposerJsonConfigService
instanceKlass com/jetbrains/php/composer/ComposerDataService
instanceKlass com/intellij/codeInspection/ex/EntryPointsManager
instanceKlass com/jetbrains/php/tools/quality/QualityToolConfigurationBaseManager
instanceKlass com/jetbrains/php/tools/quality/QualityToolConfigurationManager
instanceKlass com/jetbrains/php/tools/quality/QualityToolProjectConfiguration
instanceKlass com/jetbrains/php/phpunit/PhpUnitBaseSettingsManager
instanceKlass com/jetbrains/php/phpunit/PhpUnitSettingsManager
instanceKlass com/jetbrains/php/testFramework/PhpTestFrameworkVersionCache
instanceKlass com/intellij/ide/actions/ToolWindowsGroup$$Lambda$785
instanceKlass com/jetbrains/php/testFramework/PhpTestFrameworkBaseSettingsManager
instanceKlass com/jetbrains/php/testFramework/PhpTestFrameworkSettingsManager
instanceKlass com/jetbrains/php/config/interpreters/PhpInterpretersStateListener
instanceKlass com/jetbrains/php/lang/findUsages/PhpFindUsagesConfiguration
instanceKlass com/jetbrains/php/config/PhpProjectConfigurationFacade
instanceKlass com/jetbrains/php/config/PhpCustomFormatFunctionsConfiguration
instanceKlass com/jetbrains/php/config/PhpAnalysisConfiguration
instanceKlass com/jetbrains/php/config/PhpRuntimeConfiguration
instanceKlass com/jetbrains/php/config/PhpProjectSharedConfiguration
instanceKlass com/jetbrains/php/config/PhpProjectWorkspaceConfiguration
instanceKlass com/jetbrains/smarty/config/SmartyConfiguration
instanceKlass com/jetbrains/php/debug/validation/PhpWebServerValidationCache
instanceKlass com/jetbrains/php/debug/connection/PhpDebugExternalConnectionsProjectManager
instanceKlass com/jetbrains/php/debug/listener/PhpDebugExternalConnectionsAccepter
instanceKlass com/jetbrains/php/util/connection/ServerConnectionListener
instanceKlass com/jetbrains/php/config/servers/PhpServersWorkspaceStateComponent
instanceKlass com/jetbrains/php/config/servers/PhpProjectServersManager
instanceKlass com/intellij/execution/testframework/TestTreeViewAction
instanceKlass com/jetbrains/php/debug/stepFilters/PhpStepFiltersConfiguration
instanceKlass com/jetbrains/php/debug/xdebug/proxy/DBGPProxySettings
instanceKlass com/jetbrains/php/debug/PhpDebugSkippedPathsConfiguration
instanceKlass com/jetbrains/php/debug/PhpProjectDebugConfiguration
instanceKlass com/jetbrains/php/templates/PhpTemplatesSettings
instanceKlass org/jetbrains/plugins/github/GithubShareAction$Companion
instanceKlass com/jetbrains/php/config/interpreters/PhpInterpretersPhpInfoCacheBase
instanceKlass com/intellij/javascript/nodejs/packageJson/NodePackageBasicInfo
instanceKlass com/jetbrains/php/config/interpreters/PhpInterpretersPhpInfoCacheImpl
instanceKlass com/jetbrains/php/config/interpreters/PhpInterpretersPhpInfoCache
instanceKlass com/jetbrains/php/config/interpreters/PhpInterpretersBaseManager
instanceKlass com/jetbrains/php/config/interpreters/PhpInterpretersManagerImpl
instanceKlass com/jetbrains/php/config/interpreters/PhpInterpretersManager
instanceKlass com/intellij/ws/http/request/run/HttpRequestHistoryManager
instanceKlass com/intellij/ws/rest/client/RestClientSettings
instanceKlass com/intellij/javascript/nodejs/reference/NodePathManager
instanceKlass com/intellij/javascript/nodejs/execution/NodeRunConfigurationAccessor
instanceKlass com/jetbrains/nodejs/run/profile/heap/view/components/V8HeapComponent
instanceKlass com/jetbrains/plugins/reactnative/ReactNativePackagerConfiguration
instanceKlass com/jetbrains/plugins/reactnative/ReactNativePackager
instanceKlass org/angularjs/codeInsight/router/AngularUiRouterProviderContext
instanceKlass com/intellij/coverage/BaseCoverageAnnotator
instanceKlass com/intellij/coverage/CoverageAnnotator
instanceKlass com/intellij/internal/statistic/collectors/fus/actions/persistence/ActionIdProvider
instanceKlass com/intellij/javascript/nodejs/execution/DefinedEnvironmentVariablesProvider
instanceKlass com/intellij/webcore/packaging/PackageManagementService
instanceKlass com/intellij/lang/javascript/bower/BowerSettingsManager
instanceKlass com/intellij/javascript/nodejs/library/core/NodeCoreLibraryConfigurator
instanceKlass com/intellij/javascript/nodejs/packageJson/PackageJsonDependenciesExternalUpdateManager
instanceKlass com/intellij/javascript/nodejs/packageJson/DefaultPackageJsonNotifierConfiguration
instanceKlass com/intellij/javascript/nodejs/packageJson/PackageJsonNotifierConfiguration
instanceKlass com/intellij/javascript/nodejs/packageJson/PackageJsonUpdateNotifier
instanceKlass com/intellij/javascript/nodejs/packageJson/PackageJsonFileManager
instanceKlass com/intellij/javascript/nodejs/library/NodeModulesDirectoryManager
instanceKlass com/intellij/javascript/nodejs/npm/NpmManager
instanceKlass com/intellij/javascript/nodejs/interpreter/NodeJsInterpreterManager
instanceKlass com/intellij/javascript/nodejs/library/NodeJsCoreLibraryManager
instanceKlass com/intellij/javascript/nodejs/library/core/NodeCoreLibraryManager
instanceKlass com/intellij/javascript/nodejs/reference/NodeModuleManager
instanceKlass com/intellij/lang/typescript/settings/exclude/TypeScriptExcludeManager
instanceKlass com/intellij/lang/javascript/settings/JSRootConfiguration
instanceKlass com/intellij/database/run/ui/grid/GridSearchSession
instanceKlass com/intellij/find/SearchSession
instanceKlass com/intellij/lang/javascript/library/download/TypeScriptStubsDownloaderProvider
instanceKlass com/intellij/webcore/libraries/ui/download/AdditionalDownloadableLibraryProvider
instanceKlass com/intellij/lang/javascript/linter/eslint/standardjs/StandardJSLanguageServiceManager
instanceKlass com/intellij/lang/javascript/linter/MultiRootJSLinterLanguageServiceManager
instanceKlass com/intellij/xdebugger/impl/reveal/actions/XDebuggerRevealAction$Companion
instanceKlass com/intellij/lang/javascript/flow/FlowJSConfigServiceImpl
instanceKlass com/intellij/lang/javascript/flow/flowconfig/FlowJSConfigService
instanceKlass com/intellij/usages/UsageSearcher
instanceKlass com/intellij/util/Generator
instanceKlass com/intellij/lang/javascript/flow/FlowJSServerManager
instanceKlass com/intellij/usages/UsageViewManager$UsageViewStateListener
instanceKlass com/intellij/lang/javascript/flow/FlowJSSettingsManager
instanceKlass com/intellij/lang/javascript/flow/FlowJSToolWindowProvider
instanceKlass com/intellij/lang/javascript/completion/JSCompletionService
instanceKlass com/intellij/lang/javascript/frameworks/react/JSXAttributeCustomMapping
instanceKlass com/intellij/lang/javascript/library/download/TypeScriptRelatedPackagesStorage
instanceKlass com/intellij/lang/typescript/psi/TypeScriptDeclarationMappingsImpl
instanceKlass com/intellij/lang/typescript/psi/TypeScriptDeclarationMappings
instanceKlass com/intellij/htmltools/xml/actions/navigation/HtmlTableCellNavigateRightAction$1
instanceKlass com/intellij/lang/typescript/tsconfig/TypeScriptConfigLibraryUpdater
instanceKlass com/intellij/lang/typescript/TypeScriptSettings
instanceKlass com/intellij/lang/ecmascript6/resolve/JSFileReferenceCache
instanceKlass com/jetbrains/php/phing/PhingBundle
instanceKlass com/intellij/lang/javascript/settings/JSCodeStyleSymbolPresentationProvider
instanceKlass com/intellij/lang/javascript/settings/JSSymbolPresentationProvider
instanceKlass com/intellij/lang/typescript/tsconfig/graph/TypeScriptConfigGraphCache
instanceKlass com/intellij/lang/typescript/library/TypeScriptServiceDirectoryWatcher
instanceKlass com/intellij/lang/typescript/tsconfig/TypeScriptConfigServiceImpl
instanceKlass com/intellij/lang/typescript/tsconfig/TypeScriptConfigService
instanceKlass com/intellij/lang/typescript/tsconfig/JSConfigService
instanceKlass com/intellij/lang/javascript/psi/types/JSTypeComparingContextService
instanceKlass com/intellij/lang/typescript/library/TypeScriptLibraryProviderImpl
instanceKlass com/intellij/lang/typescript/library/TypeScriptLibraryProvider
instanceKlass com/intellij/vcs/log/ui/AbstractVcsLogUi
instanceKlass com/intellij/lang/typescript/compiler/TypeScriptCompilerSettingsTracker
instanceKlass com/intellij/lang/typescript/compiler/TypeScriptCompilerSettings
instanceKlass com/intellij/lang/typescript/compiler/languageService/TypeScriptLanguageServiceEvents
instanceKlass com/intellij/lang/typescript/compiler/TypeScriptToolWindowProvider
instanceKlass com/intellij/lang/javascript/service/JSAsyncLanguageServiceBase
instanceKlass com/intellij/lang/typescript/compiler/TypeScriptService
instanceKlass com/intellij/lang/javascript/service/JSLanguageService
instanceKlass icons/CoffeescriptIcons
instanceKlass com/intellij/codeInsight/editorActions/moveLeftRight/MoveElementLeftRightActionHandler$$Lambda$784
instanceKlass com/intellij/lang/javascript/findUsages/JavaScriptFindUsagesConfiguration
instanceKlass com/intellij/lang/javascript/linter/JSLinterEditorNotifications
instanceKlass com/intellij/lang/javascript/psi/controlflow/JSControlFlowService
instanceKlass com/intellij/lang/javascript/linter/LinterUnsavedConfigFileManager
instanceKlass com/intellij/lang/javascript/linter/JSLinterConfigChangeTracker
instanceKlass com/intellij/lang/javascript/buildTools/webpack/WebPackConfigCache
instanceKlass com/intellij/lang/javascript/buildTools/webpack/WebPackConfigManager
instanceKlass com/jetbrains/php/profiler/xdebug/model2/XModelBuilderInterface
instanceKlass com/intellij/lang/javascript/buildTools/base/JsbtTreeLayoutManager
instanceKlass com/intellij/javascript/testing/JSTestFailedLineManager
instanceKlass com/intellij/javascript/debugger/sourcemap/visualizer/actions/BaseSourceMapAction$Companion
instanceKlass org/jetbrains/plugins/terminal/arrangement/TerminalArrangementManager
instanceKlass org/jetbrains/plugins/terminal/TerminalProjectOptionsProvider
instanceKlass com/intellij/webcore/WebCoreBundle
instanceKlass org/jetbrains/plugins/github/pullrequest/GithubPullRequestsComponentFactory
instanceKlass org/jetbrains/plugins/github/pullrequest/GithubPullRequestsToolWindowManager
instanceKlass org/jetbrains/plugins/github/authentication/accounts/GithubProjectDefaultAccountHolder
instanceKlass org/jetbrains/plugins/github/util/GithubSharedProjectSettings
instanceKlass org/jetbrains/plugins/github/util/GithubProjectSettings
instanceKlass org/jetbrains/plugins/github/extensions/GithubAccountGitAuthenticationFailureManager
instanceKlass org/jetbrains/plugins/github/pullrequest/config/GithubPullRequestsProjectUISettings
instanceKlass com/intellij/sql/psi/SqlPsiFacade
instanceKlass com/intellij/sql/SqlGeneralExecutionFlowAnalyzer
instanceKlass com/intellij/sql/psi/SqlExecutionFlowAnalyzer
instanceKlass com/intellij/sql/database/SqlDataSourceStorage
instanceKlass com/intellij/sql/dialects/SqlDataSourceMappings
instanceKlass com/jetbrains/php/debug/connection/Request
instanceKlass com/jetbrains/php/debug/connection/ResponseHandler
instanceKlass com/intellij/database/script/generator/ui/ScriptGeneratorSettings
instanceKlass com/intellij/database/dataSource/srcStorage/DbSrcMapping
instanceKlass com/jetbrains/php/debug/validation/PhpValidateWebServerAction$$Lambda$783
instanceKlass com/jetbrains/php/config/servers/PhpServer
instanceKlass com/intellij/database/dataSource/srcStorage/backend/DbSrcStorageManager
instanceKlass com/intellij/openapi/vcs/ex/Range
instanceKlass com/intellij/database/dataSource/srcStorage/DbSrcChangesTracker
instanceKlass com/intellij/openapi/vcs/ex/LineStatusTrackerI
instanceKlass com/intellij/database/diff/TableDiffSettingsHolder
instanceKlass com/intellij/database/console/ExecutionTargetDialog$DialogState
instanceKlass com/intellij/database/view/DatabaseColorManager
instanceKlass com/intellij/openapi/project/ProjectBundle
instanceKlass com/intellij/database/console/client/SessionClientHolder
instanceKlass com/intellij/openapi/roots/ui/configuration/ModuleSourceRootEditHandler
instanceKlass org/jetbrains/jps/model/ex/JpsElementTypeBase
instanceKlass org/jetbrains/jps/model/module/JpsModuleSourceRootType
instanceKlass org/jetbrains/jps/model/JpsElementTypeWithDefaultProperties
instanceKlass com/intellij/database/DataBus
instanceKlass com/intellij/database/psi/DbFindUsagesOptionsProvider
instanceKlass com/intellij/database/dataSource/DataSourceStorageLocal
instanceKlass com/intellij/ide/actions/EditCustomVmOptionsAction$Companion
instanceKlass org/intellij/plugins/intelliLang/inject/TemporaryPlacesRegistry
instanceKlass com/intellij/ui/UserActivityProviderComponent
instanceKlass org/editorconfig/language/services/EditorConfigFileHierarchyService
instanceKlass org/editorconfig/language/services/impl/EditorConfigElementFactoryImpl
instanceKlass org/editorconfig/language/services/EditorConfigElementFactory
instanceKlass com/intellij/database/datagrid/DataAuditor
instanceKlass org/editorconfig/configmanagement/editor/EditorConfigPreviewManager
instanceKlass org/zmlx/hg4idea/provider/update/HgUpdateConfigurationSettings
instanceKlass org/zmlx/hg4idea/HgProjectSettings
instanceKlass org/jetbrains/plugins/cucumber/steps/CucumberStepsIndex
instanceKlass com/intellij/ui/content/ContentManagerAdapter
instanceKlass com/intellij/psi/css/CssElementFactory
instanceKlass com/intellij/plugins/watcher/model/TasksPersistentComponent
instanceKlass com/jetbrains/plugins/webDeployment/DeploymentCache
instanceKlass com/jetbrains/plugins/webDeployment/remoteEdit/fs/RemoteEditedFilesUploadingService
instanceKlass com/jetbrains/plugins/webDeployment/config/OldPublishConfigStateHolder
instanceKlass com/intellij/htmltools/xml/actions/HtmlAddTableColumnAfterAction$1
instanceKlass com/jetbrains/plugins/webDeployment/config/PublishConfig
instanceKlass com/jetbrains/plugins/webDeployment/config/WebServersAuthStorage
instanceKlass com/jetbrains/plugins/webDeployment/config/WebServersConfigManagerBaseImpl
instanceKlass com/jetbrains/plugins/webDeployment/config/GroupedServersConfigManagerImpl
instanceKlass com/jetbrains/plugins/webDeployment/config/GroupedServersConfigManager
instanceKlass com/jetbrains/plugins/webDeployment/config/WebServersConfigManager
instanceKlass com/jetbrains/plugins/webDeployment/DeploymentRevisionTrackerBase
instanceKlass com/jetbrains/php/debug/xdebug/dbgp/messages/DbgpOutputMessage
instanceKlass com/jetbrains/php/debug/connection/OutputMessage
instanceKlass com/jetbrains/php/debug/connection/Message
instanceKlass com/jetbrains/plugins/webDeployment/DeploymentRevisionTracker
instanceKlass com/jetbrains/php/debug/connection/InputReader
instanceKlass com/jetbrains/plugins/webDeployment/conflicts/RemoteChangeNotifier
instanceKlass com/jetbrains/changeReminder/predict/PredictionService
instanceKlass com/intellij/javascript/debugger/JSDebuggerBundle
instanceKlass com/intellij/tasks/timeTracking/TimeTrackingManager
instanceKlass com/intellij/ide/actions/runAnything/RunAnythingAction$$Lambda$782
instanceKlass com/intellij/tasks/impl/TaskProjectConfiguration
instanceKlass com/intellij/diagram/DiagramActionsManager
instanceKlass com/intellij/copyright/CopyrightManager
instanceKlass com/maddyhome/idea/copyright/actions/UpdateCopyrightCheckinHandlerState
instanceKlass com/intellij/lang/apacheConfig/rewriting/UrlRewriteEngine
instanceKlass org/intellij/plugins/xpathView/XPathProjectComponent
instanceKlass org/intellij/lang/xpath/xslt/associations/impl/FileAssociationsConfigurable$UIState
instanceKlass com/intellij/openapi/editor/EditorBundle
instanceKlass org/jetbrains/idea/svn/branchConfig/SvnLoadedBranchesStorage
instanceKlass org/jetbrains/idea/svn/mergeinfo/SvnMergeInfoCache
instanceKlass com/intellij/ide/actions/CreateLauncherScriptAction$$Lambda$781
instanceKlass org/jetbrains/idea/svn/history/LoadedRevisionsCache
instanceKlass org/jetbrains/idea/svn/branchConfig/SvnBranchConfigurationManager
instanceKlass org/jetbrains/idea/svn/SvnFileUrlMappingImpl
instanceKlass org/jetbrains/idea/svn/SvnFileUrlMapping
instanceKlass com/intellij/openapi/vcs/AbstractVcs$RootsConvertor
instanceKlass org/jetbrains/idea/svn/SvnConfiguration
instanceKlass org/jetbrains/idea/perforce/perforce/login/PerforceLoginManager
instanceKlass org/jetbrains/idea/perforce/perforce/login/LoginSupport
instanceKlass com/intellij/openapi/vcs/impl/GenericNotifierImpl
instanceKlass org/jetbrains/idea/perforce/application/PerforceBaseInfoWorker
instanceKlass org/jetbrains/idea/perforce/application/ClientRootsCache
instanceKlass org/jetbrains/idea/perforce/application/LastSuccessfulUpdateTracker
instanceKlass org/jetbrains/idea/perforce/operations/VcsOperationLog
instanceKlass org/jetbrains/idea/perforce/perforce/PerforceSettings
instanceKlass org/jetbrains/idea/perforce/perforce/PerforcePhysicalConnectionParametersI
instanceKlass org/jetbrains/idea/perforce/perforce/PerforceRunner
instanceKlass org/jetbrains/idea/perforce/perforce/PerforceRunnerI
instanceKlass com/intellij/xml/actions/xmlbeans/Xsd2InstanceUtils$SchemaReferenceProcessor
instanceKlass javax/swing/ComboBoxModel
instanceKlass org/jetbrains/idea/perforce/perforce/connections/PerforceConnectionManager
instanceKlass org/jetbrains/idea/perforce/perforce/connections/PerforceConnectionManagerI
instanceKlass org/jetbrains/idea/perforce/application/PerforceManager
instanceKlass git4idea/fetch/GitFetchSupportImpl
instanceKlass git4idea/fetch/GitFetchSupport
instanceKlass com/intellij/vcs/log/impl/VcsLogUiPropertiesImpl
instanceKlass com/intellij/vcs/log/impl/MainVcsLogUiProperties
instanceKlass git4idea/config/GitExecutableProblemsNotifier
instanceKlass git4idea/branch/DeepComparatorHolder
instanceKlass com/jetbrains/php/lang/actions/generation/PhpGenerateFieldAccessorHandlerBase
instanceKlass git4idea/GitUserRegistry
instanceKlass git4idea/branch/GitBrancherImpl
instanceKlass git4idea/branch/GitBrancher
instanceKlass git4idea/util/GitVcsConsoleWriter
instanceKlass com/intellij/execution/ExecutableValidator
instanceKlass git4idea/config/GitSharedSettings
instanceKlass git4idea/config/GitRebaseSettings
instanceKlass git4idea/config/GitVcsSettings
instanceKlass com/intellij/dvcs/branch/DvcsCompareSettings
instanceKlass com/intellij/dvcs/branch/DvcsSyncSettings
instanceKlass git4idea/rollback/GitRollbackEnvironment
instanceKlass com/intellij/openapi/vcs/rollback/RollbackEnvironment
instanceKlass git4idea/history/GitHistoryProvider
instanceKlass com/intellij/openapi/vcs/history/VcsBaseRevisionAdviser
instanceKlass com/intellij/openapi/vcs/history/VcsCacheableHistorySessionFactory
instanceKlass com/intellij/vcs/history/VcsHistoryProviderEx
instanceKlass com/intellij/openapi/vcs/history/VcsHistoryProvider
instanceKlass git4idea/status/GitChangeProvider
instanceKlass com/intellij/openapi/vcs/changes/ChangeProvider
instanceKlass icons/JavaScriptPsiIcons
instanceKlass icons/JavaScriptPsiIcons$FileTypes
instanceKlass git4idea/checkin/GitCheckinEnvironment
instanceKlass com/intellij/vcs/commit/AmendCommitAware
instanceKlass com/intellij/openapi/vcs/checkin/CheckinEnvironment
instanceKlass com/intellij/database/view/ui/ResultProcessorProvider
instanceKlass com/intellij/execution/RunnerAndConfigurationSettings
instanceKlass git4idea/diff/GitDiffProvider
instanceKlass com/intellij/openapi/vcs/diff/DiffMixin
instanceKlass com/intellij/openapi/vcs/diff/DiffProvider
instanceKlass git4idea/annotate/GitAnnotationProvider
instanceKlass com/intellij/vcs/AnnotationProviderEx
instanceKlass com/intellij/openapi/vcs/annotate/AnnotationProvider
instanceKlass com/intellij/htmltools/xml/actions/navigation/HtmlTableCellNavigateUpAction$1
instanceKlass com/intellij/ide/actions/EditCustomPropertiesAction$Companion
instanceKlass git4idea/branch/GitBranchIncomingOutgoingManager
instanceKlass git4idea/commands/GitAuthenticationListener
instanceKlass git4idea/repo/GitRepositoryChangeListener
instanceKlass com/intellij/dvcs/branch/DvcsBranchManager
instanceKlass com/intellij/openapi/file/exclude/PersistentFileSetManager
instanceKlass com/intellij/remoteServer/configuration/deployment/DeploymentConfigurationManager
instanceKlass com/intellij/remoteServer/runtime/ui/RemoteServersView
instanceKlass com/intellij/coverage/view/CoverageViewManager
instanceKlass com/intellij/coverage/CoverageOptionsProvider
instanceKlass com/jetbrains/clones/toolwindow/DuplicateViewManager
instanceKlass com/intellij/dupLocator/DuplocateManager
instanceKlass com/intellij/structuralsearch/plugin/ui/ConfigurationManager
instanceKlass com/intellij/structuralsearch/plugin/ui/ExistingTemplatesComponent
instanceKlass com/intellij/structuralsearch/plugin/StructuralSearchPlugin
instanceKlass com/jetbrains/jsonSchema/impl/JsonSchemaServiceImpl
instanceKlass com/jetbrains/jsonSchema/ide/JsonSchemaService
instanceKlass com/jetbrains/jsonSchema/JsonSchemaCatalogProjectConfiguration
instanceKlass com/jetbrains/jsonSchema/JsonSchemaMappingsProjectConfiguration
instanceKlass com/intellij/database/run/actions/ChooseSessionAction$ActionContext
instanceKlass com/intellij/spellchecker/state/ProjectDictionaryState
instanceKlass com/intellij/spellchecker/SpellCheckerManager
instanceKlass com/intellij/spellchecker/settings/SpellCheckerSettings
instanceKlass org/intellij/images/search/ImageTagManager
instanceKlass org/intellij/images/thumbnail/ThumbnailManager
instanceKlass com/intellij/psi/XmlElementFactory
instanceKlass com/intellij/codeInsight/actions/MultiCaretCodeInsightActionHandler
instanceKlass com/intellij/util/xml/actions/generate/DomTemplateRunner
instanceKlass com/intellij/util/xml/DomElementsNavigationManager
instanceKlass com/intellij/database/csv/ui/CsvFormatsUI
instanceKlass com/intellij/util/xml/ui/CommittableUtil
instanceKlass com/intellij/database/csv/ui/preview/CsvFormatPreview
instanceKlass org/jetbrains/builtInWebServer/WebServerPathToFileManager
instanceKlass com/intellij/dvcs/cherrypick/VcsCherryPickManager
instanceKlass com/intellij/dvcs/push/PushSettings
instanceKlass com/intellij/vcs/log/statistics/VcsLogIndexCollector
instanceKlass com/intellij/vcs/log/history/VcsDirectoryRenamesProvider
instanceKlass com/intellij/database/model/ObjectKind
instanceKlass com/intellij/vcs/log/history/FileHistoryUiProperties
instanceKlass com/intellij/vcs/log/impl/VcsLogUiProperties
instanceKlass com/intellij/vcs/log/data/VcsUserRegistryImpl
instanceKlass com/intellij/vcs/log/VcsUserRegistry
instanceKlass com/intellij/vcs/log/impl/VcsLogProjectTabsProperties
instanceKlass com/intellij/vcs/log/impl/VcsLogTabsProperties
instanceKlass com/intellij/codeInspection/IntentionAndQuickFixAction
instanceKlass com/intellij/codeInspection/LocalQuickFix
instanceKlass com/intellij/codeInspection/QuickFix
instanceKlass com/intellij/vcs/log/impl/VcsLogObjectsFactoryImpl
instanceKlass com/intellij/vcs/log/VcsLogObjectsFactory
instanceKlass com/intellij/vcs/log/impl/VcsProjectLog
instanceKlass com/intellij/vcs/log/impl/VcsLogSharedSettings
instanceKlass com/intellij/openapi/graph/settings/GraphSettingsProvider
instanceKlass com/intellij/openapi/graph/impl/builder/GraphEditModeFactory
instanceKlass com/intellij/openapi/graph/builder/dnd/ProjectViewDnDHelper
instanceKlass com/intellij/openapi/graph/builder/GraphBuilderFactory
instanceKlass com/intellij/xdebugger/memory/component/InstancesTracker
instanceKlass com/intellij/xdebugger/impl/XDebuggerHistoryManager
instanceKlass com/intellij/xdebugger/impl/breakpoints/ui/BreakpointsDialogFactory
instanceKlass com/intellij/xdebugger/impl/evaluate/quick/common/ValueLookupManager
instanceKlass com/intellij/openapi/vcs/changes/VcsIgnoreManagerImpl
instanceKlass com/intellij/openapi/vcs/changes/VcsIgnoreManager
instanceKlass com/intellij/openapi/vcs/ProjectConfigurationFilesStoreState
instanceKlass com/intellij/openapi/vcs/changes/ignore/IgnoredFileGeneratorImpl$IgnoredFileRootStore
instanceKlass com/intellij/openapi/vcs/changes/ignore/IgnoredFileGeneratorImpl
instanceKlass com/intellij/openapi/vcs/changes/IgnoredFileGenerator
instanceKlass com/intellij/icons/AllIcons$Javaee
instanceKlass com/intellij/openapi/vcs/changes/ignore/cache/IgnorePatternsMatchedFilesCache
instanceKlass com/intellij/openapi/vcs/changes/ignore/cache/PatternCache
instanceKlass com/intellij/openapi/vcs/contentAnnotation/ContentAnnotationCacheImpl
instanceKlass com/intellij/openapi/vcs/contentAnnotation/ContentAnnotationCache
instanceKlass com/intellij/openapi/vcs/contentAnnotation/VcsContentAnnotationImpl
instanceKlass com/intellij/openapi/vcs/contentAnnotation/VcsContentAnnotation
instanceKlass com/intellij/openapi/vcs/changes/VcsDirtyScopeVfsListener
instanceKlass com/intellij/openapi/vcs/CodeSmellDetector
instanceKlass com/intellij/openapi/vcs/changes/ui/ChangesFileNameDecorator
instanceKlass com/intellij/openapi/vcs/changes/patch/PatchBaseDirectoryDetector
instanceKlass com/intellij/openapi/vcs/VcsNotifier
instanceKlass com/intellij/openapi/vcs/roots/VcsRootDetectorImpl
instanceKlass com/intellij/openapi/vcs/roots/VcsRootDetector
instanceKlass com/jetbrains/php/tools/quality/QualityToolBlackList
instanceKlass com/jetbrains/php/tools/quality/QualityToolsIgnoreFilesConfigurable
instanceKlass com/intellij/openapi/vcs/contentAnnotation/VcsContentAnnotationSettings
instanceKlass com/jetbrains/php/tools/quality/QualityToolProjectConfigurableForm
instanceKlass com/intellij/openapi/vcs/VcsConfiguration
instanceKlass com/intellij/openapi/diff/DirDiffManager
instanceKlass com/intellij/openapi/vcs/AbstractVcsHelper
instanceKlass com/intellij/database/model/DasColumn
instanceKlass com/intellij/database/model/DasPositioned
instanceKlass com/intellij/database/model/DasTypedObject
instanceKlass com/intellij/database/model/DasTableChild
instanceKlass com/intellij/lang/injection/InjectedLanguageManager
instanceKlass com/intellij/ide/bookmarks/BookmarkManager
instanceKlass com/intellij/openapi/ui/ListComponentUpdater
instanceKlass com/intellij/platform/ProjectBaseDirectory
instanceKlass com/intellij/openapi/vcs/impl/VcsPathPresenter
instanceKlass com/intellij/refactoring/RefactoringFactory
instanceKlass com/intellij/usages/rules/SingleParentUsageGroupingRule
instanceKlass com/intellij/usages/rules/UsageGroupingRule
instanceKlass com/intellij/openapi/roots/ui/configuration/ProjectSettingsService
instanceKlass com/intellij/ide/projectView/impl/nodes/ProjectViewDirectoryHelper
instanceKlass com/intellij/ide/todo/nodes/TodoTreeHelper
instanceKlass com/intellij/psi/impl/file/PsiDirectoryFactory
instanceKlass com/intellij/openapi/externalSystem/service/project/ExternalProjectsWorkspaceImpl
instanceKlass com/intellij/openapi/externalSystem/service/project/manage/ExternalProjectsDataStorage
instanceKlass com/intellij/configurationStore/SettingsSavingComponentJavaAdapter
instanceKlass org/jetbrains/idea/svn/diff/ElementWithBranchComparer
instanceKlass com/intellij/openapi/externalSystem/service/project/manage/ExternalProjectsManagerImpl
instanceKlass com/intellij/openapi/externalSystem/service/project/manage/ExternalProjectsManager
instanceKlass com/intellij/openapi/externalSystem/service/notification/ExternalSystemNotificationManager
instanceKlass com/intellij/codeInsight/daemon/impl/IntentionsUI
instanceKlass com/intellij/ide/diff/DirDiffElement
instanceKlass com/intellij/build/AbstractViewManager
instanceKlass com/intellij/build/BuildProgressListener
instanceKlass com/intellij/build/ViewManager
instanceKlass com/intellij/build/BuildContentManagerImpl
instanceKlass com/intellij/build/BuildContentManager
instanceKlass com/intellij/ide/actions/ToolWindowViewModeAction$1
instanceKlass com/intellij/task/impl/ExecutionEnvironmentProviderImpl
instanceKlass com/intellij/execution/runners/ExecutionEnvironmentProvider
instanceKlass com/intellij/task/ProjectTaskManager
instanceKlass com/intellij/ide/actions/runAnything/RunAnythingCache
instanceKlass com/intellij/ide/actions/runAnything/RunAnythingManager
instanceKlass com/intellij/ide/actions/searcheverywhere/SearchEverywhereManagerImpl
instanceKlass com/intellij/ide/actions/searcheverywhere/SearchEverywhereManager
instanceKlass com/intellij/htmltools/xml/actions/navigation/HtmlTableCellNavigateLeftAction$1
instanceKlass com/intellij/execution/TestStateStorage
instanceKlass com/intellij/openapi/preview/impl/PreviewManagerImpl
instanceKlass com/intellij/openapi/preview/PreviewManager
instanceKlass com/intellij/execution/ui/RunContentManagerImpl
instanceKlass com/intellij/execution/ui/RunContentManager
instanceKlass com/intellij/openapi/editor/actionSystem/LatencyAwareEditorAction
instanceKlass com/intellij/execution/services/ServiceViewManagerImpl
instanceKlass com/intellij/execution/services/ServiceViewManager
instanceKlass com/intellij/xdebugger/XExpression
instanceKlass com/intellij/execution/dashboard/RunDashboardManagerImpl
instanceKlass com/intellij/execution/dashboard/RunDashboardManager
instanceKlass com/intellij/execution/ExecutionTargetManager
instanceKlass com/intellij/openapi/module/ModulePointerManager
instanceKlass com/intellij/execution/ui/RunnerLayoutUi$Factory
instanceKlass com/intellij/ide/projectView/ProjectView
instanceKlass com/intellij/database/model/basic/BasicElement
instanceKlass com/intellij/database/model/basic/BasicNode
instanceKlass com/intellij/usageView/UsageViewManager
instanceKlass com/intellij/usageView/UsageViewContentManager
instanceKlass com/intellij/codeInspection/InspectionManager
instanceKlass com/intellij/ide/structureView/StructureViewFactory
instanceKlass com/intellij/ide/todo/TodoView
instanceKlass com/intellij/execution/RunConfigurationProducerService
instanceKlass com/intellij/lang/PerFileMappingsBase
instanceKlass com/intellij/lang/PerFileMappings
instanceKlass com/intellij/codeInsight/daemon/impl/CachedAnnotators
instanceKlass com/intellij/tools/ToolsProjectConfig
instanceKlass com/intellij/codeInsight/template/TemplateManager
instanceKlass com/intellij/semantic/SemService
instanceKlass com/intellij/codeInspection/ex/ProjectInspectionProfilesVisibleTreeState
instanceKlass com/intellij/codeInsight/daemon/impl/ErrorStripeUpdateManager
instanceKlass com/intellij/codeInsight/highlighting/HighlightManager
instanceKlass com/intellij/slicer/SliceManager
instanceKlass com/intellij/slicer/SliceToolwindowSettings
instanceKlass com/intellij/openapi/roots/impl/LibraryScopeCache
instanceKlass com/intellij/ui/FileColorManager
instanceKlass com/intellij/openapi/roots/ProjectRootModificationTracker
instanceKlass com/intellij/psi/impl/source/resolve/ResolveCache
instanceKlass com/intellij/psi/impl/ResolveScopeManager
instanceKlass com/intellij/psi/impl/cache/impl/IndexTodoCacheManagerImpl
instanceKlass com/intellij/psi/impl/cache/TodoCacheManager
instanceKlass com/intellij/psi/impl/cache/impl/IndexCacheManagerImpl
instanceKlass com/intellij/psi/impl/cache/CacheManager
instanceKlass com/intellij/ide/util/TreeFileChooserFactory
instanceKlass com/intellij/moduleDependencies/DependenciesAnalyzeManager
instanceKlass com/intellij/codeInsight/documentation/DockablePopupManager
instanceKlass icons/PhpspecIcons
instanceKlass com/intellij/packageDependencies/DependenciesToolWindow
instanceKlass com/intellij/ide/hierarchy/HierarchyBrowserManager
instanceKlass com/intellij/ide/util/gotoByName/ChooseByNameFilterConfiguration
instanceKlass com/intellij/database/dump/ExtractionHelper
instanceKlass com/intellij/psi/impl/PsiParserFacadeImpl
instanceKlass com/intellij/psi/PsiParserFacade
instanceKlass com/intellij/database/dump/DumpHandler
instanceKlass com/intellij/find/FindManager
instanceKlass com/intellij/diagnostic/logging/LogFilterRegistrar
instanceKlass com/intellij/lang/javascript/psi/JSStatement
instanceKlass com/intellij/codeEditor/printing/ExportToHTMLSettings
instanceKlass com/intellij/lang/javascript/psi/JSInitializerOwner
instanceKlass com/intellij/lang/javascript/refactoring/react/ReactFunctionalToClassComponentHandler
instanceKlass com/intellij/util/LogicalRootsManager
instanceKlass com/intellij/refactoring/listeners/RefactoringListenerManager
instanceKlass com/intellij/ide/util/gotoByName/ChooseByNameFactory
instanceKlass com/intellij/analysis/AnalysisUIOptions
instanceKlass com/intellij/usages/UsageViewManager
instanceKlass com/intellij/vcs/log/VcsLogUi
instanceKlass com/intellij/codeStyle/CodeStyleFacade
instanceKlass com/intellij/codeInsight/AutoPopupController
instanceKlass com/intellij/framework/detection/impl/exclude/old/OldFacetDetectionExcludesConfiguration
instanceKlass com/intellij/vcs/log/VcsLogFilter
instanceKlass com/intellij/framework/detection/DetectionExcludesConfiguration
instanceKlass com/intellij/openapi/module/impl/AutomaticModuleUnloader
instanceKlass com/intellij/openapi/module/ProjectLoadingErrorsNotifier
instanceKlass com/intellij/profile/codeInspection/ui/header/InspectionToolsConfigurable
instanceKlass com/intellij/facet/impl/invalid/InvalidFacetManager
instanceKlass com/intellij/openapi/options/Configurable$NoScroll
instanceKlass com/intellij/profile/codeInspection/ui/ErrorsConfigurable
instanceKlass com/intellij/facet/ProjectFacetManager
instanceKlass com/intellij/facet/FacetFinder
instanceKlass com/intellij/facet/ProjectWideFacetListenersRegistry
instanceKlass com/intellij/psi/search/ProjectScopeBuilder
instanceKlass com/intellij/openapi/roots/impl/libraries/LibraryTableBase
instanceKlass com/intellij/openapi/roots/impl/libraries/ProjectLibraryTable
instanceKlass com/intellij/openapi/roots/libraries/LibraryTable
instanceKlass com/intellij/psi/impl/PsiCachedValuesFactory
instanceKlass com/intellij/util/CachedValuesFactory
instanceKlass com/intellij/psi/impl/include/FileIncludeManager
instanceKlass com/intellij/psi/codeStyle/CodeStyleManager
instanceKlass com/intellij/codeInsight/template/Macro
instanceKlass com/intellij/psi/codeStyle/FormattingModeAwareIndentAdjuster
instanceKlass org/jetbrains/plugins/github/GithubOpenInBrowserActionGroup$Companion
instanceKlass com/intellij/psi/SmartPointerManager
instanceKlass com/intellij/openapi/vcs/merge/MergeProvider
instanceKlass com/intellij/psi/text/BlockSupport
instanceKlass com/intellij/psi/PsiFileFactory
instanceKlass com/intellij/codeHighlighting/TextEditorHighlightingPassRegistrar
instanceKlass com/intellij/find/replaceInProject/ReplaceInProjectManager
instanceKlass com/intellij/find/findInProject/FindInProjectManager
instanceKlass com/intellij/codeInsight/daemon/impl/analysis/HighlightingLevelManager
instanceKlass com/intellij/psi/codeStyle/LegacyCodeStyleSettingsManager
instanceKlass com/intellij/psi/codeStyle/CodeStyleSettingsManager
instanceKlass com/intellij/codeInsight/CodeInsightWorkspaceSettings
instanceKlass com/intellij/find/impl/FindInProjectSettingsBase
instanceKlass com/intellij/find/FindInProjectSettings
instanceKlass com/intellij/codeInsight/lookup/LookupManager
instanceKlass com/intellij/psi/impl/search/PsiTodoSearchHelperImpl
instanceKlass com/intellij/psi/search/PsiTodoSearchHelper
instanceKlass com/intellij/psi/impl/search/PsiSearchHelperImpl
instanceKlass com/intellij/psi/search/PsiSearchHelper
instanceKlass com/intellij/pom/references/PomService
instanceKlass com/intellij/util/indexing/FileBasedIndexScanRunnableCollector
instanceKlass com/intellij/ide/fileTemplates/impl/FileTemplatesLoader
instanceKlass com/intellij/ide/fileTemplates/FileTemplateManager
instanceKlass com/intellij/tasks/context/WorkingContextManager
instanceKlass com/intellij/execution/startup/ProjectStartupTaskManager
instanceKlass com/intellij/execution/startup/ProjectStartupConfigurationBase
instanceKlass com/intellij/openapi/updateSettings/impl/pluginsAdvertisement/UnknownFeaturesCollector
instanceKlass com/intellij/openapi/wm/impl/ProjectFrameBounds
instanceKlass com/intellij/execution/impl/IprRunManagerImpl
instanceKlass com/intellij/execution/RunManager
instanceKlass com/intellij/icons/AllIcons$RunConfigurations
instanceKlass com/intellij/icons/AllIcons$Gutter
instanceKlass com/intellij/externalDependencies/ExternalDependenciesManager
instanceKlass com/intellij/openapi/project/ProjectReloadState
instanceKlass com/intellij/openapi/editor/LazyRangeMarkerFactory
instanceKlass com/intellij/openapi/vcs/VcsFileListenerContextHelper
instanceKlass com/intellij/execution/testframework/sm/TestHistoryConfiguration
instanceKlass com/intellij/execution/testframework/autotest/AbstractAutoTestManager
instanceKlass com/intellij/execution/testframework/export/ExportTestResultsConfiguration
instanceKlass com/intellij/openapi/vcs/changes/RemoteRevisionsCache
instanceKlass com/intellij/openapi/vcs/impl/projectlevelman/AllVcses
instanceKlass com/intellij/openapi/vcs/impl/projectlevelman/AllVcsesI
instanceKlass com/intellij/psi/util/CachedValuesManager
instanceKlass com/intellij/ui/tabs/FileColorProjectLevelConfigurationManager
instanceKlass com/intellij/ui/content/impl/MessageViewImpl
instanceKlass com/intellij/ui/content/MessageView
instanceKlass com/intellij/ui/RecentsManager
instanceKlass com/intellij/ide/SelectInEditorManager
instanceKlass com/intellij/ui/docking/DockManager
instanceKlass com/intellij/ide/errorTreeView/impl/ErrorTreeViewConfiguration
instanceKlass com/intellij/ide/SelectInManager
instanceKlass com/intellij/openapi/ui/MasterDetailsStateService
instanceKlass com/intellij/openapi/project/ProjectTypeService
instanceKlass com/intellij/openapi/vfs/ReadonlyStatusHandler
instanceKlass com/intellij/openapi/util/WindowStateService
instanceKlass org/w3c/dom/svg/SVGMaskElement
instanceKlass com/intellij/internal/statistic/service/fus/collectors/LegacyFUSProjectUsageTrigger
instanceKlass com/intellij/configurationStore/ProjectIdManager
instanceKlass com/intellij/openapi/fileEditor/impl/EditorHistoryManager
instanceKlass com/intellij/configurationStore/DefaultProjectElementNormalizerKt$moveComponentConfiguration$3
instanceKlass com/intellij/icons/AllIcons$ToolbarDecorator
instanceKlass com/intellij/icons/AllIcons$Modules
instanceKlass com/intellij/icons/AllIcons$ObjectBrowser
instanceKlass com/intellij/icons/AllIcons$Toolwindows
instanceKlass com/intellij/xml/util/XmlStringUtil
instanceKlass com/intellij/icons/AllIcons$Hierarchy
instanceKlass org/jdom/output/NamespaceStack
instanceKlass com/jetbrains/php/PhpIcons
instanceKlass com/intellij/util/PlatformIcons
instanceKlass org/jdom/internal/SystemProperty
instanceKlass org/jdom/output/Format$1
instanceKlass org/jdom/output/Format$EscapeStrategy7Bits
instanceKlass org/jdom/output/Format$EscapeStrategy8Bits
instanceKlass org/jdom/output/Format$EscapeStrategyUTF
instanceKlass org/jdom/output/EscapeStrategy
instanceKlass org/jdom/output/Format
instanceKlass com/intellij/configurationStore/DefaultProjectElementNormalizerKt
instanceKlass kotlinx/coroutines/IncompleteStateBox
instanceKlass kotlinx/coroutines/CompletedExceptionallyKt
instanceKlass kotlin/coroutines/jvm/internal/CompletedContinuation
instanceKlass com/intellij/openapi/project/ExternalStorageConfigurationManagerImpl
instanceKlass com/intellij/openapi/project/ExternalStorageConfigurationManager
instanceKlass com/intellij/openapi/project/ProjectUtilCore
instanceKlass com/intellij/configurationStore/SaveSessionBase
instanceKlass com/intellij/openapi/vfs/LargeFileWriteRequestor
instanceKlass com/intellij/configurationStore/SaveSessionProducer
instanceKlass icons/JavaScriptLanguageIcons$BuildTools
instanceKlass com/intellij/openapi/components/StateStorage$DefaultImpls
instanceKlass com/intellij/configurationStore/SaveSessionProducerManager
instanceKlass kotlinx/coroutines/internal/ThreadState
instanceKlass com/intellij/configurationStore/SaveExecutor
instanceKlass com/intellij/configurationStore/EdtPoolDispatcherKt$sam$java_lang_Runnable$0
instanceKlass kotlinx/coroutines/YieldKt
instanceKlass kotlinx/coroutines/BuildersKt__Builders_commonKt
instanceKlass com/intellij/lang/javascript/buildTools/base/JsbtTaskTreeView
instanceKlass com/intellij/application/UtilKt
instanceKlass com/intellij/lang/javascript/buildTools/base/JsbtFileStructure
instanceKlass com/intellij/lang/javascript/buildTools/base/JsbtFileManager
instanceKlass com/intellij/configurationStore/EdtPoolDispatcherKt
instanceKlass com/intellij/configurationStore/SaveResult$Companion
instanceKlass com/intellij/configurationStore/SaveResult
instanceKlass com/intellij/openapi/components/impl/stores/IComponentStore$DefaultImpls
instanceKlass kotlin/Result$Failure
instanceKlass kotlin/ResultKt
instanceKlass com/intellij/lang/javascript/buildTools/base/JsbtService
instanceKlass kotlin/Result$Companion
instanceKlass kotlin/Result
instanceKlass kotlinx/coroutines/CompletedExceptionally
instanceKlass kotlinx/coroutines/internal/OpDescriptor
instanceKlass kotlinx/coroutines/CoroutineName$Key
instanceKlass kotlinx/coroutines/ResumeModeKt
instanceKlass kotlinx/coroutines/DefaultTimeSource
instanceKlass kotlinx/coroutines/TimeSource
instanceKlass kotlinx/coroutines/TimeSourceKt
instanceKlass com/intellij/codeInsight/editorActions/moveUpDown/StatementUpDownMover
instanceKlass kotlinx/coroutines/internal/ThreadContextKt
instanceKlass kotlinx/coroutines/DispatchedKt
instanceKlass kotlinx/coroutines/scheduling/NonBlockingContext
instanceKlass kotlinx/coroutines/scheduling/Task
instanceKlass kotlin/coroutines/jvm/internal/DebugProbesKt
instanceKlass com/intellij/codeInsight/CodeInsightBundle
instanceKlass kotlin/coroutines/intrinsics/IntrinsicsKt__IntrinsicsJvmKt
instanceKlass kotlinx/coroutines/intrinsics/CancellableKt
instanceKlass kotlinx/coroutines/CoroutineStart$WhenMappings
instanceKlass kotlinx/coroutines/NonDisposableHandle
instanceKlass com/intellij/openapi/wm/impl/status/MemoryUsagePanel$$Lambda$780
instanceKlass kotlinx/coroutines/CoroutineExceptionHandler$Key
instanceKlass kotlinx/coroutines/CoroutineExceptionHandler
instanceKlass kotlinx/coroutines/Job$Key
instanceKlass kotlinx/coroutines/Job$DefaultImpls
instanceKlass kotlinx/coroutines/Empty
instanceKlass kotlinx/coroutines/JobSupportKt
instanceKlass com/intellij/dvcs/ui/PopupElementWithAdditionalInfo
instanceKlass kotlinx/coroutines/ChildHandle
instanceKlass kotlinx/coroutines/DisposableHandle
instanceKlass com/intellij/ide/scratch/ScratchFileActions$NewFileAction$$Lambda$779
instanceKlass kotlinx/coroutines/Incomplete
instanceKlass kotlinx/coroutines/internal/LockFreeLinkedListNode
instanceKlass java/awt/geom/EllipseIterator
instanceKlass kotlinx/coroutines/JobSupport
instanceKlass org/w3c/dom/svg/SVGCircleElement
instanceKlass kotlinx/coroutines/selects/SelectClause0
instanceKlass kotlinx/coroutines/ParentJob
instanceKlass kotlinx/coroutines/ChildJob
instanceKlass kotlinx/coroutines/Job
instanceKlass kotlinx/coroutines/scheduling/TaskContext
instanceKlass kotlinx/coroutines/internal/LockFreeTaskQueueCore$Companion
instanceKlass kotlinx/coroutines/internal/LockFreeTaskQueueCore
instanceKlass com/intellij/util/ui/JBScalableIcon$2
instanceKlass kotlinx/coroutines/internal/LockFreeTaskQueue
instanceKlass kotlinx/coroutines/scheduling/CoroutineScheduler$Companion
instanceKlass kotlinx/coroutines/scheduling/CoroutineScheduler
instanceKlass kotlinx/coroutines/scheduling/TimeSource
instanceKlass kotlinx/coroutines/scheduling/TasksKt
instanceKlass kotlinx/coroutines/Dispatchers
instanceKlass kotlin/coroutines/CombinedContext
instanceKlass kotlin/coroutines/ContinuationInterceptor$DefaultImpls
instanceKlass kotlinx/coroutines/ThreadContextElement$DefaultImpls
instanceKlass kotlin/coroutines/CoroutineContext$DefaultImpls
instanceKlass kotlin/coroutines/CoroutineContext$Element$DefaultImpls
instanceKlass kotlinx/coroutines/CoroutineId$Key
instanceKlass kotlinx/coroutines/internal/SystemPropsKt__SystemProps_commonKt
instanceKlass kotlinx/coroutines/ThreadContextElement
instanceKlass kotlinx/coroutines/DebugKt
instanceKlass kotlinx/coroutines/internal/SystemPropsKt__SystemPropsKt
instanceKlass kotlinx/coroutines/internal/SystemPropsKt
instanceKlass kotlinx/coroutines/CoroutineContextKt
instanceKlass kotlinx/coroutines/GlobalScope
instanceKlass kotlinx/coroutines/CoroutineScope
instanceKlass kotlin/coroutines/AbstractCoroutineContextElement
instanceKlass kotlinx/coroutines/Delay
instanceKlass kotlinx/coroutines/internal/Symbol
instanceKlass kotlinx/coroutines/EventLoopKt
instanceKlass kotlinx/coroutines/ThreadLocalEventLoop
instanceKlass kotlin/coroutines/ContinuationInterceptor$Key
instanceKlass kotlin/coroutines/CoroutineContext$Key
instanceKlass com/intellij/database/datagrid/GridDataHookUpBase
instanceKlass com/intellij/database/datagrid/GridDataHookUp
instanceKlass com/intellij/database/run/TxMarkerAuditor$TxMarkerHolder
instanceKlass kotlin/coroutines/ContinuationInterceptor
instanceKlass kotlin/coroutines/CoroutineContext$Element
instanceKlass com/intellij/database/datagrid/DataConsumer
instanceKlass kotlin/coroutines/EmptyCoroutineContext
instanceKlass kotlin/coroutines/CoroutineContext
instanceKlass com/intellij/util/lang/ClassLoadingLocks$1
instanceKlass kotlinx/coroutines/BuildersKt__BuildersKt
instanceKlass kotlinx/coroutines/BuildersKt
instanceKlass kotlin/coroutines/jvm/internal/BaseContinuationImpl
instanceKlass kotlin/coroutines/jvm/internal/CoroutineStackFrame
instanceKlass kotlin/coroutines/jvm/internal/SuspendFunction
instanceKlass com/intellij/configurationStore/ProjectStateStorageManager$fileBasedStorageConfiguration$1
instanceKlass com/intellij/configurationStore/StateStorageManagerImpl$Companion$createDefaultVirtualTracker$1
instanceKlass com/intellij/configurationStore/ProjectStateStorageManager$Companion
instanceKlass kotlin/_Assertions
instanceKlass git4idea/i18n/GitBundle
instanceKlass com/intellij/docker/DockerFileDetector
instanceKlass com/jetbrains/php/joomla/injection/JoomlaSQLCaches
instanceKlass org/intellij/plugins/markdown/MarkdownBundle
instanceKlass com/jetbrains/php/lang/inspections/deadcode/local/PhpUnusedSymbolsPassFactory
instanceKlass com/intellij/codeHighlighting/DirtyScopeTrackingHighlightingPassFactory
instanceKlass com/jetbrains/php/composer/lib/ComposerLibraryManager
instanceKlass com/jetbrains/php/composer/ComposerConfigListener
instanceKlass org/jetbrains/plugins/terminal/AbstractTerminalRunner
instanceKlass com/intellij/terminal/JBTerminalWidgetListener
instanceKlass com/intellij/ui/docking/DockContainer
instanceKlass org/jetbrains/plugins/terminal/TerminalView
instanceKlass com/intellij/openapi/editor/HighlighterColors
instanceKlass com/intellij/openapi/editor/DefaultLanguageHighlighterColors
instanceKlass com/intellij/openapi/editor/colors/TextAttributesKey$$Lambda$778
instanceKlass com/intellij/openapi/editor/colors/TextAttributesKey$$Lambda$777
instanceKlass com/intellij/database/editor/DatabaseColors
instanceKlass com/intellij/database/console/StatementHighlightingPassFactory
instanceKlass com/intellij/codeHighlighting/TextEditorHighlightingPassFactory
instanceKlass com/jetbrains/plugins/webDeployment/DeploymentNotificationsComponent
instanceKlass com/jetbrains/plugins/webDeployment/autoupload/FileListenerImpl
instanceKlass com/jetbrains/plugins/webDeployment/AutoUploadComponent
instanceKlass com/jetbrains/performancePlugin/ProjectLoaded
instanceKlass com/jetbrains/performancePlugin/ProjectIndexingComponent
instanceKlass com/intellij/database/run/actions/ColumnFiltersGroup$FilterTemplate
instanceKlass com/intellij/database/run/actions/ColumnFiltersGroup$Operand
instanceKlass com/intellij/tasks/impl/TaskManagerImpl$$Lambda$776
instanceKlass com/intellij/tasks/impl/TaskManagerImpl$$Lambda$775
instanceKlass com/intellij/openapi/vcs/changes/ChangeListAdapter
instanceKlass com/intellij/tasks/Task
instanceKlass com/intellij/tasks/TaskManager
instanceKlass org/jetbrains/idea/perforce/application/PerforceLocalChangeListDecorator
instanceKlass com/intellij/openapi/vcs/changes/ChangeListDecorator
instanceKlass org/jetbrains/idea/perforce/application/PerforceNumberNameSynchronizer
instanceKlass com/intellij/tasks/actions/context/LoadContextAction$ContextHolder
instanceKlass com/intellij/remoteServer/impl/runtime/ui/ServersToolWindowFactory
instanceKlass com/intellij/remoteServer/impl/runtime/ui/ServersToolWindowManager
instanceKlass com/intellij/coverage/CoverageFileProvider
instanceKlass com/intellij/coverage/CoverageSuiteListener
instanceKlass com/intellij/openapi/vfs/VirtualFileContentsChangedAdapter
instanceKlass com/intellij/coverage/CoverageDataManager
instanceKlass org/intellij/plugins/relaxNG/config/NoNamespaceConfig
instanceKlass com/intellij/javaee/ExternalResourceListener
instanceKlass com/intellij/javaee/PsiExternalResourceNotifier
instanceKlass com/intellij/pom/tree/events/TreeChange
instanceKlass com/intellij/pom/event/PomChangeSet
instanceKlass com/intellij/pom/xml/impl/XmlAspectImpl
instanceKlass com/intellij/pom/xml/XmlAspect
instanceKlass com/intellij/openapi/externalSystem/service/project/manage/SourceFolderManagerImpl
instanceKlass com/intellij/openapi/externalSystem/service/project/manage/SourceFolderManager
instanceKlass com/intellij/dvcs/shelf/ShelfViewUpdater
instanceKlass com/intellij/dvcs/repo/VcsRepositoryMappingListener
instanceKlass com/intellij/dvcs/repo/VcsRepositoryManager
instanceKlass com/intellij/codeInsight/hint/TooltipGroup
instanceKlass com/intellij/xdebugger/XDebugSession
instanceKlass com/intellij/xdebugger/AbstractDebuggerSession
instanceKlass com/intellij/xdebugger/breakpoints/XBreakpointManager
instanceKlass com/intellij/xdebugger/XDebuggerManagerListener
instanceKlass com/intellij/xdebugger/XDebuggerManager
instanceKlass com/intellij/platform/PlatformVcsDetector
instanceKlass com/intellij/ide/projectView/ViewSettings
instanceKlass com/intellij/ide/util/treeView/NodeOptions
instanceKlass com/intellij/ide/projectView/impl/AbstractUrl
instanceKlass com/intellij/ide/favoritesTreeView/FavoritesManager
instanceKlass com/intellij/ide/GeneratedSourceFileChangeTracker
instanceKlass com/intellij/facet/ProjectWideFacetListener
instanceKlass com/intellij/facet/impl/ui/FacetDependentToolWindowManager
instanceKlass com/intellij/facet/pointers/FacetPointer
instanceKlass com/intellij/facet/pointers/FacetPointersManager
instanceKlass com/intellij/idea/ActionsBundle
instanceKlass com/intellij/openapi/roots/impl/FilePropertyPusher$Engine
instanceKlass com/intellij/openapi/roots/impl/PushedFilePropertiesUpdater
instanceKlass com/intellij/codeInsight/navigation/CtrlMouseHandler$Info
instanceKlass com/intellij/codeInsight/navigation/CtrlMouseHandler
instanceKlass com/intellij/notification/NotificationListener$Adapter
instanceKlass com/intellij/util/indexing/FileBasedIndexProjectHandler
instanceKlass com/intellij/psi/RefResolveService$Listener
instanceKlass com/intellij/codeInsight/daemon/impl/DaemonListeners
instanceKlass com/intellij/problems/Problem
instanceKlass com/intellij/htmltools/xml/actions/navigation/HtmlTableCellNavigateDownAction$1
instanceKlass com/intellij/problems/WolfTheProblemSolver
instanceKlass com/intellij/openapi/fileEditor/impl/FileEditorManagerImpl$$Lambda$774
instanceKlass com/intellij/openapi/fileEditor/FileEditorProvider
instanceKlass com/intellij/openapi/fileEditor/EditorDataProvider
instanceKlass com/intellij/ui/docking/DockContainerFactory
instanceKlass com/intellij/openapi/fileEditor/FileEditor
instanceKlass com/intellij/openapi/vcs/FileStatusListener
instanceKlass com/intellij/openapi/fileEditor/impl/EditorComposite
instanceKlass com/google/common/base/CharMatcher
instanceKlass com/intellij/openapi/fileEditor/FileEditorManager
instanceKlass com/intellij/openapi/fileEditor/impl/text/CodeFoldingState
instanceKlass com/intellij/codeInsight/folding/CodeFoldingManager
instanceKlass com/intellij/execution/impl/ProjectRunConfigurationInitializer
instanceKlass com/intellij/psi/search/scope/packageSet/UpdatingScopeOnProjectStructureChangeListener
instanceKlass com/intellij/psi/impl/file/impl/PsiVFSListener
instanceKlass com/intellij/ide/util/gotoByName/ChooseByNameBase
instanceKlass com/intellij/openapi/vcs/changes/VcsIgnoreFilesChecker
instanceKlass com/intellij/openapi/vcs/impl/VcsBaseContentProvider$BaseContent
instanceKlass com/intellij/ide/util/gotoByName/ChooseByNameViewModel
instanceKlass com/intellij/openapi/vcs/impl/VcsFileStatusProvider
instanceKlass com/intellij/openapi/vcs/impl/VcsBaseContentProvider
instanceKlass com/intellij/openapi/vcs/impl/FileStatusProvider
instanceKlass com/intellij/openapi/vcs/changes/committed/IncomingChangesIndicator
instanceKlass com/intellij/ide/util/gotoByName/ChooseByNamePopupComponent
instanceKlass com/intellij/openapi/vcs/changes/committed/OutdatedVersionNotifier
instanceKlass com/intellij/openapi/vcs/changes/committed/CommittedChangesListener
instanceKlass com/intellij/openapi/vcs/CommittedChangesProvider
instanceKlass com/intellij/openapi/vcs/VcsProviderMarker
instanceKlass com/intellij/openapi/vcs/changes/committed/CommittedChangesCache$RefreshResultConsumer
instanceKlass com/intellij/openapi/vcs/changes/committed/VcsCommittedListsZipper
instanceKlass com/intellij/openapi/vcs/changes/committed/CommittedChangesCache
instanceKlass com/intellij/ui/content/ContentManagerListener
instanceKlass com/intellij/openapi/vcs/changes/ui/ChangesViewContentManager
instanceKlass com/intellij/openapi/vcs/changes/ui/ChangesViewContentI
instanceKlass javax/swing/tree/DefaultTreeCellEditor
instanceKlass com/intellij/ide/DeleteProvider
instanceKlass com/intellij/ide/dnd/DnDDropHandler
instanceKlass com/intellij/ide/dnd/DnDTargetChecker
instanceKlass com/intellij/openapi/vcs/changes/shelf/ShelvedChangesViewManager
instanceKlass com/intellij/openapi/diff/impl/patch/FilePatch
instanceKlass com/intellij/openapi/ui/FrameWrapper
instanceKlass com/intellij/openapi/vcs/changes/shelf/ShelveChangesManager
instanceKlass com/intellij/openapi/vcs/changes/CommitSession
instanceKlass com/intellij/openapi/vcs/changes/LocalCommitExecutor
instanceKlass com/intellij/ide/HelpIdProvider
instanceKlass com/intellij/openapi/vcs/changes/CommitExecutor
instanceKlass com/intellij/openapi/vcs/changes/VcsDirtyScopeManager
instanceKlass com/intellij/vcs/commit/ChangesViewCommitWorkflowUi
instanceKlass com/intellij/vcs/commit/CommitWorkflowUi
instanceKlass com/intellij/openapi/vcs/changes/ui/ChangesViewModelBuilder
instanceKlass com/intellij/openapi/vcs/changes/DiffPreviewUpdateProcessor
instanceKlass com/intellij/codeInsight/hint/HintManagerImpl$ActionToIgnore
instanceKlass com/intellij/icons/AllIcons$Duplicates
instanceKlass com/intellij/dupLocator/DupLocatorBundle
instanceKlass com/intellij/database/actions/ImportAction$InputType
instanceKlass com/intellij/database/model/DasTable
instanceKlass com/intellij/database/model/DasSchemaChild
instanceKlass com/intellij/openapi/graph/layout/Layouter
instanceKlass com/intellij/openapi/graph/anim/AnimationObject
instanceKlass com/intellij/openapi/vcs/changes/ui/ChangeNodeDecorator
instanceKlass com/intellij/ui/content/Content
instanceKlass com/intellij/openapi/vcs/changes/ChangeListListener
instanceKlass com/intellij/openapi/vcs/changes/ChangesViewManager
instanceKlass com/intellij/openapi/vcs/changes/IgnoredFileBean
instanceKlass com/intellij/openapi/vcs/changes/IgnoredFileDescriptor
instanceKlass com/intellij/openapi/vcs/changes/LocalChangeListsLoadedListener
instanceKlass com/intellij/openapi/vcs/changes/ChangesViewI
instanceKlass com/intellij/openapi/vcs/changes/ChangelistBuilder
instanceKlass com/intellij/openapi/vcs/changes/ChangeListManagerGate
instanceKlass com/intellij/openapi/vcs/changes/CommitResultHandler
instanceKlass com/intellij/vcs/commit/AbstractCommitter
instanceKlass com/intellij/openapi/vcs/changes/ui/ChangeListDeltaListener
instanceKlass com/intellij/openapi/vcs/changes/ChangeListOwner
instanceKlass com/intellij/openapi/vcs/changes/ChangeListManager
instanceKlass com/intellij/openapi/vcs/changes/ChangeListModification
instanceKlass com/intellij/openapi/vcs/update/RestoreUpdateTree
instanceKlass com/intellij/openapi/vcs/impl/PartialLineStatusTrackerManagerState
instanceKlass com/intellij/openapi/vcs/impl/LineStatusTrackerManager$Companion
instanceKlass com/intellij/openapi/vcs/impl/LineStatusTrackerManager
instanceKlass com/intellij/openapi/graph/anim/AnimationListener
instanceKlass com/intellij/openapi/graph/layout/LayoutGraph
instanceKlass com/intellij/openapi/graph/layout/GraphLayout
instanceKlass com/intellij/openapi/graph/base/Graph
instanceKlass com/intellij/openapi/graph/base/GraphInterface
instanceKlass com/intellij/openapi/vcs/impl/LineStatusTrackerManagerI
instanceKlass com/intellij/openapi/vcs/impl/VcsDirectoryMappingStorage
instanceKlass com/intellij/openapi/vcs/annotate/AnnotationsPreloader
instanceKlass com/intellij/openapi/vcs/changes/VcsEventWatcher
instanceKlass com/intellij/openapi/fileEditor/ex/IdeDocumentHistory
instanceKlass com/intellij/openapi/editor/impl/DocumentMarkupModelManager
instanceKlass com/intellij/ui/popup/util/DetailView
instanceKlass com/intellij/ui/popup/util/MasterDetailPopupBuilder$Delegate
instanceKlass com/jetbrains/plugins/webDeployment/IgnoreOverwritingStrategy
instanceKlass com/intellij/openapi/wm/impl/InternalDecoratorListener
instanceKlass com/intellij/openapi/util/ExpirableRunnable
instanceKlass com/intellij/openapi/util/Expirable
instanceKlass com/intellij/psi/stubs/StubIndexImpl$1$$Lambda$772
instanceKlass java/util/Collections$ReverseComparator2
instanceKlass java/util/Collections$ReverseComparator
instanceKlass com/intellij/lang/javascript/refactoring/react/extractComponent/ReactExtractComponentHandler$$Lambda$773
instanceKlass com/intellij/psi/stubs/StubIndexImpl$StubIdExternalizer
instanceKlass org/jetbrains/vuejs/index/VueStoreIndex$Companion
instanceKlass org/jetbrains/vuejs/index/VueLocalDirectivesIndex$Companion
instanceKlass com/intellij/openapi/wm/ToolWindowManager
instanceKlass com/intellij/lang/javascript/refactoring/react/extractComponent/ReactExtractComponentHandler
instanceKlass com/intellij/notification/impl/NotificationsManagerImpl$ProjectNotificationsComponent
instanceKlass org/jetbrains/vuejs/index/VueGlobalDirectivesIndex$Companion
instanceKlass org/jetbrains/vuejs/index/VueExtendsBindingIndex$Companion
instanceKlass org/jetbrains/vuejs/index/VueMixinBindingIndex$Companion
instanceKlass org/jetbrains/vuejs/index/VueOptionsIndex$Companion
instanceKlass com/intellij/lang/typescript/refactoring/TypeScriptExtractNamedTypeHandler$$Lambda$771
instanceKlass com/intellij/lang/typescript/refactoring/TypeScriptExtractNamedTypeHandler$ReplaceAllChooser
instanceKlass com/intellij/lang/typescript/refactoring/TypeScriptExtractNamedTypeHandler$$Lambda$770
instanceKlass com/intellij/lang/javascript/refactoring/JSIntroduceTargetChooser
instanceKlass java/lang/invoke/LambdaForm$DMH
instanceKlass com/intellij/lang/javascript/psi/stubs/JSIndexableImplicitElement
instanceKlass java/lang/invoke/LambdaForm$DMH
instanceKlass com/intellij/refactoring/IntroduceTargetChooser
instanceKlass com/intellij/ui/EditorNotifications
instanceKlass com/intellij/notification/impl/MacEventReader$ProjectTracker
instanceKlass org/jetbrains/vuejs/index/VueComponentsIndex$Companion
instanceKlass org/jetbrains/vuejs/index/VueIndexBase$Companion
instanceKlass com/intellij/codeInsight/template/Expression
instanceKlass com/intellij/lang/javascript/psi/ecma6/JSTypeDeclaration
instanceKlass com/intellij/lang/javascript/refactoring/introduceVariable/JSCustomIntroduceVariableHandler
instanceKlass com/intellij/lang/typescript/refactoring/TypeScriptExtractNamedTypeHandler
instanceKlass com/intellij/notification/EventLog$ProjectTracker
instanceKlass com/intellij/openapi/editor/impl/EditorFactoryImpl$1$$Lambda$769
instanceKlass java/awt/LightweightDispatcher$1
instanceKlass java/awt/Container$MouseEventTargetFilter
instanceKlass java/awt/Container$EventTargetFilter
instanceKlass com/intellij/openapi/progress/util/AbstractProgressIndicatorExBase$$Lambda$768
instanceKlass com/intellij/openapi/progress/util/AbstractProgressIndicatorExBase$$Lambda$767
instanceKlass com/intellij/openapi/project/ProjectCoreUtil
instanceKlass com/jetbrains/php/config/library/PhpIncludePathManager$State
instanceKlass com/intellij/openapi/wm/IdeGlassPaneUtil
instanceKlass com/jetbrains/php/PhpCaches$$Lambda$766
instanceKlass com/jetbrains/php/PhpCaches$$Lambda$765
instanceKlass com/intellij/openapi/util/Pass
instanceKlass com/intellij/refactoring/RefactoringActionHandler
instanceKlass com/intellij/codeInsight/daemon/impl/DaemonCodeAnalyzerImpl$$Lambda$764
instanceKlass com/intellij/lang/javascript/psi/JSQualifiedExpression
instanceKlass com/intellij/codeInsight/daemon/impl/DaemonCodeAnalyzerImpl$UpdateRunnable
instanceKlass com/intellij/codeInsight/daemon/impl/StatusBarUpdater$3
instanceKlass com/intellij/codeInsight/daemon/impl/StatusBarUpdater$2
instanceKlass com/intellij/openapi/fileEditor/FileEditorManagerListener
instanceKlass com/intellij/codeInsight/daemon/impl/StatusBarUpdater$1
instanceKlass com/intellij/codeInsight/daemon/impl/StatusBarUpdater
instanceKlass com/intellij/codeHighlighting/TextEditorHighlightingPass
instanceKlass com/intellij/codeHighlighting/HighlightingPass
instanceKlass com/intellij/codeInsight/daemon/impl/PassExecutorService
instanceKlass com/intellij/refactoring/actions/BasePlatformRefactoringAction$$Lambda$763
instanceKlass com/intellij/lang/refactoring/RefactoringSupportProvider
instanceKlass com/intellij/refactoring/actions/BasePlatformRefactoringAction$$Lambda$762
instanceKlass com/intellij/psi/util/CachedValueProvider
instanceKlass com/intellij/codeInsight/daemon/impl/FileStatusMap$1
instanceKlass com/intellij/util/CachedValueBase$Data
instanceKlass com/intellij/util/CachedValueBase
instanceKlass com/intellij/psi/util/CachedValue
instanceKlass com/intellij/codeInsight/daemon/impl/FileStatusMap
instanceKlass com/intellij/psi/search/scope/packageSet/NamedScopesHolder$$Lambda$761
instanceKlass com/intellij/packageDependencies/DependencyValidationManagerImpl$$Lambda$760
instanceKlass com/intellij/psi/search/scope/packageSet/NamedScopesHolder$ScopeListener
instanceKlass com/intellij/packageDependencies/DependencyValidationManagerImpl$State
instanceKlass com/intellij/psi/search/scope/packageSet/NamedScopeManager$OrderState
instanceKlass com/intellij/database/run/ui/DescriptionPopup$TxPopup$TxIsolationSelector
instanceKlass com/intellij/database/run/ui/DescriptionPopup$TxPopup$TxSelector
instanceKlass com/intellij/codeInsight/daemon/impl/EditorTrackerListener
instanceKlass com/intellij/util/xmlb/SmartSerializer
instanceKlass com/intellij/codeInspection/ex/InspectionToolRegistrar$$Lambda$759
instanceKlass com/intellij/codeInspection/LocalInspectionTool$LocalDefaultNameProvider
instanceKlass com/intellij/codeInspection/InspectionProfileEntry$DefaultNameProvider
instanceKlass org/intellij/plugins/markdown/lang/index/MarkdownHeadersIndex$Companion
instanceKlass com/intellij/codeInspection/ex/InspectionToolWrapper
instanceKlass com/intellij/codeInspection/ex/InspectionToolRegistrar
instanceKlass com/intellij/codeInspection/ex/InspectionElementsMerger
instanceKlass com/intellij/codeInspection/ex/Tools
instanceKlass com/intellij/psi/stubs/StubIndexImpl$StubIndexInitialization$$Lambda$758
instanceKlass com/intellij/codeInsight/daemon/InspectionProfileConvertor$$Lambda$757
instanceKlass com/intellij/util/indexing/FileBasedIndexImpl$FileIndexDataInitialization$$Lambda$756
instanceKlass com/intellij/util/indexing/FileBasedIndexImpl$FileIndexDataInitialization$1
instanceKlass com/intellij/codeInsight/daemon/InspectionProfileConvertor
instanceKlass com/intellij/util/indexing/FileBasedIndexImpl$FileIndexDataInitialization$$Lambda$755
instanceKlass com/intellij/util/indexing/AdditionalIndexableFileSet
instanceKlass com/intellij/util/indexing/FileBasedIndexImpl$FileIndexDataInitialization$$Lambda$754
instanceKlass com/intellij/codeInsight/daemon/impl/HighlightInfoType$Iconable
instanceKlass ru/adelf/idea/dotenv/indexing/EnvironmentVariablesIndex$$Lambda$753
instanceKlass com/intellij/codeInsight/daemon/impl/SeveritiesProvider
instanceKlass ru/adelf/idea/dotenv/indexing/EnvironmentVariablesIndex$$Lambda$752
instanceKlass com/intellij/ide/util/gotoByName/ChooseByNameModel
instanceKlass com/intellij/ide/actions/GotoActionBase$GotoActionCallback
instanceKlass com/intellij/ide/util/gotoByName/ChooseByNameItemProvider
instanceKlass com/intellij/ide/util/gotoByName/ChooseByNamePopupComponent$Callback
instanceKlass com/intellij/psi/search/scope/packageSet/NamedScope
instanceKlass com/intellij/psi/search/scope/packageSet/PackageSet
instanceKlass com/intellij/xdebugger/impl/actions/DebuggerActionHandler
instanceKlass com/intellij/psi/search/scope/packageSet/NamedScopesHolder
instanceKlass com/intellij/openapi/editor/actions/CaretStop$Companion
instanceKlass com/intellij/openapi/editor/actions/CaretStop
instanceKlass com/intellij/psi/impl/source/PostprocessReformattingAspect$1
instanceKlass com/intellij/openapi/editor/actions/CaretStopPolicy$Companion
instanceKlass com/intellij/pom/PomManager
instanceKlass com/intellij/psi/impl/source/PostprocessReformattingAspect$$Lambda$751
instanceKlass com/intellij/openapi/editor/actions/CaretStopPolicy
instanceKlass com/intellij/psi/impl/source/PostprocessReformattingAspect$Context
instanceKlass com/intellij/openapi/command/impl/CoreCommandProcessor$1
instanceKlass com/intellij/openapi/command/CommandToken
instanceKlass com/intellij/openapi/wm/ToolWindowScrollable
instanceKlass com/intellij/openapi/command/CommandProcessor
instanceKlass com/intellij/pom/core/impl/PomModelImpl$$Lambda$750
instanceKlass com/intellij/ui/CommonActionsPanel$2
instanceKlass com/intellij/pom/PomTransaction
instanceKlass com/intellij/pom/PomModel
instanceKlass java/lang/invoke/LambdaForm$MH
instanceKlass com/intellij/util/ConcurrencyUtil$$Lambda$749
instanceKlass java/lang/invoke/LambdaForm$DMH
instanceKlass org/jetbrains/jps/service/SharedThreadPool
instanceKlass com/intellij/docker/composeFile/ComposeFileServicesIndex$$Lambda$748
instanceKlass org/jetbrains/jps/model/serialization/JpsElementPropertiesSerializer
instanceKlass org/jetbrains/jps/model/module/JpsModuleType
instanceKlass org/jetbrains/jps/model/serialization/JpsModelSerializationDataService
instanceKlass org/jetbrains/jps/model/serialization/JDomSerializationUtil
instanceKlass org/jetbrains/jps/TimingLog
instanceKlass org/jetbrains/jps/model/serialization/JpsMacroExpander
instanceKlass org/jetbrains/jps/model/JpsFileTypesConfiguration
instanceKlass org/jetbrains/yaml/navigation/YAMLKeysIndex$1
instanceKlass org/jetbrains/jps/model/library/impl/JpsLibraryCollectionImpl
instanceKlass org/jetbrains/jps/model/module/JpsSdkReferencesTable
instanceKlass org/jetbrains/yaml/psi/YAMLPsiElement
instanceKlass org/jetbrains/yaml/YAMLUtil
instanceKlass org/jetbrains/jps/model/JpsElementCollection
instanceKlass org/jetbrains/jps/model/ex/JpsElementContainerEx
instanceKlass org/jetbrains/yaml/navigation/YAMLKeysIndex$2
instanceKlass org/jetbrains/jps/model/ex/JpsExElementFactory$InstanceHolder
instanceKlass com/jetbrains/php/wordpress/hooks/WPHooksIndex$1
instanceKlass com/intellij/lang/javascript/linter/tslint/TsLintBundle
instanceKlass com/jetbrains/php/drupal/hooks/DrupalHooksIndex$1
instanceKlass org/jetbrains/jps/model/ex/JpsExElementFactory
instanceKlass org/jetbrains/jps/model/library/JpsLibraryCollection
instanceKlass org/jetbrains/jps/model/JpsElementCreator
instanceKlass org/jetbrains/jps/model/JpsElementContainer
instanceKlass org/jetbrains/jps/model/impl/JpsEventDispatcherBase
instanceKlass org/jetbrains/jps/model/JpsGlobal
instanceKlass org/jetbrains/jps/model/ex/JpsElementBase
instanceKlass org/jetbrains/jps/model/JpsElement$BulkModificationSupport
instanceKlass com/jetbrains/php/lang/psi/stubs/indexes/expectedArguments/PhpExpectedReturnValuesIndex$1
instanceKlass org/jetbrains/jps/model/JpsProject
instanceKlass org/jetbrains/jps/model/impl/JpsModelImpl
instanceKlass org/jetbrains/jps/model/library/JpsLibraryType
instanceKlass org/jetbrains/jps/model/JpsElementType
instanceKlass org/jetbrains/jps/model/JpsDummyElement
instanceKlass org/jetbrains/jps/model/library/sdk/JpsSdkReference
instanceKlass org/jetbrains/jps/model/JpsModel
instanceKlass org/jetbrains/jps/model/JpsEventDispatcher
instanceKlass org/jetbrains/jps/model/module/JpsModuleReference
instanceKlass com/jetbrains/php/lang/psi/stubs/indexes/expectedArguments/PhpExpectedFunctionArgumentsIndex$2
instanceKlass com/jetbrains/php/lang/psi/stubs/indexes/PhpClassToClassAliasIndex$$Lambda$747
instanceKlass com/jetbrains/php/lang/psi/stubs/indexes/PhpClassAliasToClassIndex$$Lambda$746
instanceKlass org/jetbrains/jps/model/module/JpsModuleSourceRoot
instanceKlass org/jetbrains/jps/model/JpsSimpleElement
instanceKlass org/jetbrains/jps/model/library/JpsLibraryReference
instanceKlass org/jetbrains/jps/model/JpsElementReference
instanceKlass org/jetbrains/jps/model/library/JpsTypedLibrary
instanceKlass org/jetbrains/jps/model/JpsTypedElement
instanceKlass org/jetbrains/jps/model/library/JpsLibrary
instanceKlass org/jetbrains/jps/model/module/JpsModule
instanceKlass org/jetbrains/jps/model/JpsCompositeElement
instanceKlass org/jetbrains/jps/model/JpsReferenceableElement
instanceKlass org/jetbrains/jps/model/JpsNamedElement
instanceKlass com/jetbrains/php/lang/psi/stubs/indexes/PhpClassAliasNameIndex$$Lambda$745
instanceKlass com/intellij/openapi/progress/util/ColorProgressBar$$Lambda$744
instanceKlass com/intellij/openapi/progress/util/ColorProgressBar$$Lambda$743
instanceKlass com/intellij/ide/ui/laf/darcula/DarculaUIUtil
instanceKlass com/jetbrains/php/lang/classAlias/PhpClassAliasProvider$$Lambda$742
instanceKlass javax/swing/tree/TreePath
instanceKlass javax/swing/table/TableColumnModel
instanceKlass javax/swing/text/Highlighter$Highlight
instanceKlass java/awt/font/TextLayout
instanceKlass org/jetbrains/jps/model/JpsElementFactory
instanceKlass java/text/AttributedCharacterIterator
instanceKlass java/text/CharacterIterator
instanceKlass javax/swing/ListSelectionModel
instanceKlass com/intellij/util/ui/UIUtilities$LSBCacheEntry
instanceKlass org/jetbrains/jps/model/JpsElementChildRole
instanceKlass com/intellij/util/ui/TempMethodInvocator
instanceKlass org/jetbrains/vuejs/CreateVueSingleFileComponentAction$Companion
instanceKlass com/intellij/util/ui/TempFieldAccessor$MyRef
instanceKlass com/intellij/util/ui/TempFieldAccessor
instanceKlass com/intellij/util/ui/UIUtilities
instanceKlass org/jetbrains/jps/model/serialization/JpsElementExtensionSerializerBase
instanceKlass org/jetbrains/jps/model/JpsElement
instanceKlass com/intellij/util/ui/MacUIUtil
instanceKlass com/intellij/ui/paint/RectanglePainter2D$1$$Lambda$741
instanceKlass org/jetbrains/jps/model/serialization/JpsLoaderBase
instanceKlass com/intellij/openapi/module/impl/UnloadedModuleDescriptionImpl$Companion
instanceKlass com/intellij/ui/paint/RegionPainter2D
instanceKlass com/intellij/openapi/module/impl/UnloadedModuleDescriptionImpl
instanceKlass com/intellij/openapi/module/UnloadedModuleDescription
instanceKlass com/intellij/openapi/module/ModuleDescription
instanceKlass com/jetbrains/php/joomla/aliases/RegisterAliasProviderImpl
instanceKlass com/intellij/openapi/module/impl/UnloadedModulesListStorage
instanceKlass com/jetbrains/php/lang/classAlias/PhpClassAliasProviderImpl
instanceKlass com/intellij/openapi/application/impl/LaterInvocator$$Lambda$740
instanceKlass com/intellij/openapi/module/impl/ModuleManagerComponent$$Lambda$739
instanceKlass com/intellij/util/messages/MessageHandler
instanceKlass com/intellij/psi/impl/DocumentCommitThread$1
instanceKlass com/jetbrains/php/lang/classAlias/PhpClassAliasProvider
instanceKlass com/jetbrains/php/lang/psi/stubs/indexes/PhpUnitCoversIndex$1
instanceKlass com/intellij/openapi/ui/TypingTarget
instanceKlass com/intellij/openapi/module/impl/ModuleManagerImpl$ModuleModelImpl
instanceKlass com/intellij/ui/components/DefaultScrollBarUI$1
instanceKlass com/intellij/psi/impl/PsiDocumentManagerImpl$$Lambda$738
instanceKlass com/intellij/openapi/editor/ex/DocumentBulkUpdateListener$Adapter
instanceKlass java/awt/ColorPaintContext
instanceKlass com/intellij/openapi/editor/ex/DocumentBulkUpdateListener
instanceKlass com/intellij/psi/impl/PsiDocumentManagerImpl$1
instanceKlass com/intellij/psi/impl/PsiDocumentManagerBase$PriorityEventCollector
instanceKlass com/jetbrains/php/lang/psi/stubs/indexes/PhpPathInfoSetExternalizer
instanceKlass com/jetbrains/php/lang/psi/stubs/indexes/PhpPathInfoDescriptor
instanceKlass com/jetbrains/php/lang/psi/stubs/indexes/PhpTraitUsageIndex$1
instanceKlass com/jetbrains/php/lang/psi/stubs/indexes/PhpNamespaceInheritanceIndex$1
instanceKlass com/intellij/openapi/ui/impl/ShadowPainter$$Lambda$737
instanceKlass com/intellij/openapi/ui/impl/ShadowPainter$$Lambda$736
instanceKlass com/intellij/openapi/ui/impl/ShadowPainter$$Lambda$735
instanceKlass com/intellij/openapi/ui/impl/ShadowPainter$$Lambda$734
instanceKlass com/jetbrains/php/lang/psi/stubs/indexes/StringSetDataExternalizer
instanceKlass com/intellij/util/RetinaImage
instanceKlass com/intellij/psi/impl/PsiDocumentManagerBase$$Lambda$733
instanceKlass com/intellij/openapi/ui/impl/ShadowPainter$$Lambda$732
instanceKlass com/intellij/openapi/ui/impl/ShadowBorderPainter
instanceKlass com/intellij/psi/PsiTreeChangeAdapter
instanceKlass com/intellij/psi/impl/DocumentCommitThread$$Lambda$731
instanceKlass com/jetbrains/php/lang/psi/stubs/indexes/PhpFlatCollectionIndexBase$1
instanceKlass com/intellij/psi/impl/DocumentCommitThread
instanceKlass com/jetbrains/php/lang/psi/stubs/indexes/PhpInvokeCallsOffsetsIndex$IntArrayExternalizer
instanceKlass com/jetbrains/php/lang/psi/stubs/indexes/PhpInterfaceFqnIndex$$Lambda$730
instanceKlass java/lang/invoke/LambdaForm$DMH
instanceKlass com/intellij/psi/impl/DocumentCommitProcessor
instanceKlass com/jetbrains/php/lang/psi/stubs/indexes/PhpInterfaceFqnIndex$$Lambda$729
instanceKlass com/intellij/psi/impl/PsiManagerImpl$$Lambda$728
instanceKlass com/intellij/psi/impl/file/impl/FileManagerImpl$1
instanceKlass com/sun/jna/platform/win32/WinUser$MONITORENUMPROC
instanceKlass com/jetbrains/php/lang/psi/stubs/indexes/PhpClassFqnIndex$$Lambda$727
instanceKlass com/jetbrains/php/lang/psi/stubs/indexes/PhpClassFqnIndex$$Lambda$726
instanceKlass com/sun/jna/platform/win32/WinUser$WinEventProc
instanceKlass com/intellij/psi/impl/file/impl/FileManagerImpl$$Lambda$725
instanceKlass com/intellij/psi/impl/file/impl/FileManagerImpl$$Lambda$724
instanceKlass com/intellij/openapi/fileTypes/CharsetUtil$$Lambda$723
instanceKlass com/intellij/openapi/fileTypes/CharsetUtil
instanceKlass com/jetbrains/php/lang/psi/stubs/indexes/PhpMethodNameIndex$1
instanceKlass com/sun/jna/platform/win32/WinUser$HOOKPROC
instanceKlass com/sun/jna/platform/win32/WinUser$WNDENUMPROC
instanceKlass com/intellij/openapi/vfs/NonPhysicalFileSystem
instanceKlass com/sun/jna/platform/win32/User32
instanceKlass com/sun/jna/platform/win32/WinUser
instanceKlass com/jetbrains/php/lang/psi/stubs/indexes/PhpVariableNameIndex$1
instanceKlass com/intellij/ide/RemoteDesktopDetector$$Lambda$722
instanceKlass com/intellij/ide/DisplayChangeDetector$Listener
instanceKlass com/intellij/ide/DisplayChangeDetector$DisplayChangeHandler
instanceKlass com/intellij/ide/DisplayChangeDetector
instanceKlass com/intellij/ide/RemoteDesktopService
instanceKlass com/jetbrains/php/lang/psi/stubs/indexes/PhpFunctionNameIndex$1
instanceKlass com/intellij/uiDesigner/core/Util
instanceKlass com/intellij/uiDesigner/core/LayoutState
instanceKlass com/intellij/openapi/wm/impl/IdeGlassPaneImpl$$Lambda$721
instanceKlass com/intellij/openapi/ui/DialogWrapper$$Lambda$720
instanceKlass com/intellij/openapi/ui/DialogWrapper$$Lambda$719
instanceKlass com/intellij/psi/impl/file/impl/FileManagerImpl
instanceKlass com/intellij/openapi/actionSystem/ex/ActionUtil
instanceKlass com/jetbrains/php/lang/psi/stubs/indexes/PhpConstantNameIndex$1
instanceKlass com/intellij/openapi/vfs/VirtualFileFilter$2
instanceKlass com/intellij/openapi/vfs/VirtualFileFilter$1
instanceKlass com/intellij/psi/impl/PsiModificationTrackerImpl$1
instanceKlass com/intellij/openapi/actionSystem/CommonShortcuts
instanceKlass com/intellij/openapi/components/ServiceManager$$Lambda$718
instanceKlass com/intellij/openapi/ui/DialogWrapper$$Lambda$717
instanceKlass com/intellij/openapi/project/DumbService$DumbModeListener
instanceKlass com/intellij/openapi/project/DumbService
instanceKlass com/intellij/internal/statistic/eventLog/fus/FeatureUsageUiEventsImpl
instanceKlass com/intellij/internal/statistic/eventLog/FeatureUsageUiEvents
instanceKlass com/intellij/internal/statistic/eventLog/FeatureUsageUiEventsKt
instanceKlass com/jetbrains/php/lang/psi/stubs/indexes/PhpClassFqnIndex$1
instanceKlass com/intellij/openapi/progress/util/ProgressDialog$$Lambda$716
instanceKlass com/jetbrains/php/lang/psi/stubs/indexes/PhpClassNameIndex$$Lambda$715
instanceKlass com/intellij/psi/util/PsiModificationTracker$Listener
instanceKlass com/intellij/openapi/progress/util/ProgressDialog$$Lambda$714
instanceKlass com/jetbrains/php/lang/psi/stubs/indexes/PhpClassNameIndex$$Lambda$713
instanceKlass com/jetbrains/php/lang/psi/elements/PhpClass
instanceKlass com/intellij/psi/impl/PsiModificationTrackerImpl$$Lambda$712
instanceKlass com/intellij/util/ui/JBUI$CurrentTheme$Popup
instanceKlass com/intellij/psi/impl/PsiModificationTrackerImpl
instanceKlass com/intellij/ui/PopupBorder$BaseBorder
instanceKlass com/jetbrains/php/lang/psi/elements/PhpCallbackElement
instanceKlass com/intellij/ui/PopupBorder
instanceKlass com/intellij/ui/PopupBorder$Factory
instanceKlass com/intellij/util/Alarm$2
instanceKlass com/jetbrains/php/lang/psi/elements/PhpElementWithModifier
instanceKlass com/jetbrains/php/lang/psi/elements/PhpNamedElement
instanceKlass com/intellij/openapi/actionSystem/AnAction$$Lambda$711
instanceKlass com/intellij/ui/components/JBOptionButtonKt
instanceKlass com/intellij/ui/components/JBOptionButton$Companion
instanceKlass com/intellij/openapi/ui/DialogWrapper$$Lambda$710
instanceKlass com/intellij/openapi/ui/DialogWrapper$$Lambda$709
instanceKlass com/intellij/psi/impl/PsiTreeChangePreprocessor
instanceKlass com/intellij/openapi/ui/ValidationInfo
instanceKlass com/intellij/psi/util/PsiModificationTracker
instanceKlass com/intellij/ws/http/request/environment/HttpRequestEnvironmentIndex$1
instanceKlass com/intellij/lang/PsiBuilderFactory
instanceKlass com/intellij/openapi/vcs/changes/VcsAnnotationLocalChangesListenerImpl$1
instanceKlass com/intellij/ws/http/request/environment/HttpRequestEnvironmentIndex$HttpRequestEnvironmentExternalizer
instanceKlass com/intellij/ui/scale/UserScaleContext$$Lambda$708
instanceKlass com/intellij/openapi/util/ZipperUpdater
instanceKlass com/intellij/openapi/vcs/changes/VcsAnnotationLocalChangesListenerImpl$$Lambda$707
instanceKlass com/intellij/openapi/ui/DialogWrapperDialog
instanceKlass com/intellij/openapi/vcs/changes/VcsAnnotationRefresher
instanceKlass com/intellij/openapi/vcs/changes/VcsAnnotationLocalChangesListenerImpl
instanceKlass com/intellij/openapi/ui/DialogWrapper$1
instanceKlass com/intellij/openapi/vcs/impl/ProjectLevelVcsManagerImpl$$Lambda$706
instanceKlass com/intellij/openapi/vcs/update/UpdatedFilesListener
instanceKlass com/intellij/openapi/ui/DialogWrapperPeer
instanceKlass com/intellij/openapi/vcs/impl/ProjectLevelVcsManagerImpl$$Lambda$705
instanceKlass com/intellij/openapi/progress/util/ProgressWindow$$Lambda$704
instanceKlass com/intellij/ide/a/g/aO
instanceKlass javax/swing/Timer$1
instanceKlass com/intellij/openapi/vcs/impl/ContentRevisionCache
instanceKlass com/intellij/openapi/vcs/history/VcsHistoryCache
instanceKlass com/intellij/openapi/vcs/impl/projectlevelman/MappingsToRoots
instanceKlass org/angularjs/index/AngularViewDefinitionExternalizer
instanceKlass com/intellij/openapi/vcs/impl/projectlevelman/NewMappings$1
instanceKlass com/intellij/openapi/vcs/impl/projectlevelman/NewMappings$$Lambda$703
instanceKlass com/intellij/openapi/project/DumbAwareRunnable
instanceKlass com/intellij/cloudConfig/CloudConfigBundle
instanceKlass com/intellij/openapi/util/RequestsMerger$MyWorker
instanceKlass com/intellij/openapi/vcs/impl/projectlevelman/FileWatchRequestsManager$$Lambda$702
instanceKlass com/intellij/openapi/vcs/impl/projectlevelman/FileWatchRequestModifier
instanceKlass com/intellij/openapi/util/RequestsMerger
instanceKlass com/intellij/openapi/vcs/impl/projectlevelman/FileWatchRequestsManager
instanceKlass com/intellij/openapi/vcs/impl/projectlevelman/NewMappings$$Lambda$701
instanceKlass com/intellij/openapi/vcs/VcsDirectoryMapping
instanceKlass com/intellij/openapi/vcs/impl/projectlevelman/NewMappings$$Lambda$700
instanceKlass com/intellij/openapi/vcs/impl/projectlevelman/NewMappings$MappedRoot
instanceKlass com/intellij/openapi/vcs/impl/projectlevelman/NewMappings
instanceKlass com/intellij/ide/SelectInContext
instanceKlass com/intellij/remoteServer/impl/runtime/ui/tree/ServersTreeNode
instanceKlass com/intellij/remoteServer/runtime/ServerConnector$ConnectionCallback
instanceKlass com/intellij/remoteServer/runtime/RemoteOperationCallback
instanceKlass com/intellij/openapi/vcs/VcsAbstractSetting
instanceKlass com/intellij/openapi/vcs/impl/projectlevelman/OptionsAndConfirmations
instanceKlass com/intellij/openapi/vcs/impl/projectlevelman/ProjectLevelVcsManagerSerialization
instanceKlass com/intellij/openapi/vcs/impl/ModuleDefaultVcsRootPolicy$MyModulesListener
instanceKlass com/intellij/openapi/roots/impl/FileIndexBase
instanceKlass com/intellij/openapi/roots/ProjectFileIndex
instanceKlass com/intellij/openapi/roots/FileIndex
instanceKlass com/intellij/openapi/editor/actions/ConvertIndentsActionBase$2
instanceKlass com/intellij/openapi/roots/ProjectFileIndex$SERVICE
instanceKlass com/intellij/openapi/editor/actions/ConvertIndentsActionBase$1
instanceKlass com/intellij/openapi/editor/actions/ConvertIndentsActionBase$IndentBuilder
instanceKlass com/intellij/openapi/roots/impl/ProjectRootManagerComponent$3
instanceKlass com/intellij/openapi/roots/impl/ProjectRootManagerComponent$2
instanceKlass com/intellij/openapi/roots/impl/ProjectRootManagerComponent$1
instanceKlass com/intellij/openapi/roots/impl/ProjectRootManagerComponent$4
instanceKlass com/intellij/openapi/projectRoots/ProjectJdkTable
instanceKlass com/intellij/openapi/roots/impl/ProjectRootManagerImpl$ListenerContainer
instanceKlass com/intellij/openapi/projectRoots/ProjectJdkTable$Listener
instanceKlass com/intellij/util/ObjectUtils$$Lambda$699
instanceKlass com/intellij/openapi/roots/impl/OrderRootsCache
instanceKlass com/intellij/openapi/roots/impl/ProjectRootManagerImpl$1
instanceKlass com/intellij/openapi/roots/impl/ProjectRootManagerImpl$BatchSession
instanceKlass com/intellij/lang/javascript/index/JSImplicitElementsIndexFileTypeProvider$1
instanceKlass com/intellij/lang/javascript/index/JSImplicitElementsIndexFileTypeProvider
instanceKlass com/intellij/lang/javascript/index/JSImplicitElementsIndexFileTypeProvider$Provider
instanceKlass com/intellij/openapi/roots/impl/ProjectRootManagerImpl$RootProviderChangeListener
instanceKlass com/intellij/lang/javascript/index/JSImplicitElementsIndex$Holder
instanceKlass com/intellij/openapi/roots/ex/ProjectRootManagerEx$ProjectJdkListener
instanceKlass com/intellij/lang/javascript/index/JSImplicitElementsIndex$2
instanceKlass com/intellij/openapi/vcs/impl/DefaultVcsRootPolicy
instanceKlass com/intellij/openapi/roots/FileIndexFacade
instanceKlass com/intellij/ui/GuiUtils$$Lambda$698
instanceKlass com/intellij/openapi/util/text/CharFilter
instanceKlass java/lang/invoke/LambdaForm$DMH
instanceKlass com/intellij/ui/GuiUtils
instanceKlass com/intellij/ide/startup/impl/StartupManagerImpl$$Lambda$697
instanceKlass com/intellij/openapi/vfs/encoding/EncodingProjectManagerImpl$$Lambda$696
instanceKlass git4idea/commands/GitCommand
instanceKlass com/intellij/javascript/testFramework/AbstractTestStructureElement
instanceKlass git4idea/actions/GitOngoingOperationAction
instanceKlass com/intellij/javascript/testFramework/AbstractTestFileStructureBuilder
instanceKlass com/intellij/javascript/testFramework/JsTestFileByTestNameIndex$1
instanceKlass com/intellij/psi/PsiLanguageInjectionHost$InjectedPsiVisitor
instanceKlass com/intellij/lang/javascript/JSLanguageUtil
instanceKlass com/intellij/javascript/testFramework/JsTestFileByTestNameIndex$2
instanceKlass com/intellij/openapi/vfs/encoding/EncodingManagerImpl$4
instanceKlass org/jrubyparser/NodeVisitor
instanceKlass com/intellij/openapi/vfs/encoding/EncodingManagerImpl$3
instanceKlass com/intellij/openapi/vfs/encoding/EncodingManagerImpl$2
instanceKlass com/intellij/openapi/vfs/encoding/EncodingManagerImpl$State
instanceKlass org/jetbrains/plugins/sass/extensions/SassExtensionFunctionsIndex$1
instanceKlass com/intellij/openapi/vfs/encoding/EncodingManagerImpl$1
instanceKlass com/intellij/openapi/vcs/impl/FileStatusManagerImpl$2
instanceKlass com/intellij/openapi/roots/impl/DirectoryIndexImpl$$Lambda$695
instanceKlass com/intellij/openapi/roots/impl/DirectoryIndexImpl$$Lambda$694
instanceKlass com/intellij/openapi/roots/impl/DirectoryIndexImpl$2
instanceKlass com/intellij/openapi/roots/impl/DirectoryIndexImpl$1
instanceKlass com/intellij/openapi/project/ModuleListener
instanceKlass com/intellij/ProjectTopics
instanceKlass com/intellij/openapi/roots/impl/DirectoryInfo
instanceKlass com/intellij/sql/SqlRoutineIndex$getIndexer$1
instanceKlass com/intellij/openapi/roots/impl/DirectoryIndex
instanceKlass com/intellij/sql/SqlRoutineIndex$getValueExternalizer$1
instanceKlass com/intellij/openapi/startup/StartupManager
instanceKlass com/intellij/codeInsight/daemon/impl/SeverityRegistrar$OrderMap$$Lambda$693
instanceKlass com/intellij/sql/SqlRoutineIndex$getKeyDescriptor$1
instanceKlass com/intellij/openapi/actionSystem/AnAction$TransparentUpdate
instanceKlass org/editorconfig/language/index/EditorConfigIdentifierIndex$getIndexer$1
instanceKlass org/editorconfig/language/index/EditorConfigIdentifierIndex$getValueExternalizer$1
instanceKlass com/intellij/diff/contents/DiffContent
instanceKlass com/intellij/dvcs/repo/Repository
instanceKlass com/intellij/util/text/UniqueNameGenerator
instanceKlass com/intellij/psi/css/index/CssTemplateSelectorsIndex$Holder
instanceKlass icons/CodeceptionIcons
instanceKlass com/jetbrains/php/testFramework/PhpTestCreateInfo
instanceKlass com/jetbrains/php/templates/PhpCreateFileFromTemplateDataProvider
instanceKlass com/intellij/psi/css/index/CssIndex$$Lambda$692
instanceKlass com/intellij/configurationStore/FileBasedStorageConfigurationKt$defaultFileBasedStorageConfiguration$1
instanceKlass com/intellij/configurationStore/FileBasedStorageConfigurationKt
instanceKlass com/intellij/configurationStore/DefaultProjectStorage$configuration$1
instanceKlass com/intellij/openapi/components/StoredProperty$DefaultImpls
instanceKlass com/intellij/profile/codeInspection/ProjectInspectionProfileManager$2
instanceKlass org/jetbrains/concurrency/InternalPromiseUtil$PromiseValue
instanceKlass org/jetbrains/concurrency/InternalPromiseUtil$BasePromise
instanceKlass org/jetbrains/concurrency/InternalPromiseUtil$PromiseImpl
instanceKlass org/jetbrains/concurrency/CancellablePromise
instanceKlass org/jetbrains/concurrency/InternalPromiseUtil
instanceKlass com/intellij/psi/css/index/CssSupportedFileTypesProvider
instanceKlass com/intellij/psi/css/index/CssIndex$Holder
instanceKlass org/intellij/lang/xpath/xslt/impl/XsltSymbolIndex$1
instanceKlass org/jetbrains/concurrency/Promises
instanceKlass com/intellij/configurationStore/VirtualFileResolver
instanceKlass com/intellij/openapi/components/impl/stores/IProjectStore
instanceKlass com/intellij/configurationStore/StreamProvider$DefaultImpls
instanceKlass com/intellij/find/actions/ShowUsagesAction$$Lambda$691
instanceKlass com/intellij/htmltools/html/HtmlTagIdIndex$1
instanceKlass com/intellij/ui/speedSearch/SpeedSearchSupply
instanceKlass com/intellij/htmltools/html/HtmlTagIdIndex$$Lambda$690
instanceKlass javax/swing/table/TableCellRenderer
instanceKlass javax/swing/table/TableModel
instanceKlass javax/swing/AbstractCellEditor
instanceKlass javax/swing/tree/TreeCellEditor
instanceKlass javax/swing/table/TableCellEditor
instanceKlass javax/swing/CellEditor
instanceKlass javax/accessibility/AccessibleExtendedTable
instanceKlass javax/accessibility/AccessibleTable
instanceKlass javax/swing/RowSorter
instanceKlass com/intellij/usages/impl/UsageViewImpl$$Lambda$689
instanceKlass com/intellij/usages/impl/UsageAdapter
instanceKlass com/intellij/usages/impl/UsageViewImpl$ExclusionHandlerEx
instanceKlass com/intellij/ide/actions/exclusion/ExclusionHandler
instanceKlass com/intellij/openapi/ui/Splittable
instanceKlass javax/swing/event/TreeExpansionListener
instanceKlass com/intellij/ide/TreeExpander
instanceKlass javax/swing/event/TreeModelListener
instanceKlass javax/swing/event/TreeSelectionListener
instanceKlass com/intellij/configurationStore/DefaultProjectStoreImpl$storageManager$1
instanceKlass com/intellij/usages/impl/UsageViewImpl
instanceKlass com/intellij/usages/impl/UsageViewEx
instanceKlass com/intellij/usages/UsageView
instanceKlass com/intellij/htmltools/html/HtmlTagIdIndex$2
instanceKlass javax/swing/tree/DefaultMutableTreeNode
instanceKlass com/jetbrains/clones/index/HashFragmentIndexer
instanceKlass com/jetbrains/clones/index/HashIndexFileFilter
instanceKlass com/jetbrains/clones/index/TextRangesExternalizer
instanceKlass com/jetbrains/clones/index/LongKeyDescriptor
instanceKlass com/intellij/psi/css/inspections/clones/CssDuplicateScope
instanceKlass com/jetbrains/clones/configuration/BooleanProperty
instanceKlass com/jetbrains/clones/configuration/IntProperty
instanceKlass com/jetbrains/clones/configuration/DuplicateIndexConfiguration$Companion
instanceKlass com/jetbrains/clones/configuration/PersistentIdeaSettings
instanceKlass com/jetbrains/clones/configuration/DuplicateIndexConfiguration
instanceKlass com/intellij/configurationStore/PlatformLangProjectStoreFactory
instanceKlass com/intellij/openapi/project/impl/ProjectStoreFactory
instanceKlass com/jetbrains/clones/languagescope/xml/BaseXMLDuplicateScope
instanceKlass com/intellij/util/keyFMap/ArrayBackedFMap
instanceKlass com/intellij/usages/Usage
instanceKlass com/intellij/project/ProjectKt
instanceKlass com/jetbrains/clones/languagescope/common/DuplicateScopeBase
instanceKlass com/jetbrains/clones/languagescope/DuplicateScope
instanceKlass com/intellij/codeInsight/daemon/impl/SeverityRegistrar$$Lambda$688
instanceKlass com/jetbrains/clones/languagescope/DuplicateScopeExtension$Companion
instanceKlass com/jetbrains/clones/languagescope/DuplicateScopeExtension
instanceKlass com/intellij/ide/util/gotoByName/ModelDiff$Model
instanceKlass com/intellij/codeHighlighting/HighlightDisplayLevel$SingleColorIcon
instanceKlass com/intellij/codeHighlighting/HighlightDisplayLevel$ColoredIcon
instanceKlass com/intellij/codeHighlighting/HighlightDisplayLevel
instanceKlass com/jetbrains/jsonSchema/impl/JsonSchemaFileValuesIndex$$Lambda$687
instanceKlass com/intellij/openapi/editor/colors/TextAttributesKey$$Lambda$686
instanceKlass com/intellij/openapi/editor/colors/EditorColors
instanceKlass com/intellij/database/psi/DbElement
instanceKlass com/intellij/ide/util/treeView/WeighedItem
instanceKlass com/intellij/database/model/PsiObject
instanceKlass com/intellij/database/model/DasObject
instanceKlass com/intellij/codeInspection/DeprecationUtil
instanceKlass com/intellij/profile/ProfileEx
instanceKlass com/intellij/xml/index/SchemaTypeInheritanceIndex$1
instanceKlass com/intellij/codeInsight/daemon/HighlightDisplayKey
instanceKlass com/intellij/codeInsight/daemon/impl/HighlightInfoType$HighlightInfoTypeSeverityByKey
instanceKlass com/intellij/openapi/editor/colors/ColorKey$$Lambda$685
instanceKlass com/intellij/openapi/editor/colors/TextAttributesKey$$Lambda$684
instanceKlass com/intellij/openapi/editor/colors/TextAttributesKey$$Lambda$683
instanceKlass com/intellij/codeInspection/ex/InspectionRVContentProvider
instanceKlass com/intellij/openapi/editor/markup/AttributesFlyweight$FlyweightKey
instanceKlass com/intellij/openapi/editor/markup/AttributesFlyweight
instanceKlass com/intellij/xml/index/SchemaTypeInheritanceIndex$2
instanceKlass com/intellij/openapi/editor/markup/TextAttributes
instanceKlass com/intellij/openapi/editor/colors/TextAttributesKey
instanceKlass com/intellij/openapi/editor/colors/CodeInsightColors
instanceKlass com/intellij/lang/annotation/HighlightSeverity
instanceKlass com/intellij/openapi/vcs/changes/patch/ApplyPatchExecutor
instanceKlass com/intellij/codeInsight/daemon/impl/HighlightInfoType$HighlightInfoTypeImpl
instanceKlass com/intellij/codeInsight/daemon/impl/HighlightInfoType$UpdateOnTypingSuppressible
instanceKlass com/intellij/xml/index/XmlNamespaceIndex$2
instanceKlass com/intellij/xml/index/XmlNamespaceIndex$3
instanceKlass com/intellij/xml/index/XmlTagNamesIndex$1
instanceKlass com/intellij/codeInspection/InspectionsBundle
instanceKlass com/intellij/codeInsight/daemon/impl/HighlightInfoType
instanceKlass com/intellij/codeInsight/daemon/impl/SeverityRegistrar
instanceKlass com/jetbrains/php/config/library/PhpAdditionalLibraryManager$$Lambda$682
instanceKlass com/intellij/vcsUtil/VcsRunnable
instanceKlass com/jetbrains/php/config/library/PhpAdditionalLibraryManager
instanceKlass com/intellij/openapi/roots/ModuleRootListener
instanceKlass com/jetbrains/php/PhpCaches
instanceKlass com/jetbrains/php/lang/classAlias/PhpClassAliasIndexImpl
instanceKlass com/jetbrains/php/lang/classAlias/PhpClassAliasIndex
instanceKlass org/intellij/plugins/relaxNG/model/CommonElement$Visitor
instanceKlass org/intellij/plugins/relaxNG/model/resolve/RelaxSymbolIndex$1
instanceKlass com/jetbrains/php/PhpIndex
instanceKlass com/intellij/pom/wrappers/PsiEventWrapperAspect
instanceKlass org/jetbrains/idea/perforce/PerforceBundle
instanceKlass com/intellij/codeInsight/daemon/impl/EditorTracker
instanceKlass com/intellij/psi/impl/include/FileIncludeIndex$1
instanceKlass com/intellij/codeInsight/daemon/impl/HighlightInfo
instanceKlass com/intellij/lang/ecmascript6/index/ES6FileIncludeProvider$$Lambda$681
instanceKlass com/intellij/lang/javascript/ecmascript6/TypeScriptUtil$$Lambda$680
instanceKlass com/intellij/lang/javascript/psi/ecma6/TypeScriptInterface
instanceKlass com/intellij/codeInsight/daemon/DaemonCodeAnalyzerSettings
instanceKlass org/jetbrains/idea/perforce/actions/BrowseShelfAction$Companion
instanceKlass com/intellij/openapi/editor/markup/RangeHighlighter
instanceKlass com/intellij/openapi/editor/RangeMarker
instanceKlass com/intellij/codeInsight/daemon/DaemonCodeAnalyzer$DaemonListener
instanceKlass com/intellij/codeInsight/daemon/DaemonCodeAnalyzer
instanceKlass com/intellij/lang/javascript/psi/ecma6/TypeScriptCompileTimeType
instanceKlass com/intellij/lang/javascript/psi/ecma6/TypeScriptInterfaceClass
instanceKlass com/intellij/psi/impl/source/PostprocessReformattingAspect$PostprocessFormattingTask
instanceKlass com/intellij/psi/impl/source/tree/TreeElementVisitor
instanceKlass com/intellij/lang/javascript/psi/ecma6/TypeScriptTypeParameterListOwner
instanceKlass com/intellij/psi/impl/source/PostprocessReformattingAspect
instanceKlass org/zmlx/hg4idea/HgUpdater
instanceKlass com/intellij/lang/javascript/psi/ecma6/TypeScriptTypeParameterProvider
instanceKlass com/intellij/lang/javascript/psi/ecmal4/JSClass
instanceKlass com/intellij/pom/tree/TreeAspect
instanceKlass com/intellij/pom/PomModelAspect
instanceKlass com/intellij/lang/javascript/psi/ecma6/JSNamedTypeDeclaration
instanceKlass com/intellij/openapi/module/impl/ExternalModuleListStorageImpl
instanceKlass com/intellij/openapi/roots/ProjectModelElement
instanceKlass com/intellij/lang/javascript/psi/ecma6/JSTypedEntity
instanceKlass com/intellij/openapi/module/impl/ExternalModuleListStorage
instanceKlass com/intellij/openapi/vcs/TransactionRunnable
instanceKlass com/intellij/lang/javascript/psi/JSSuppressionHolder
instanceKlass com/intellij/openapi/module/impl/ModuleEx
instanceKlass com/intellij/openapi/module/Module
instanceKlass com/intellij/lang/javascript/psi/JSRecordType$TypeMember
instanceKlass com/intellij/openapi/module/ModifiableModuleModel
instanceKlass com/intellij/lang/javascript/psi/resolve/JSTypeProcessor
instanceKlass org/zmlx/hg4idea/execution/HgCommandResultHandler
instanceKlass com/intellij/lang/javascript/psi/JSRecordType
instanceKlass com/intellij/lang/javascript/psi/JSType
instanceKlass com/intellij/lang/javascript/ecmascript6/TypeScriptUtil
instanceKlass com/intellij/openapi/localVcs/UpToDateLineNumberProvider
instanceKlass com/intellij/openapi/vcs/actions/ActiveAnnotationGutter
instanceKlass com/intellij/openapi/editor/EditorGutterAction
instanceKlass com/intellij/lang/ecmascript6/index/ES6FileIncludeProvider$$Lambda$679
instanceKlass com/intellij/psi/PsiTreeChangeListener
instanceKlass com/intellij/openapi/fileTypes/FileTypes
instanceKlass com/intellij/psi/impl/include/FileIncludeIndex$3
instanceKlass com/intellij/openapi/vcs/annotate/TextAnnotationPresentation
instanceKlass com/intellij/psi/impl/include/FileIncludeIndex$2
instanceKlass com/intellij/openapi/vcs/annotate/UpToDateLineNumberListener
instanceKlass com/intellij/psi/PsiDocumentManager
instanceKlass com/intellij/psi/impl/AnyPsiChangeListener
instanceKlass com/intellij/lang/typescript/tsconfig/TypeScriptFileImports
instanceKlass com/intellij/codeInsight/intention/IntentionActionProvider
instanceKlass com/intellij/psi/impl/file/impl/FileManager
instanceKlass com/intellij/openapi/editor/TextAnnotationGutterProvider
instanceKlass com/intellij/openapi/components/impl/stores/BatchUpdateListener
instanceKlass net/n3/nanoxml/IXMLBuilder
instanceKlass com/intellij/openapi/roots/libraries/LibraryTable$Listener
instanceKlass com/intellij/openapi/roots/RootProvider$RootSetChangedListener
instanceKlass com/intellij/util/ui/ColumnInfo
instanceKlass com/intellij/psi/impl/include/FileIncludeProvider
instanceKlass com/intellij/psi/impl/include/FileIncludeIndex$Holder
instanceKlass com/intellij/openapi/roots/OrderEnumeratorSettings
instanceKlass com/intellij/openapi/roots/OrderEnumerator
instanceKlass com/intellij/ui/table/SelectionProvider
instanceKlass com/intellij/ui/table/ItemsProvider
instanceKlass com/intellij/openapi/util/text/TrigramBuilder$TrigramProcessor
instanceKlass com/intellij/find/ngrams/TrigramIndex$1
instanceKlass com/intellij/find/ngrams/TrigramIndex$2
instanceKlass com/intellij/openapi/vcs/actions/DiffActionExecutor
instanceKlass com/intellij/openapi/vcs/changes/ChangeList
instanceKlass com/intellij/openapi/vcs/rollback/RollbackProgressListener
instanceKlass com/intellij/util/containers/SequenceIterator
instanceKlass com/intellij/util/containers/MultiMap$1$1
instanceKlass com/intellij/util/containers/ContainerUtil$$Lambda$678
instanceKlass com/intellij/openapi/vcs/changes/VcsAnnotationLocalChangesListener
instanceKlass com/intellij/openapi/vcs/CheckoutProvider$Listener
instanceKlass com/intellij/openapi/vcs/VcsShowConfirmationOption
instanceKlass com/intellij/openapi/vcs/VcsRootChecker
instanceKlass com/intellij/openapi/vcs/VcsShowSettingOption
instanceKlass com/intellij/util/xml/DomElement
instanceKlass com/intellij/util/xml/AnnotatedElement
instanceKlass com/intellij/util/xml/DomFileDescription
instanceKlass com/intellij/openapi/vfs/VirtualFileWithoutContent
instanceKlass com/intellij/openapi/vcs/VcsListener
instanceKlass com/intellij/openapi/vfs/VirtualFilePathWrapper
instanceKlass com/intellij/openapi/vcs/ProjectLevelVcsManager
instanceKlass com/intellij/diagram/DiagramProvider
instanceKlass com/intellij/util/xml/impl/DomApplicationComponent$$Lambda$677
instanceKlass com/intellij/util/xml/impl/VisitorDescription
instanceKlass com/intellij/openapi/ui/popup/JBPopupAdapter
instanceKlass com/intellij/util/xml/impl/DomApplicationComponent$$Lambda$676
instanceKlass com/intellij/util/xml/impl/DomApplicationComponent$$Lambda$675
instanceKlass com/intellij/openapi/components/ProjectComponent
instanceKlass com/intellij/openapi/vcs/FileStatusManager
instanceKlass com/intellij/profile/codeInspection/ProjectInspectionProfileManager$Companion
instanceKlass com/intellij/util/xml/impl/InvocationCache
instanceKlass com/intellij/util/xml/impl/DomApplicationComponent$$Lambda$674
instanceKlass com/intellij/codeInspection/InspectionProfile
instanceKlass com/intellij/util/xml/highlighting/DomElementsAnnotator
instanceKlass com/intellij/profile/codeInspection/InspectionProjectProfileManager
instanceKlass com/intellij/profile/codeInspection/InspectionProfileManager
instanceKlass com/intellij/diagram/DiagramBuilder
instanceKlass com/intellij/util/ReflectionAssignabilityCache$$Lambda$673
instanceKlass com/intellij/util/ReflectionAssignabilityCache
instanceKlass com/intellij/util/xml/TypeChooser
instanceKlass com/intellij/util/xml/TypeChooserManager
instanceKlass com/intellij/util/xml/impl/SofterCache
instanceKlass com/intellij/util/xml/impl/ImplementationClassCache$$Lambda$672
instanceKlass com/intellij/util/xml/impl/ImplementationClassCache$$Lambda$671
instanceKlass com/intellij/openapi/project/impl/ProjectImpl$$Lambda$670
instanceKlass com/intellij/openapi/actionSystem/PopupAction
instanceKlass com/intellij/openapi/project/impl/ProjectImpl$$Lambda$669
instanceKlass com/intellij/util/xml/impl/ImplementationClassCache
instanceKlass com/intellij/util/xml/impl/DomApplicationComponent
instanceKlass com/intellij/openapi/components/impl/ComponentManagerImpl$$Lambda$668
instanceKlass java/util/stream/ReduceOps$5ReducingSink
instanceKlass java/util/stream/IntPipeline$$Lambda$667
instanceKlass com/intellij/psi/tree/IStubFileElementType$$Lambda$666
instanceKlass com/intellij/psi/tree/IStubFileElementType$$Lambda$665
instanceKlass com/intellij/openapi/vcs/update/ScopeInfo$2
instanceKlass com/intellij/openapi/vcs/update/ScopeInfo$1
instanceKlass com/intellij/openapi/vcs/update/ScopeInfo
instanceKlass com/intellij/lang/javascript/index/JavaScriptIndex$$Lambda$664
instanceKlass com/intellij/openapi/vcs/update/ActionInfo$3
instanceKlass com/intellij/openapi/vcs/update/ActionInfo$2
instanceKlass org/angularjs/index/AngularJSIndexingHandler$$Lambda$663
instanceKlass com/intellij/lang/javascript/psi/JSArgumentList
instanceKlass com/intellij/lang/javascript/psi/JSArgumentsHolder
instanceKlass com/intellij/openapi/vcs/update/ActionInfo$1
instanceKlass com/intellij/openapi/vcs/update/ActionInfo
instanceKlass org/angularjs/index/AngularJSIndexingHandler$$Lambda$662
instanceKlass org/angularjs/index/AngularJSIndexingHandler$$Lambda$661
instanceKlass org/angularjs/index/AngularJSIndexingHandler$3
instanceKlass org/angularjs/index/AngularJSIndexingHandler$$Lambda$660
instanceKlass org/angularjs/index/AngularJSIndexingHandler$$Lambda$659
instanceKlass com/intellij/lang/javascript/psi/JSProperty
instanceKlass com/intellij/openapi/progress/util/ProgressWindow$$Lambda$658
instanceKlass com/intellij/lang/javascript/psi/JSTypeOwner
instanceKlass javax/swing/RepaintManager$3
instanceKlass com/intellij/lang/javascript/psi/JSTypeInfoOwner
instanceKlass com/intellij/openapi/wm/impl/status/MemoryUsagePanel$$Lambda$657
instanceKlass com/intellij/util/concurrency/QueueProcessor
instanceKlass com/intellij/openapi/application/impl/ApplicationImpl$$Lambda$656
instanceKlass com/intellij/util/containers/BidirectionalMap
instanceKlass org/angularjs/index/AngularJSIndexingHandler$$Lambda$655
instanceKlass org/angularjs/index/AngularJSIndexingHandler$$Lambda$654
instanceKlass org/angularjs/index/AngularJSIndexingHandler$$Lambda$653
instanceKlass org/angularjs/codeInsight/DirectiveUtil
instanceKlass com/intellij/psi/stubs/AbstractStubIndex
instanceKlass com/intellij/psi/stubs/StubIndexExtension
instanceKlass java/awt/LightweightDispatcher$2
instanceKlass java/awt/Window$1DisposeAction
instanceKlass com/intellij/lang/javascript/psi/JSExpression
instanceKlass com/intellij/lang/javascript/psi/JSQualifiedName
instanceKlass com/intellij/lang/javascript/psi/JSImplicitElementProvider
instanceKlass com/intellij/openapi/wm/FocusWatcher
instanceKlass com/intellij/openapi/wm/impl/WindowWatcher$WindowInfo
instanceKlass com/intellij/ide/IdeEventQueue$$Lambda$652
instanceKlass com/intellij/ide/IdeEventQueue$$Lambda$651
instanceKlass com/intellij/ide/IdeEventQueue$$Lambda$650
instanceKlass com/intellij/ide/IdeEventQueue$$Lambda$649
instanceKlass com/intellij/ide/IdeEventQueue$$Lambda$648
instanceKlass com/intellij/ide/IdeEventQueue$$Lambda$647
instanceKlass com/intellij/ui/mac/touchbar/StackTouchBars$TouchBarHolder
instanceKlass com/intellij/ui/mac/touchbar/StackTouchBars
instanceKlass com/intellij/lang/javascript/psi/stubs/JSUserStringsRegistry
instanceKlass com/intellij/ui/mac/touchbar/TouchBarsManager
instanceKlass com/intellij/lang/javascript/psi/JSFunction
instanceKlass com/intellij/lang/javascript/psi/JSFunctionItem
instanceKlass com/intellij/lang/javascript/psi/JSExecutionScope
instanceKlass com/intellij/lang/javascript/psi/ecmal4/JSAttributeListOwner
instanceKlass com/intellij/lang/javascript/psi/JSSourceElement
instanceKlass com/intellij/lang/javascript/psi/ecmal4/JSQualifiedNamedElement
instanceKlass com/intellij/lang/javascript/psi/JSNamedElement
instanceKlass com/intellij/lang/javascript/psi/literal/JSLiteralImplicitElementProvider
instanceKlass com/intellij/lang/javascript/psi/stubs/JSImplicitElement
instanceKlass com/intellij/lang/javascript/psi/JSConstStatusOwner
instanceKlass com/intellij/navigation/ItemPresentation
instanceKlass com/intellij/lang/javascript/psi/JSPsiElementBase
instanceKlass com/intellij/lang/javascript/psi/JSElementBase
instanceKlass icons/NodeJSIcons
instanceKlass com/intellij/lang/javascript/psi/JSPsiNamedElementBase
instanceKlass com/intellij/lang/javascript/psi/JSElement
instanceKlass com/intellij/openapi/vcs/VcsApplicationSettings
instanceKlass com/intellij/lang/javascript/psi/JSNamedElementBase
instanceKlass com/intellij/lang/javascript/psi/stubs/JSElementIndexingData
instanceKlass java/util/WeakHashMap$HashIterator
instanceKlass com/intellij/openapi/application/ClipboardAnalyzeListener
instanceKlass com/intellij/openapi/vcs/changes/ContentRevision
instanceKlass com/intellij/dvcs/repo/AbstractRepositoryManager
instanceKlass com/intellij/dvcs/repo/RepositoryManager
instanceKlass com/intellij/ide/ApplicationActivationStateManager
instanceKlass com/intellij/lang/javascript/index/FrameworkIndexingHandlerEP$$Lambda$646
instanceKlass com/intellij/database/actions/DatabaseViewActions$AddDataSourceFromPathAction$$Lambda$645
instanceKlass com/intellij/database/actions/DatabaseViewActions$DataSourceFactory
instanceKlass com/intellij/database/model/DatabaseSystem
instanceKlass com/intellij/database/model/DasDataSource
instanceKlass com/intellij/database/dataSource/DatabaseConnectionPoint
instanceKlass com/intellij/database/model/RawConnectionConfig
instanceKlass com/intellij/database/psi/DataSourceManager
instanceKlass sun/java2d/cmm/lcms/LCMSProfile$TagData
instanceKlass sun/java2d/cmm/ProfileDataVerifier
instanceKlass java/lang/invoke/LambdaForm$MH
instanceKlass java/lang/invoke/LambdaForm$MH
instanceKlass java/lang/invoke/LambdaForm$MH
instanceKlass java/lang/invoke/LambdaForm$MH
instanceKlass java/lang/invoke/LambdaForm$MH
instanceKlass java/lang/invoke/LambdaForm$MH
instanceKlass java/lang/invoke/LambdaForm$MH
instanceKlass java/lang/invoke/LambdaForm$MH
instanceKlass java/lang/invoke/LambdaForm$MH
instanceKlass java/lang/invoke/LambdaForm$MH
instanceKlass java/lang/invoke/LambdaForm$MH
instanceKlass java/lang/invoke/LambdaForm$MH
instanceKlass java/lang/invoke/LambdaForm$MH
instanceKlass java/lang/invoke/LambdaForm$MH
instanceKlass java/lang/invoke/LambdaForm$MH
instanceKlass java/lang/invoke/LambdaForm$MH
instanceKlass java/lang/invoke/LambdaForm$MH
instanceKlass java/lang/invoke/LambdaForm$MH
instanceKlass java/lang/invoke/LambdaForm$MH
instanceKlass java/lang/invoke/LambdaForm$MH
instanceKlass java/lang/invoke/LambdaForm$MH
instanceKlass java/awt/color/ICC_Profile$2
instanceKlass sun/java2d/cmm/lcms/LCMSProfile$TagCache
instanceKlass sun/java2d/cmm/Profile
instanceKlass sun/java2d/cmm/lcms/LCMSImageLayout
instanceKlass sun/java2d/cmm/lcms/LCMSTransform
instanceKlass sun/java2d/cmm/ColorTransform
instanceKlass sun/java2d/cmm/lcms/LCMS$1
instanceKlass sun/java2d/cmm/lcms/LCMS
instanceKlass sun/java2d/cmm/CMMServiceProvider
instanceKlass sun/java2d/cmm/PCMM
instanceKlass java/awt/color/ICC_Profile$3
instanceKlass java/awt/image/ColorConvertOp
instanceKlass java/awt/image/RescaleOp
instanceKlass java/awt/image/Kernel
instanceKlass org/imgscalr/Scalr
instanceKlass com/intellij/openapi/editor/DocumentRunnable
instanceKlass com/intellij/lang/javascript/index/FrameworkIndexingHandler
instanceKlass com/intellij/lang/javascript/index/JavaScriptIndex$1
instanceKlass com/intellij/webcore/libraries/ScriptingLibraryManager
instanceKlass com/intellij/lang/javascript/index/JavaScriptIndex
instanceKlass java/awt/PrintGraphics
instanceKlass java/awt/print/PrinterGraphics
instanceKlass java/awt/GradientPaintContext
instanceKlass sun/swing/ImageCache$Entry
instanceKlass javax/swing/plaf/metal/MetalUtils
instanceKlass com/intellij/ui/paint/LinePainter2D$$Lambda$644
instanceKlass com/intellij/ui/paint/PaintUtil
instanceKlass java/awt/geom/Line2D
instanceKlass org/intellij/lang/regexp/RegExpElementTypes
instanceKlass com/intellij/ui/paint/LinePainter2D
instanceKlass org/intellij/lang/regexp/RegExpParserDefinition
instanceKlass com/intellij/docker/runtimes/DockerParentRuntime
instanceKlass ru/adelf/idea/dotenv/psi/DotEnvTypes
instanceKlass ru/adelf/idea/dotenv/DotEnvParserDefinition
instanceKlass com/intellij/remoteServer/runtime/deployment/DeploymentRuntime
instanceKlass sun/java2d/opengl/OGLGraphicsConfig
instanceKlass sun/java2d/pipe/hw/AccelGraphicsConfig
instanceKlass sun/java2d/pipe/hw/BufferedContextProvider
instanceKlass sun/awt/SunGraphicsCallback
instanceKlass javax/swing/RepaintManager$4
instanceKlass javax/swing/RepaintManager$2$1
instanceKlass org/intellij/plugins/markdown/lang/MarkdownTokenTypes
instanceKlass com/intellij/ui/FrameState
instanceKlass org/intellij/markdown/flavours/gfm/GFMElementTypes
instanceKlass com/intellij/openapi/wm/impl/status/IdeStatusBarImpl$$Lambda$643
instanceKlass org/intellij/markdown/flavours/MarkdownFlavourDescriptor
instanceKlass org/intellij/markdown/flavours/gfm/GFMTokenTypes
instanceKlass org/intellij/markdown/MarkdownTokenTypes$Companion
instanceKlass org/intellij/markdown/MarkdownTokenTypes
instanceKlass com/intellij/openapi/application/TransactionGuardImpl$2
instanceKlass com/intellij/util/ui/update/UiNotifyConnector$$Lambda$642
instanceKlass com/intellij/openapi/wm/StatusBarWidget$WidgetBorder
instanceKlass org/intellij/markdown/MarkdownElementTypes
instanceKlass com/intellij/openapi/wm/impl/status/IdeStatusBarImpl$$Lambda$641
instanceKlass com/intellij/openapi/wm/StatusBar$Anchors
instanceKlass org/intellij/markdown/IElementType
instanceKlass com/intellij/diagnostic/IdeMessagePanel$$Lambda$640
instanceKlass org/intellij/plugins/markdown/lang/MarkdownElementTypes
instanceKlass org/intellij/plugins/markdown/lang/parser/MarkdownParserDefinition
instanceKlass com/intellij/diagnostic/MessagePool$MessageGrouper
instanceKlass com/intellij/diagnostic/MessagePool$MessagePoolHolder
instanceKlass com/intellij/diagnostic/AbstractMessage
instanceKlass com/intellij/sh/parser/ShParserDefinition
instanceKlass com/intellij/sh/lexer/ShTokenTypes
instanceKlass com/intellij/sh/ShTypes
instanceKlass com/intellij/diagnostic/MessagePool
instanceKlass org/intellij/images/fileTypes/impl/SvgParserDefinition$Companion
instanceKlass com/intellij/openapi/wm/IconLikeCustomStatusBarWidget
instanceKlass com/intellij/diagnostic/MessagePoolListener
instanceKlass com/intellij/lang/apacheConfig/lexer/ApacheConfigTokenTypes
instanceKlass com/intellij/lang/apacheConfig/parser/ApacheConfigParserDefinition
instanceKlass com/intellij/openapi/wm/impl/status/IdeStatusBarImpl$$Lambda$639
instanceKlass com/intellij/openapi/wm/impl/status/MemoryUsagePanel$$Lambda$638
instanceKlass com/intellij/util/ui/JBUI$Fonts
instanceKlass com/intellij/psi/css/CssMedia
instanceKlass com/intellij/psi/css/CssAtRule
instanceKlass com/intellij/psi/css/CssImport
instanceKlass com/intellij/openapi/wm/impl/status/ToolWindowsWidget$$Lambda$637
instanceKlass com/intellij/psi/css/CssDeclaration
instanceKlass com/intellij/util/ui/accessibility/ScreenReader
instanceKlass com/intellij/psi/css/CssValueOwner
instanceKlass com/intellij/util/ui/TimedDeadzone$Length
instanceKlass com/intellij/psi/css/CssCustomMixin
instanceKlass com/intellij/util/ui/TimedDeadzone
instanceKlass com/intellij/util/ui/BaseButtonBehavior
instanceKlass com/intellij/psi/PsiNameIdentifierOwner
instanceKlass com/intellij/psi/css/CssOneLineStatement
instanceKlass com/intellij/psi/css/CssPseudoPage
instanceKlass com/intellij/psi/css/CssPseudoElement
instanceKlass com/intellij/util/ui/JBUI$Panels
instanceKlass com/intellij/openapi/wm/impl/status/IdeStatusBarImpl$$Lambda$636
instanceKlass com/intellij/psi/css/CssPseudoClass
instanceKlass com/intellij/openapi/wm/impl/status/InfoAndProgressPanel$3
instanceKlass com/intellij/openapi/progress/impl/ProgressSuspender$SuspenderListener
instanceKlass com/intellij/openapi/wm/impl/status/InfoAndProgressPanel$$Lambda$635
instanceKlass com/intellij/ide/PowerSaveMode$Listener
instanceKlass com/intellij/ide/PowerSaveMode
instanceKlass com/intellij/openapi/wm/impl/status/InfoAndProgressPanel$$Lambda$634
instanceKlass com/intellij/openapi/wm/impl/status/InfoAndProgressPanel$$Lambda$633
instanceKlass com/intellij/psi/css/CssPseudoSelector
instanceKlass com/intellij/util/containers/DistinctRootsCollection
instanceKlass com/intellij/ui/IdeBorderFactory
instanceKlass com/intellij/psi/css/CssDescriptorOwner
instanceKlass com/intellij/ui/components/JBScrollPane$$Lambda$632
instanceKlass javax/swing/plaf/metal/MetalScrollPaneUI$1
instanceKlass javax/swing/plaf/basic/BasicScrollPaneUI$Handler
instanceKlass com/intellij/ui/components/Interpolator$TimerListener
instanceKlass com/jetbrains/plugins/webDeployment/WDBundle
instanceKlass com/intellij/ui/components/JBScrollBar$$Lambda$631
instanceKlass java/lang/invoke/LambdaForm$DMH
instanceKlass com/intellij/ui/components/JBScrollBar$$Lambda$630
instanceKlass java/lang/invoke/LambdaForm$DMH
instanceKlass com/jetbrains/plugins/webDeployment/ui/LocalMappingDiffRoot
instanceKlass com/intellij/ui/components/Interpolator
instanceKlass com/intellij/ui/components/ScrollBarPainter$$Lambda$629
instanceKlass com/intellij/ui/components/DefaultScrollBarUI$$Lambda$628
instanceKlass com/intellij/ui/components/ScrollBarPainter$$Lambda$627
instanceKlass com/intellij/psi/css/CssAttribute
instanceKlass com/intellij/ui/MixedColorProducer
instanceKlass com/intellij/ui/components/DefaultScrollBarUI$$Lambda$626
instanceKlass com/intellij/ui/components/TwoWayAnimator
instanceKlass com/intellij/psi/stubs/NamedStub
instanceKlass com/intellij/ui/components/ScrollBarPainter
instanceKlass com/intellij/psi/css/CssIdSelector
instanceKlass javax/swing/JScrollBar$ModelListener
instanceKlass com/intellij/psi/css/CssClass
instanceKlass com/intellij/psi/css/CssSelectorSuffix
instanceKlass com/intellij/psi/css/CssNamedElement
instanceKlass com/intellij/ui/components/JBViewport$2
instanceKlass com/intellij/ui/components/ScrollSettings
instanceKlass com/intellij/psi/css/CssSimpleSelector
instanceKlass com/intellij/ui/components/Magnificator
instanceKlass com/intellij/psi/css/CssSelector
instanceKlass sun/swing/SwingUtilities2$RepaintListener
instanceKlass com/intellij/psi/css/CssSelectorList
instanceKlass com/intellij/psi/css/CssRuleset
instanceKlass javax/swing/ViewportLayout
instanceKlass com/intellij/psi/css/CssRulesetList
instanceKlass javax/swing/ScrollPaneLayout
instanceKlass com/intellij/psi/css/CssStylesheet
instanceKlass com/intellij/psi/css/CssElement
instanceKlass com/intellij/ui/components/Interpolable
instanceKlass com/intellij/openapi/wm/IdeGlassPane$TopComponent
instanceKlass com/intellij/util/ui/RegionPainter
instanceKlass com/intellij/psi/css/impl/util/CssStylesheetElementTypeBase
instanceKlass com/intellij/psi/css/impl/CssCommentElementType
instanceKlass com/intellij/psi/css/impl/CssElementType
instanceKlass com/intellij/psi/css/impl/CssElementTypes
instanceKlass com/intellij/lang/PsiBuilder
instanceKlass com/intellij/openapi/util/UserDataHolderUnprotected
instanceKlass com/intellij/openapi/util/Weighted
instanceKlass com/intellij/sql/dialects/base/SqlElementFactory
instanceKlass com/intellij/sql/psi/SqlElementTypes
instanceKlass com/intellij/sql/psi/SqlCompositeElementTypes
instanceKlass com/intellij/sql/psi/SqlTokens
instanceKlass com/intellij/sql/psi/SqlCommonTokens
instanceKlass com/intellij/openapi/ui/popup/ActiveIcon
instanceKlass com/intellij/sql/psi/SqlCommonKeywords
instanceKlass com/intellij/openapi/wm/impl/status/ProcessPopup
instanceKlass com/intellij/util/AlarmFactory
instanceKlass com/intellij/ide/UiActivity
instanceKlass com/intellij/openapi/util/MultiValuesMap
instanceKlass com/intellij/docker/dockerFile/parser/DockerParserDefinition
instanceKlass com/intellij/ui/ClickListener
instanceKlass org/jetbrains/yaml/YAMLParserDefinition
instanceKlass org/jetbrains/vuejs/lang/html/parser/VueParserDefinition$Companion
instanceKlass org/jetbrains/plugins/textmate/psi/TextMateParserDefinition
instanceKlass com/intellij/openapi/progress/impl/ProgressSuspender
instanceKlass com/intellij/openapi/wm/StatusBarWidget$WidgetPresentation
instanceKlass com/intellij/util/ui/update/MergingUpdateQueue
instanceKlass org/coffeescript/lang/parser/CoffeeScriptParserDefinition
instanceKlass com/intellij/util/ui/update/ComparableObject$Impl
instanceKlass com/intellij/util/ui/update/ComparableObject
instanceKlass com/intellij/psi/tree/ICompositeElementType
instanceKlass com/intellij/util/ui/PositionTracker
instanceKlass com/jetbrains/twig/elements/TwigElementTypes
instanceKlass com/intellij/openapi/application/TransactionGuardImpl$$Lambda$625
instanceKlass java/lang/invoke/LambdaForm$DMH
instanceKlass com/intellij/openapi/vcs/StartedActivated
instanceKlass org/jetbrains/plugins/textmate/TextMateServiceImpl$$Lambda$624
instanceKlass com/jetbrains/twig/TwigTokenTypes
instanceKlass com/jetbrains/twig/parser/TwigKeywords
instanceKlass com/jetbrains/twig/parser/TwigParserDefinition
instanceKlass com/intellij/openapi/wm/CustomStatusBarWidget
instanceKlass com/intellij/openapi/ui/popup/BalloonHandler
instanceKlass com/intellij/openapi/ui/MessageType
instanceKlass com/intellij/openapi/wm/impl/status/IdeStatusBarImpl$WidgetBean
instanceKlass com/intellij/openapi/wm/StatusBarWidget$Multiframe
instanceKlass com/intellij/openapi/wm/impl/status/IdeStatusBarImpl$ChildAction
instanceKlass com/intellij/ui/ColoredTextContainer
instanceKlass com/jetbrains/php/dql/DqlTypes
instanceKlass com/intellij/openapi/wm/impl/status/IdeStatusBarImpl$StatusBarWrapper
instanceKlass com/jetbrains/php/dql/parser/DqlParserDefinition
instanceKlass com/intellij/openapi/application/TransactionGuardImpl$$Lambda$623
instanceKlass com/intellij/ide/IdeEventQueue$$Lambda$622
instanceKlass com/intellij/openapi/progress/util/ProgressWindow$$Lambda$621
instanceKlass com/jetbrains/php/blade/parser/BladeParserDefinition
instanceKlass com/intellij/openapi/application/impl/ApplicationImpl$$Lambda$620
instanceKlass com/intellij/openapi/progress/util/ProgressDialog$$Lambda$619
instanceKlass javax/swing/JComponent$ActionStandin
instanceKlass com/intellij/openapi/progress/util/ProgressDialog$$Lambda$618
instanceKlass com/intellij/openapi/progress/util/ProgressDialog$$Lambda$617
instanceKlass com/intellij/openapi/progress/util/ProgressDialog$$Lambda$616
instanceKlass com/intellij/openapi/progress/util/ProgressDialog$$Lambda$615
instanceKlass com/intellij/openapi/progress/util/ProgressDialog$$Lambda$614
instanceKlass com/jetbrains/php/phpt/parser/PhpTParserDefinition
instanceKlass com/intellij/openapi/progress/util/ProgressDialog$1
instanceKlass com/intellij/ui/ActiveComponent
instanceKlass com/intellij/ui/CaptionPanel$$Lambda$613
instanceKlass com/intellij/ui/CaptionPanel$$Lambda$612
instanceKlass javax/swing/plaf/basic/BasicProgressBarUI$Handler
instanceKlass com/jetbrains/php/composer/actions/log/lang/ComposerLogParserDefinition
instanceKlass com/intellij/execution/actions/CreateAction$BaseCreatePolicy
instanceKlass javax/swing/JProgressBar$ModelListener
instanceKlass javax/swing/DefaultBoundedRangeModel
instanceKlass javax/swing/BoundedRangeModel
instanceKlass com/jetbrains/smarty/SmartyConfigParserDefinition
instanceKlass com/intellij/util/ui/UIUtil$12
instanceKlass com/intellij/psi/templateLanguages/SimpleTreePatcher
instanceKlass com/intellij/psi/templateLanguages/TreePatcher
instanceKlass com/intellij/util/ui/AATextInfo
instanceKlass javax/swing/AncestorNotifier
instanceKlass javax/swing/InputVerifier
instanceKlass javax/swing/TransferHandler
instanceKlass com/intellij/psi/FileViewProvider
instanceKlass javax/swing/TransferHandler$DropLocation
instanceKlass com/intellij/util/ui/GraphicsUtil
instanceKlass com/intellij/psi/templateLanguages/OuterLanguageElement
instanceKlass com/intellij/psi/templateLanguages/ITemplateDataElementType
instanceKlass com/jetbrains/smarty/lang/SmartyElementTypes
instanceKlass com/intellij/uiDesigner/core/GridConstraints
instanceKlass com/intellij/openapi/application/impl/ApplicationImpl$2
instanceKlass com/jetbrains/smarty/lang/SmartyTokenTypes
instanceKlass com/intellij/ide/SystemHealthMonitor$4$$Lambda$611
instanceKlass com/intellij/uiDesigner/core/DimensionInfo
instanceKlass com/jetbrains/smarty/SmartyParserDefinition
instanceKlass com/intellij/psi/stubs/IndexSink
instanceKlass com/jetbrains/php/lang/psi/stubs/PhpFileStub
instanceKlass com/intellij/uiDesigner/core/AbstractLayout
instanceKlass com/jetbrains/php/lang/parser/PhpParserDefinition
instanceKlass com/intellij/ws/http/request/cookies/CookieStorageParserDefinition
instanceKlass com/intellij/openapi/progress/util/ProgressDialog
instanceKlass com/intellij/openapi/progress/util/ProgressWindow$Listener
instanceKlass com/intellij/ws/http/request/parser/HttpRequestParserDefinition
instanceKlass com/intellij/openapi/progress/util/BlockingProgressIndicator
instanceKlass org/angular2/lang/metadata/MetadataJsonStubBuilder
instanceKlass com/intellij/openapi/progress/impl/CoreProgressManager$TaskContainer
instanceKlass java/lang/invoke/LambdaForm$MH
instanceKlass java/lang/invoke/LambdaForm$DMH
instanceKlass java/lang/invoke/LambdaForm$DMH
instanceKlass com/intellij/platform/PlatformProjectOpenProcessor$$Lambda$610
instanceKlass java/lang/invoke/LambdaForm$DMH
instanceKlass com/intellij/platform/PlatformProjectOpenProcessor$$Lambda$609
instanceKlass com/intellij/openapi/externalSystem/action/task/ExternalSystemTaskMenu$Companion
instanceKlass com/intellij/openapi/wm/impl/IdeFrameImpl$$Lambda$608
instanceKlass com/jetbrains/rest/psi/RestASTFactory
instanceKlass com/jetbrains/rest/RestElementTypes
instanceKlass com/jetbrains/rest/parsing/RestParserDefinition
instanceKlass com/jetbrains/rest/RestTokenTypes
instanceKlass com/jetbrains/localization/psi/LocaleASTFactory
instanceKlass com/jetbrains/localization/LocaleParserDefinition
instanceKlass com/jetbrains/localization/LocaleTokenTypes
instanceKlass com/jetbrains/localization/LocaleElementTypes
instanceKlass com/intellij/diagnostic/PerformanceWatcher$SwingThreadRunnable
instanceKlass org/jetbrains/io/PowerSupplyKit
instanceKlass icons/RestClientIcons
instanceKlass com/intellij/ide/actions/CreateFileFromTemplateDialog$FileCreator
instanceKlass com/intellij/lang/css/CSSParserDefinition
instanceKlass icons/XpathIcons
instanceKlass org/jetbrains/plugins/haml/psi/HAMLElementTypes
instanceKlass com/intellij/execution/ui/RunContentDescriptor
instanceKlass com/intellij/psi/CommonClassNames
instanceKlass icons/JavaScriptLanguageIcons$Typescript
instanceKlass com/intellij/ui/awt/RelativePoint
instanceKlass com/intellij/ui/awt/RelativeRectangle
instanceKlass com/intellij/ui/JBColor$Lazy
instanceKlass com/intellij/openapi/wm/impl/customFrameDecorations/header/MainFrameHeader$2$1
instanceKlass javax/swing/TimerQueue$DelayedTimer
instanceKlass javax/swing/TimerQueue$$Lambda$607
instanceKlass com/intellij/psi/impl/source/CharTableImpl
instanceKlass javax/swing/TimerQueue
instanceKlass com/intellij/ide/actions/PinActiveTabAction$Handler
instanceKlass com/intellij/openapi/actionSystem/impl/ActionManagerImpl$MyTimer$1
instanceKlass com/intellij/openapi/actionSystem/impl/WeakTimerListener
instanceKlass com/intellij/ssh/interaction/ConnectionOwner
instanceKlass com/jetbrains/plugins/webDeployment/config/Mappable
instanceKlass com/intellij/ssh/common/ServerDescription
instanceKlass com/intellij/ide/util/treeView/NodeDescriptor
instanceKlass com/intellij/ide/util/treeView/AbstractTreeStructure
instanceKlass com/intellij/lang/FileASTNode
instanceKlass com/intellij/util/CharTable
instanceKlass sun/font/StandardGlyphVector$GlyphStrike
instanceKlass sun/font/FontSubstitution
instanceKlass java/awt/font/GlyphVector
instanceKlass com/intellij/psi/PsiWhiteSpace
instanceKlass com/intellij/lang/ASTFactory
instanceKlass org/jetbrains/plugins/haml/HAMLParserDefinition
instanceKlass org/editorconfig/language/parser/EditorConfigParserDefinition$Companion
instanceKlass org/editorconfig/language/parser/EditorConfigParserDefinition
instanceKlass org/jetbrains/plugins/cucumber/psi/GherkinElementTypes
instanceKlass org/jetbrains/plugins/cucumber/psi/GherkinParserDefinition
instanceKlass com/intellij/openapi/actionSystem/impl/ActionMenu$MenuItemSynchronizer
instanceKlass ini4idea/lang/psi/IniProperty
instanceKlass com/intellij/openapi/actionSystem/impl/ActionMenu$MenuListenerImpl
instanceKlass com/intellij/psi/StubBasedPsiElement
instanceKlass ini4idea/lang/psi/IniPsiElement
instanceKlass com/intellij/openapi/actionSystem/impl/actionholder/ActionRef
instanceKlass ini4idea/lang/psi/stubs/IniPropertyStub
instanceKlass com/intellij/openapi/ui/JBPopupMenu$MyLayout$1
instanceKlass com/intellij/ui/ColorUtil$$Lambda$606
instanceKlass ini4idea/lang/IniElementTypes
instanceKlass ini4idea/lang/psi/stubs/IniStubElementTypes
instanceKlass ini4idea/lang/parser/IniParserDefinition
instanceKlass com/jetbrains/asp/AspElementTypes
instanceKlass com/jetbrains/asp/AspParserDefinition
instanceKlass javax/swing/event/MenuListener
instanceKlass com/intellij/tasks/jira/jql/JqlElementTypes
instanceKlass javax/accessibility/AccessibleExtendedComponent
instanceKlass javax/accessibility/AccessibleText
instanceKlass javax/accessibility/AccessibleValue
instanceKlass javax/accessibility/AccessibleAction
instanceKlass com/intellij/tasks/jira/jql/JqlParserDefinition
instanceKlass javax/accessibility/AccessibleSelection
instanceKlass com/intellij/util/Functions$2
instanceKlass sun/awt/im/InputMethodAdapter
instanceKlass java/awt/im/spi/InputMethod
instanceKlass org/intellij/plugins/relaxNG/compact/RncParserDefinition
instanceKlass java/awt/im/spi/InputMethodContext
instanceKlass java/awt/im/InputMethodRequests
instanceKlass com/intellij/openapi/vcs/changes/ignore/lang/IgnoreParserDefinition
instanceKlass com/intellij/util/xml/stubs/builder/DomStubBuilder
instanceKlass com/intellij/psi/stubs/BinaryFileStubBuilder
instanceKlass com/intellij/lang/xml/XMLParserDefinition
instanceKlass com/intellij/ide/ui/customization/CustomizationUtil
instanceKlass com/intellij/psi/tree/ICustomParsingType
instanceKlass com/intellij/psi/tree/IStrongWhitespaceHolderElementType
instanceKlass com/intellij/psi/tree/ILightLazyParseableElementType
instanceKlass com/intellij/openapi/util/text/NaturalComparator
instanceKlass com/intellij/ide/ui/customization/CustomActionsSchema$$Lambda$605
instanceKlass com/intellij/psi/xml/XmlElementType
instanceKlass com/intellij/psi/xml/XmlTokenType
instanceKlass com/intellij/ide/ui/customization/CustomizableActionGroupProvider
instanceKlass com/intellij/ide/dnd/DnDSource
instanceKlass com/intellij/ide/dnd/DnDDropActionHandler
instanceKlass com/intellij/ide/ui/customization/CustomActionsSchema$$Lambda$604
instanceKlass com/intellij/ide/ui/customization/CustomizableActionGroupProvider$CustomizableActionGroupRegistrar
instanceKlass com/intellij/ide/dnd/DnDAware
instanceKlass com/intellij/openapi/keymap/KeymapGroup
instanceKlass javax/swing/tree/TreeModel
instanceKlass com/intellij/openapi/keymap/impl/ui/ActionsTreeUtil
instanceKlass com/intellij/lang/html/HTMLParserDefinition
instanceKlass com/intellij/ui/AutoScrollToSourceHandler
instanceKlass javax/swing/tree/MutableTreeNode
instanceKlass javax/swing/tree/TreeNode
instanceKlass com/intellij/lang/javascript/JSFileElementTypes
instanceKlass com/intellij/ide/impl/DataManagerImpl$NullResult
instanceKlass com/intellij/lang/javascript/JavascriptParserDefinition
instanceKlass com/intellij/openapi/actionSystem/TypeSafeDataProvider
instanceKlass com/intellij/ui/tree/TreePathBackgroundSupplier
instanceKlass com/intellij/ide/ProhibitAWTEvents
instanceKlass com/intellij/ui/ComponentWithFileColors
instanceKlass com/intellij/ide/impl/DataManagerImpl$MyDataContext
instanceKlass javax/swing/KeyboardManager$ComponentKeyStrokePair
instanceKlass sun/awt/NullComponentPeer
instanceKlass sun/awt/LightweightPeerHolder
instanceKlass com/intellij/openapi/fileTypes/PlainTextParserDefinition
instanceKlass com/intellij/openapi/ui/Queryable
instanceKlass sun/awt/im/ExecutableInputMethodManager$3
instanceKlass sun/awt/im/InputMethodLocator
instanceKlass java/awt/dnd/Autoscroll
instanceKlass sun/awt/windows/WInputMethodDescriptor
instanceKlass java/awt/im/spi/InputMethodDescriptor
instanceKlass com/intellij/util/keyFMap/PairElementsFMap
instanceKlass sun/awt/im/InputMethodManager
instanceKlass javax/swing/tree/TreeCellRenderer
instanceKlass com/intellij/ui/ComponentUtil
instanceKlass javax/swing/RepaintManager$2
instanceKlass com/intellij/psi/stubs/StubVersionMap
instanceKlass com/intellij/ide/ExporterToTextFile
instanceKlass com/intellij/psi/stubs/StubUpdatingForwardIndexAccessor$1
instanceKlass com/intellij/util/ui/StatusText
instanceKlass com/intellij/ui/switcher/QuickActionProvider
instanceKlass com/intellij/ide/hierarchy/HierarchyBrowser
instanceKlass sun/awt/im/InputMethodWindow
instanceKlass java/awt/peer/FramePeer
instanceKlass com/intellij/ui/BalloonLayoutImpl$$Lambda$603
instanceKlass com/intellij/ui/BalloonLayoutImpl$$Lambda$602
instanceKlass com/intellij/ui/BalloonLayoutImpl$$Lambda$601
instanceKlass com/intellij/ui/BalloonLayoutImpl
instanceKlass com/intellij/ide/OccurenceNavigator
instanceKlass com/intellij/openapi/MnemonicWrapper
instanceKlass com/intellij/openapi/MnemonicHelper$MnemonicFixer
instanceKlass com/intellij/openapi/MnemonicHelper$1
instanceKlass com/intellij/ui/ComponentTreeWatcher
instanceKlass com/google/common/collect/PeekingIterator
instanceKlass com/intellij/openapi/wm/impl/CloseProjectWindowHelper
instanceKlass com/intellij/icons/AllIcons$Vcs
instanceKlass com/google/common/collect/Iterators
instanceKlass java/awt/Adjustable
instanceKlass com/intellij/database/datagrid/Grid
instanceKlass com/google/common/collect/UnmodifiableIterator
instanceKlass com/intellij/openapi/util/ExecutionCallback
instanceKlass com/intellij/ide/actions/SearchEverywhereAction$$Lambda$600
instanceKlass com/intellij/openapi/actionSystem/AnActionHolder
instanceKlass com/intellij/openapi/actionSystem/ActionButtonComponent
instanceKlass javax/swing/ListCellRenderer
instanceKlass net/miginfocom/layout/Grid$FlowSizeSpec
instanceKlass net/miginfocom/layout/Grid$LinkedDimGroup
instanceKlass net/miginfocom/layout/Grid$CompWrap
instanceKlass net/miginfocom/layout/Grid$Cell
instanceKlass net/miginfocom/layout/LinkHandler
instanceKlass net/miginfocom/layout/Grid
instanceKlass sun/font/FontDesignMetrics$MetricsKey
instanceKlass java/awt/FontMetrics
instanceKlass sun/swing/SwingUtilities2$KeyPair
instanceKlass javax/swing/SizeRequirements
instanceKlass com/intellij/util/indexing/SharedMapForwardIndex
instanceKlass com/intellij/openapi/wm/impl/IdeFrameImpl$$Lambda$599
instanceKlass com/intellij/openapi/fileEditor/impl/EditorEmptyTextPainter
instanceKlass com/intellij/openapi/ui/AbstractPainter
instanceKlass com/intellij/psi/stubs/StubUpdatingIndex$3
instanceKlass com/intellij/openapi/wm/impl/IdeGlassPaneImpl$$Lambda$598
instanceKlass com/intellij/openapi/wm/impl/IdeGlassPaneImpl$$Lambda$597
instanceKlass java/lang/invoke/LambdaForm$DMH
instanceKlass com/intellij/openapi/wm/impl/PaintersHelper
instanceKlass com/intellij/openapi/ui/Painter$Listener
instanceKlass java/awt/datatransfer/Transferable
instanceKlass java/awt/datatransfer/ClipboardOwner
instanceKlass com/intellij/openapi/wm/impl/IdeRootPane$$Lambda$596
instanceKlass com/intellij/util/PatternUtil
instanceKlass com/intellij/openapi/fileTypes/WildcardFileNameMatcher$RegexpMatcher
instanceKlass com/intellij/lang/javascript/generation/BaseJSGenerateHandler
instanceKlass com/intellij/lang/LanguageCodeInsightActionHandler
instanceKlass com/intellij/codeInsight/CodeInsightActionHandler
instanceKlass com/jetbrains/php/PhpFileTypeDetector
instanceKlass com/jetbrains/nodejs/util/NodeJsFileTypeDetector
instanceKlass com/intellij/javascript/debugger/sourcemap/SourceMapFileType$MyFileTypeDetector
instanceKlass com/intellij/database/vfs/DbStorageFileType$Detector$$Lambda$595
instanceKlass com/intellij/database/vfs/DbStorageFileType$Detector
instanceKlass com/intellij/sh/ShFileTypeDetector
instanceKlass com/intellij/openapi/fileTypes/FileTypeRegistry$FileTypeDetector
instanceKlass com/intellij/openapi/actionSystem/ex/CustomComponentAction
instanceKlass java/awt/PointerInfo
instanceKlass sun/awt/windows/WMouseInfoPeer
instanceKlass java/awt/peer/MouseInfoPeer
instanceKlass java/awt/MouseInfo
instanceKlass com/intellij/openapi/wm/impl/customFrameDecorations/style/ComponentStyle$ComponentState
instanceKlass com/intellij/psi/search/FilenameIndexImpl$$Lambda$594
instanceKlass com/intellij/openapi/externalSystem/model/project/AbstractExternalEntityData
instanceKlass com/intellij/openapi/externalSystem/model/project/ExternalEntityData
instanceKlass com/intellij/openapi/externalSystem/model/project/ExternalConfigPathAware
instanceKlass com/intellij/openapi/wm/impl/customFrameDecorations/style/StyleManager$Companion
instanceKlass com/intellij/psi/search/FilenameIndexImpl$$Lambda$593
instanceKlass com/intellij/openapi/wm/impl/customFrameDecorations/style/StyleManager
instanceKlass com/intellij/openapi/wm/impl/customFrameDecorations/style/ComponentStyle$Companion
instanceKlass com/intellij/openapi/wm/impl/customFrameDecorations/style/ComponentStyle
instanceKlass com/intellij/psi/impl/cache/impl/id/IdIndexImpl$1
instanceKlass com/intellij/openapi/wm/impl/customFrameDecorations/style/StyleProperty$Companion
instanceKlass com/intellij/openapi/wm/impl/customFrameDecorations/style/StyleProperty
instanceKlass com/intellij/openapi/wm/impl/customFrameDecorations/style/Properties
instanceKlass com/intellij/openapi/wm/impl/customFrameDecorations/style/ComponentStyle$ComponentStyleBuilder
instanceKlass com/intellij/openapi/wm/impl/customFrameDecorations/ResizableCustomFrameTitleButtons$Companion
instanceKlass com/intellij/openapi/wm/impl/customFrameDecorations/CustomFrameTitleButtons$Companion
instanceKlass com/intellij/util/CompressionUtil
instanceKlass com/intellij/openapi/wm/impl/customFrameDecorations/header/titleLabel/CustomDecorationPath$titleChangeListener$1
instanceKlass com/intellij/openapi/wm/impl/customFrameDecorations/header/titleLabel/ClippingTitle$Companion
instanceKlass com/intellij/openapi/wm/impl/customFrameDecorations/header/titleLabel/ProjectTitle
instanceKlass org/jetbrains/yaml/YAMLElementTypes
instanceKlass com/sun/xml/internal/stream/dtd/DTDGrammarUtil
instanceKlass com/intellij/lexer/MergingLexerAdapter$MyMergeFunction
instanceKlass com/intellij/openapi/wm/impl/customFrameDecorations/header/titleLabel/DefaultPartTitle
instanceKlass com/intellij/openapi/wm/impl/customFrameDecorations/header/titleLabel/BaseTitlePart
instanceKlass com/intellij/refactoring/actions/BaseRefactoringAction$$Lambda$592
instanceKlass com/intellij/openapi/wm/impl/customFrameDecorations/header/titleLabel/ProjectTitlePane
instanceKlass com/intellij/openapi/wm/impl/customFrameDecorations/header/titleLabel/ShrinkingTitlePart
instanceKlass com/intellij/openapi/wm/impl/customFrameDecorations/header/titleLabel/TitlePart
instanceKlass org/jetbrains/yaml/lexer/_YAMLLexer
instanceKlass com/intellij/openapi/wm/impl/customFrameDecorations/header/titleLabel/SelectedEditorFilePath
instanceKlass org/jetbrains/yaml/YAMLTokenTypes
instanceKlass com/intellij/openapi/wm/impl/customFrameDecorations/header/MainFrameHeader$3
instanceKlass com/intellij/openapi/wm/impl/customFrameDecorations/header/MainFrameHeader$2
instanceKlass com/sun/xml/internal/stream/dtd/nonvalidating/XMLElementDecl
instanceKlass com/sun/xml/internal/stream/dtd/nonvalidating/XMLSimpleType
instanceKlass com/intellij/lexer/MergeFunction
instanceKlass com/sun/xml/internal/stream/dtd/nonvalidating/XMLAttributeDecl
instanceKlass com/sun/xml/internal/stream/dtd/nonvalidating/DTDGrammar
instanceKlass net/miginfocom/layout/AnimSpec
instanceKlass org/jetbrains/yaml/YAMLFindUsagesProvider
instanceKlass com/sun/org/apache/xerces/internal/xni/parser/XMLDTDScanner
instanceKlass com/sun/org/apache/xerces/internal/xni/parser/XMLDTDContentModelSource
instanceKlass com/sun/org/apache/xerces/internal/xni/parser/XMLDTDSource
instanceKlass net/miginfocom/layout/CC
instanceKlass net/miginfocom/swing/SwingComponentWrapper
instanceKlass com/sun/org/apache/xerces/internal/impl/XMLDocumentScannerImpl$DTDDriver
instanceKlass java/awt/event/FocusAdapter
instanceKlass javax/swing/plaf/basic/BasicPopupMenuUI$MenuKeyboardHelper
instanceKlass javax/swing/MenuSelectionManager
instanceKlass javax/swing/plaf/basic/BasicPopupMenuUI$MouseGrabber
instanceKlass javax/swing/plaf/basic/BasicPopupMenuUI$BasicMenuKeyListener
instanceKlass javax/swing/plaf/basic/BasicPopupMenuUI$BasicPopupMenuListener
instanceKlass javax/swing/event/PopupMenuListener
instanceKlass javax/swing/plaf/basic/BasicLookAndFeel$1
instanceKlass javax/swing/plaf/basic/BasicLookAndFeel$AWTEventHelper
instanceKlass javax/swing/ActionPropertyChangeListener
instanceKlass javax/swing/plaf/metal/MetalIconFactory$MenuItemArrowIcon
instanceKlass com/intellij/openapi/vcs/VcsBundle
instanceKlass com/jetbrains/twig/editor/TwigFindUsagesProvider
instanceKlass javax/swing/plaf/basic/BasicMenuItemUI$Handler
instanceKlass javax/swing/event/MenuDragMouseListener
instanceKlass javax/swing/event/MenuKeyListener
instanceKlass sun/swing/MenuItemLayoutHelper
instanceKlass javax/swing/plaf/basic/BasicGraphicsUtils
instanceKlass javax/swing/plaf/metal/MetalIconFactory
instanceKlass javax/swing/JMenuItem$MenuItemFocusListener
instanceKlass javax/swing/JMenu$MenuChangeListener
instanceKlass com/intellij/lang/xml/XmlFindUsagesProvider
instanceKlass net/miginfocom/layout/AC
instanceKlass net/miginfocom/layout/ResizeConstraint
instanceKlass net/miginfocom/layout/DimConstraint
instanceKlass net/miginfocom/layout/LC
instanceKlass net/miginfocom/layout/ConstraintParser
instanceKlass net/miginfocom/swing/MigLayout
instanceKlass java/io/Externalizable
instanceKlass com/intellij/openapi/editor/actionSystem/EditorActionHandler
instanceKlass com/intellij/icons/AllIcons$Windows
instanceKlass com/intellij/openapi/wm/impl/customFrameDecorations/header/CustomHeader$CustomFrameTopBorder
instanceKlass java/awt/event/ComponentAdapter
instanceKlass com/intellij/util/ui/JBUI$CurrentTheme$CustomFrameDecorations
instanceKlass org/jetbrains/plugins/textmate/language/syntax/InjectionNodeDescriptor
instanceKlass com/intellij/openapi/wm/impl/customFrameDecorations/header/CustomHeader$myIconProvider$1
instanceKlass com/intellij/ui/scale/UserScaleContext$Cache
instanceKlass com/intellij/openapi/wm/impl/customFrameDecorations/CustomFrameTitleButtons
instanceKlass com/intellij/sql/SqlFindUsagesProvider
instanceKlass com/intellij/psi/impl/cache/impl/id/FileTypeIdIndexer
instanceKlass org/jetbrains/idea/perforce/actions/ShelveAction$Companion
instanceKlass com/intellij/index/IdIndexMapDataExternalizer
instanceKlass com/intellij/openapi/vcs/actions/VcsContext
instanceKlass com/intellij/psi/stubs/HashCodeDescriptor$Companion
instanceKlass com/intellij/psi/stubs/HashCodeExternalizers
instanceKlass com/intellij/index/PrebuiltIndexProviderBase$copyPrebuiltIndicesToIndexRoot$1
instanceKlass com/google/common/hash/Hasher
instanceKlass com/google/common/hash/PrimitiveSink
instanceKlass com/google/common/hash/AbstractHashFunction
instanceKlass com/google/common/hash/Hashing$Sha256Holder
instanceKlass com/google/common/hash/HashFunction
instanceKlass com/google/common/hash/Hashing
instanceKlass com/intellij/psi/stubs/FileContentHashing
instanceKlass com/intellij/ide/util/projectWizard/AbstractNewProjectStep$$Lambda$591
instanceKlass com/jetbrains/php/lang/findUsages/PhpIdIndexer$Companion
instanceKlass com/intellij/ide/fileTemplates/impl/UrlUtil$1
instanceKlass com/intellij/index/PrebuiltIndexAwareIdIndexer$Companion
instanceKlass com/intellij/ide/fileTemplates/impl/UrlUtil
instanceKlass com/intellij/index/PrebuiltIndexProviderBase$Companion
instanceKlass com/intellij/index/PrebuiltIndexProviderBase
instanceKlass com/intellij/psi/css/usages/CssFindUsagesProvider
instanceKlass com/intellij/platform/ProjectTemplatesFactory
instanceKlass org/jetbrains/vuejs/VueBundle$Companion
instanceKlass org/jetbrains/vuejs/VueBundle
instanceKlass icons/VuejsIcons
instanceKlass com/intellij/psi/ElementDescriptionLocation
instanceKlass org/jetbrains/plugins/less/usages/LESSFindUsagesProvider
instanceKlass com/intellij/lang/PsiParser
instanceKlass com/intellij/json/JsonParserDefinition
instanceKlass com/intellij/lang/ParserDefinition
instanceKlass com/intellij/json/JsonElementTypes
instanceKlass com/intellij/json/_JsonLexer
instanceKlass com/intellij/json/findUsages/JsonFindUsagesProvider
instanceKlass icons/JavaScriptLanguageIcons$Nodejs
instanceKlass org/angular2/lang/Angular2Bundle
instanceKlass com/intellij/ws/http/request/findUsages/HttpRequestFindUsagesProvider
instanceKlass icons/AngularJSIcons
instanceKlass icons/JavaScriptLanguageIcons$Logos
instanceKlass org/editorconfig/language/psi/EditorConfigElementTypes
instanceKlass com/intellij/icons/AllIcons$Xml
instanceKlass org/editorconfig/language/lexer/_EditorConfigLexer
instanceKlass com/intellij/lexer/FlexLexer
instanceKlass org/editorconfig/language/codeinsight/findusages/EditorConfigFindUsagesProvider
instanceKlass com/intellij/docker/dockerFile/DockerFileFindUsagesProvider
instanceKlass com/jetbrains/php/actions/PhpStormNewProjectStep$Customization$$Lambda$590
instanceKlass com/intellij/psi/ElementDescriptionProvider
instanceKlass org/jetbrains/plugins/cucumber/psi/GherkinLexer$$Lambda$589
instanceKlass com/jetbrains/php/wordpress/WPBundle
instanceKlass icons/WordPressIcons
instanceKlass org/jetbrains/plugins/cucumber/psi/GherkinTokenTypes
instanceKlass com/jetbrains/php/joomla/JoomlaBundle
instanceKlass icons/JoomlaIcons
instanceKlass org/jetbrains/plugins/cucumber/psi/GherkinKeywordTable
instanceKlass com/jetbrains/php/drupal/DrupalBundle
instanceKlass icons/DrupalIcons
instanceKlass org/jetbrains/plugins/cucumber/psi/PlainGherkinKeywordProvider
instanceKlass org/jetbrains/plugins/cucumber/psi/GherkinKeywordProvider
instanceKlass org/jetbrains/plugins/cucumber/psi/GherkinFindUsagesProvider
instanceKlass com/jetbrains/php/workshop/PhpStormWorkshopBundle
instanceKlass icons/PhpIcons
instanceKlass com/intellij/ide/util/projectWizard/CustomStepProjectGenerator
instanceKlass com/intellij/platform/HideableProjectGenerator
instanceKlass com/intellij/psi/impl/cache/impl/id/LexerBasedIdIndexer
instanceKlass com/intellij/psi/TokenType
instanceKlass com/intellij/psi/tree/TokenSet
instanceKlass com/intellij/openapi/util/io/WindowsRegistryUtil
instanceKlass com/intellij/openapi/wm/impl/customFrameDecorations/header/CustomHeader$Companion
instanceKlass java/awt/im/InputContext
instanceKlass java/awt/image/BufferStrategy
instanceKlass java/awt/BufferCapabilities
instanceKlass com/intellij/psi/CustomHighlighterTokenType
instanceKlass com/intellij/util/MethodInvocator
instanceKlass com/intellij/jdkEx/InputEventEx
instanceKlass com/intellij/jdkEx/DisplayModeEx
instanceKlass com/intellij/jdkEx/JdkEx
instanceKlass com/intellij/util/containers/CharTrie$$Lambda$588
instanceKlass com/intellij/util/containers/CharTrie
instanceKlass com/intellij/openapi/wm/impl/IdeFrameDecorator
instanceKlass com/intellij/ide/highlighter/custom/tokens/KeywordParser
instanceKlass com/intellij/openapi/wm/impl/IdeMenuBar$$Lambda$587
instanceKlass com/intellij/openapi/wm/impl/IdeMenuBar$MyExitFullScreenButton$$Lambda$586
instanceKlass javax/swing/plaf/basic/BasicHTML$$Lambda$585
instanceKlass javax/swing/plaf/basic/BasicHTML
instanceKlass java/beans/VetoableChangeListener
instanceKlass javax/swing/event/AncestorListener
instanceKlass javax/swing/plaf/basic/BasicButtonListener
instanceKlass com/intellij/ide/ui/laf/intellij/WinIntelliJButtonUI$1
instanceKlass javax/swing/AbstractButton$Handler
instanceKlass javax/swing/DefaultButtonModel
instanceKlass javax/swing/ButtonModel
instanceKlass com/intellij/ide/highlighter/custom/tokens/TokenInfo
instanceKlass com/intellij/ide/highlighter/custom/tokens/TokenParser
instanceKlass com/intellij/openapi/wm/impl/status/ClockPanel$$Lambda$584
instanceKlass com/intellij/openapi/wm/impl/IdeMenuBar$MyActionListener
instanceKlass com/intellij/lexer/LexerPosition
instanceKlass org/angular2/lang/html/index/Angular2HtmlIdIndexer
instanceKlass com/intellij/psi/impl/cache/impl/id/LexingIdIndexer
instanceKlass com/intellij/openapi/wm/impl/IdeMenuBar$MyTimerListener
instanceKlass javax/swing/KeyboardManager
instanceKlass com/intellij/lang/javascript/findUsages/JavaScriptFindUsagesProvider
instanceKlass javax/swing/plaf/basic/BasicMenuBarUI$Handler
instanceKlass javax/swing/event/ChangeListener
instanceKlass com/intellij/util/ExtensionInstantiator
instanceKlass javax/swing/DefaultSingleSelectionModel
instanceKlass javax/swing/SingleSelectionModel
instanceKlass com/intellij/openapi/wm/impl/GlobalMenuLinux
instanceKlass com/intellij/psi/impl/cache/impl/id/ScanningIdIndexer
instanceKlass com/intellij/openapi/wm/impl/GlobalMenuLib$EventHandler
instanceKlass com/intellij/lang/cacheBuilder/VersionedWordsScanner
instanceKlass com/intellij/openapi/actionSystem/TimerListener
instanceKlass javax/swing/BoxLayout
instanceKlass com/intellij/lang/LanguageExtensionPoint$$Lambda$583
instanceKlass com/intellij/openapi/wm/impl/IdeBackgroundUtil$$Lambda$582
instanceKlass com/jetbrains/php/composer/actions/ComposerCommandExecutor
instanceKlass com/intellij/util/ui/JBSwingUtilities$1
instanceKlass com/intellij/openapi/wm/impl/IdeBackgroundUtil$MyTransform
instanceKlass com/intellij/util/PairFunction
instanceKlass com/intellij/openapi/ui/Painter
instanceKlass com/intellij/openapi/wm/impl/IdeBackgroundUtil
instanceKlass com/intellij/openapi/wm/impl/IdeGlassPaneEx
instanceKlass com/intellij/openapi/wm/IdeGlassPane
instanceKlass com/intellij/openapi/wm/ex/StatusBarEx
instanceKlass com/intellij/idea/SplashManager$$Lambda$581
instanceKlass com/sun/jna/Structure$ByReference
instanceKlass com/intellij/lang/MetaLanguage$$Lambda$580
instanceKlass com/intellij/lang/LanguageUtil$$Lambda$579
instanceKlass com/intellij/lang/LanguageUtil
instanceKlass com/sun/jna/Structure$StructField
instanceKlass com/sun/jna/Structure$LayoutInfo
instanceKlass com/intellij/lang/findUsages/EmptyFindUsagesProvider
instanceKlass com/intellij/lang/findUsages/FindUsagesProvider
instanceKlass com/sun/jna/Structure$FieldOrder
instanceKlass com/intellij/lang/cacheBuilder/CacheBuilderRegistry
instanceKlass com/intellij/psi/impl/cache/impl/id/IdIndexer
instanceKlass com/intellij/lang/cacheBuilder/WordsScanner
instanceKlass com/intellij/psi/impl/cache/impl/id/IdTableBuilding
instanceKlass com/intellij/psi/impl/cache/impl/id/IdIndexImpl$$Lambda$578
instanceKlass com/sun/jna/platform/win32/Winsvc$HandlerEx
instanceKlass com/intellij/javascript/nodejs/interpreter/NodeJsInterpreter
instanceKlass com/intellij/execution/ui/ExecutionConsole
instanceKlass com/intellij/openapi/ui/ComponentContainer
instanceKlass com/sun/jna/platform/win32/WinBase$FE_IMPORT_FUNC
instanceKlass com/sun/jna/platform/win32/WinBase$FE_EXPORT_FUNC
instanceKlass com/intellij/openapi/roots/ModuleRootModel
instanceKlass com/intellij/platform/WebProjectGenerator$GeneratorPeer
instanceKlass com/sun/jna/platform/win32/Advapi32
instanceKlass com/intellij/util/indexing/SharedIntMapForwardIndex
instanceKlass com/sun/jna/Klass
instanceKlass com/sun/jna/NativeMappedConverter
instanceKlass com/intellij/openapi/util/io/FileUtil$$Lambda$577
instanceKlass com/intellij/ide/browsers/BrowserLauncher
instanceKlass com/intellij/ide/BrowserUtil
instanceKlass com/intellij/ide/ui/UINumericRange
instanceKlass com/intellij/util/indexing/impl/InputData
instanceKlass com/intellij/util/indexing/SnapshotInputMappings
instanceKlass com/intellij/util/indexing/UpdatableSnapshotInputMappingIndex
instanceKlass com/intellij/util/indexing/ContentHashesSupport$$Lambda$576
instanceKlass com/intellij/util/indexing/ContentHashesSupport$$Lambda$575
instanceKlass com/intellij/util/indexing/ContentHashesSupport
instanceKlass com/intellij/openapi/module/ModuleTypeWithWebFeatures
instanceKlass com/intellij/openapi/module/ModuleType
instanceKlass com/sun/jna/platform/win32/WinNT$OVERLAPPED_COMPLETION_ROUTINE
instanceKlass com/sun/jna/win32/StdCallLibrary$StdCallCallback
instanceKlass com/intellij/ide/wizard/StepAdapter
instanceKlass com/intellij/ide/wizard/Step
instanceKlass com/sun/jna/platform/win32/WinBase$EnumResNameProc
instanceKlass com/intellij/ui/TextAccessor
instanceKlass com/sun/jna/platform/win32/WinBase$EnumResTypeProc
instanceKlass com/intellij/ui/PanelWithAnchor
instanceKlass com/intellij/ide/util/projectWizard/SettingsStep
instanceKlass org/jetbrains/plugins/textmate/language/PreferencesReadUtil
instanceKlass com/intellij/psi/impl/cache/impl/IdAndToDoScannerBasedOnFilterLexer
instanceKlass org/jetbrains/plugins/textmate/bundles/VSCBundle$$Lambda$574
instanceKlass com/intellij/platform/ProjectGeneratorPeer$SettingsListener
instanceKlass com/intellij/psi/impl/cache/impl/id/IdTableBuilding$ScanWordProcessor
instanceKlass org/jetbrains/plugins/textmate/bundles/VSCBundle$$Lambda$573
instanceKlass com/sun/jna/win32/W32APIFunctionMapper
instanceKlass com/intellij/openapi/util/io/FileUtilRt$CharComparingStrategy$2
instanceKlass com/intellij/psi/impl/cache/impl/todo/VersionedTodoIndexer
instanceKlass com/sun/jna/win32/W32APITypeMapper$2
instanceKlass com/sun/jna/DefaultTypeMapper$Entry
instanceKlass com/sun/jna/win32/W32APITypeMapper$1
instanceKlass com/intellij/openapi/util/io/FileUtilRt$CharComparingStrategy$1
instanceKlass com/intellij/openapi/util/io/FileUtilRt$CharComparingStrategy
instanceKlass com/intellij/ide/util/projectWizard/ProjectBuilder
instanceKlass com/sun/jna/TypeConverter
instanceKlass com/sun/jna/DefaultTypeMapper
instanceKlass com/sun/jna/TypeMapper
instanceKlass com/sun/jna/win32/W32APIOptions
instanceKlass com/sun/jna/platform/win32/Kernel32
instanceKlass com/sun/jna/platform/win32/Wincon
instanceKlass com/sun/jna/platform/win32/WinNT
instanceKlass com/sun/jna/platform/win32/WinBase
instanceKlass com/sun/jna/platform/win32/BaseTSD
instanceKlass com/intellij/psi/impl/cache/impl/todo/TodoIndex$$Lambda$572
instanceKlass com/intellij/platform/ProjectGeneratorPeer
instanceKlass com/sun/jna/platform/win32/WinDef
instanceKlass com/sun/jna/platform/win32/WinError
instanceKlass com/intellij/platform/DirectoryProjectGeneratorBase
instanceKlass com/intellij/platform/ProjectTemplate
instanceKlass com/intellij/openapi/fileTypes/ex/FakeFileType
instanceKlass com/intellij/ide/util/projectWizard/AbstractNewProjectStep$AbstractCallback
instanceKlass com/intellij/util/PairConsumer
instanceKlass com/google/common/cache/LocalCache$StrongValueReference
instanceKlass com/intellij/ide/util/projectWizard/AbstractNewProjectStep$Customization
instanceKlass com/google/common/util/concurrent/AbstractFuture$Failure
instanceKlass com/intellij/platform/DirectoryProjectGenerator
instanceKlass com/intellij/database/run/actions/GridAction
instanceKlass com/intellij/database/dataSource/DataSourceStorageFileType
instanceKlass com/intellij/database/datagrid/DataRequest
instanceKlass com/intellij/database/console/client/DatabaseScriptingSessionClient
instanceKlass com/intellij/database/console/client/ScriptingSessionClient
instanceKlass com/intellij/ide/highlighter/WorkspaceFileType
instanceKlass com/intellij/database/console/client/DatabaseSessionClientWithFile
instanceKlass com/intellij/database/console/client/VisibleDatabaseSessionClient
instanceKlass com/intellij/database/run/session/LogViewOwner
instanceKlass com/google/common/util/concurrent/AbstractFuture$Cancellation
instanceKlass com/google/common/util/concurrent/AbstractFuture$SetFuture
instanceKlass com/intellij/database/datagrid/DataRequest$CustomSearchPathOwner
instanceKlass com/sun/jna/WeakMemoryHolder
instanceKlass com/google/common/util/concurrent/Uninterruptibles
instanceKlass com/intellij/util/io/WindowsElevationStatus
instanceKlass org/jetbrains/plugins/textmate/regex/MatchData
instanceKlass com/intellij/ide/highlighter/ModuleFileType
instanceKlass com/google/common/base/CommonPattern
instanceKlass com/intellij/util/io/SuperUserStatus
instanceKlass com/intellij/database/datagrid/DataRequest$TxIsolationOwner
instanceKlass com/google/common/base/Platform$JdkPatternCompiler
instanceKlass com/intellij/openapi/wm/impl/IdeFrameImpl$Builder
instanceKlass com/intellij/openapi/fileTypes/NativeFileType
instanceKlass com/intellij/openapi/fileTypes/INativeFileType
instanceKlass com/intellij/database/console/client/VisibleSessionClient
instanceKlass com/google/common/base/PatternCompiler
instanceKlass com/intellij/database/console/client/DatabaseSessionClient
instanceKlass com/intellij/database/datagrid/DataRequest$DepartmentHolder
instanceKlass javax/swing/ActionMap
instanceKlass com/intellij/database/datagrid/DataRequest$OwnerEx
instanceKlass com/google/common/base/Platform
instanceKlass com/intellij/database/datagrid/DataRequest$Owner
instanceKlass com/intellij/database/console/client/SessionClient
instanceKlass sun/reflect/misc/Trampoline
instanceKlass com/intellij/ide/highlighter/ProjectFileType
instanceKlass sun/reflect/misc/MethodUtil$1
instanceKlass com/google/common/base/Stopwatch
instanceKlass javax/swing/LayoutComparator
instanceKlass com/google/common/util/concurrent/AbstractFuture$Waiter
instanceKlass com/google/common/util/concurrent/AbstractFuture$Listener
instanceKlass com/intellij/openapi/fileTypes/InternalFileType
instanceKlass com/google/common/util/concurrent/AbstractFuture$UnsafeAtomicHelper$1
instanceKlass javax/swing/RepaintManager$PaintManager
instanceKlass javax/swing/JRootPane$RootLayout
instanceKlass org/intellij/images/fileTypes/impl/SvgLanguage$Companion
instanceKlass com/google/common/util/concurrent/AbstractFuture$AtomicHelper
instanceKlass com/sun/java/swing/SwingUtilities3
instanceKlass javax/swing/RepaintManager$ProcessingRunnable
instanceKlass com/google/common/util/concurrent/GwtFluentFutureCatchingSpecialization
instanceKlass com/intellij/ide/actions/CreateGroupHandler
instanceKlass java/awt/FlowLayout
instanceKlass com/intellij/openapi/fileTypes/UIBasedFileType
instanceKlass com/intellij/openapi/wm/ToolWindow
instanceKlass com/intellij/openapi/wm/StatusBar
instanceKlass com/intellij/openapi/wm/StatusBarInfo
instanceKlass com/intellij/openapi/wm/IdeRootPaneNorthExtension
instanceKlass com/intellij/openapi/util/ActionCallback
instanceKlass com/google/common/util/concurrent/ListenableFuture
instanceKlass com/intellij/openapi/ui/InputValidatorEx
instanceKlass com/intellij/openapi/ui/InputValidator
instanceKlass com/google/common/cache/LocalCache$LoadingValueReference
instanceKlass com/intellij/ui/BalloonLayout
instanceKlass com/intellij/internal/statistic/service/fus/collectors/FUCounterUsageLogger$$Lambda$571
instanceKlass com/intellij/icons/AllIcons$Vcs$Vendors
instanceKlass javax/accessibility/AccessibleComponent
instanceKlass com/intellij/openapi/util/io/ByteArraySequence
instanceKlass com/google/common/cache/LocalCache$AbstractReferenceEntry
instanceKlass com/intellij/internal/statistic/eventLog/EventLogGroup
instanceKlass com/intellij/openapi/vfs/newvfs/persistent/FSRecords$AttributeOutputStream$$Lambda$570
instanceKlass com/intellij/util/io/RecordDataOutput
instanceKlass com/intellij/openapi/vfs/newvfs/persistent/FSRecords$$Lambda$569
instanceKlass com/intellij/openapi/vfs/newvfs/persistent/FSRecords$$Lambda$568
instanceKlass java/lang/invoke/LambdaForm$DMH
instanceKlass org/jetbrains/plugins/github/util/GithubUtil
instanceKlass com/intellij/spellchecker/util/SpellCheckerBundle
instanceKlass com/intellij/spellchecker/DictionaryFileType
instanceKlass com/intellij/util/indexing/IndexConfiguration$$Lambda$567
instanceKlass org/jetbrains/plugins/github/api/GithubApiRequestExecutor
instanceKlass com/intellij/util/indexing/GlobalIndexFilter
instanceKlass com/intellij/util/indexing/FileBasedIndexImpl$$Lambda$566
instanceKlass com/intellij/util/indexing/VfsAwareMapReduceIndex$1
instanceKlass com/intellij/util/indexing/IndexImporterMappingIndex$$Lambda$565
instanceKlass java/lang/invoke/LambdaForm$MH
instanceKlass java/lang/invoke/LambdaForm$DMH
instanceKlass com/intellij/openapi/vfs/newvfs/persistent/FSRecords$$Lambda$564
instanceKlass java/lang/invoke/LambdaForm$DMH
instanceKlass com/intellij/openapi/vfs/newvfs/persistent/FSRecords$$Lambda$563
instanceKlass java/lang/invoke/LambdaForm$MH
instanceKlass java/lang/invoke/LambdaForm$DMH
instanceKlass com/intellij/openapi/vfs/newvfs/persistent/FSRecords$$Lambda$562
instanceKlass java/lang/invoke/LambdaForm$DMH
instanceKlass com/intellij/internal/statistic/service/fus/collectors/FUCounterUsageLogger
instanceKlass com/intellij/openapi/vfs/newvfs/persistent/FSRecords$$Lambda$561
instanceKlass java/lang/invoke/LambdaForm$DMH
instanceKlass java/lang/invoke/LambdaForm$MH
instanceKlass java/lang/invoke/LambdaForm$DMH
instanceKlass java/lang/invoke/LambdaForm$DMH
instanceKlass com/intellij/openapi/vfs/newvfs/persistent/FSRecords$$Lambda$560
instanceKlass java/lang/invoke/LambdaForm$DMH
instanceKlass com/intellij/openapi/vfs/newvfs/persistent/FSRecords$$Lambda$559
instanceKlass com/google/common/cache/RemovalListener
instanceKlass kotlin/text/DelimitedRangesSequence$iterator$1
instanceKlass com/google/common/cache/Weigher
instanceKlass icons/JavaScriptLanguageIcons
instanceKlass kotlin/text/DelimitedRangesSequence
instanceKlass icons/JavaScriptLanguageIcons$FileTypes
instanceKlass com/intellij/openapi/util/io/FileUtilRt$FilesToDeleteHolder
instanceKlass kotlin/collections/ArraysUtilJVM
instanceKlass java/util/regex/CharPredicates$$Lambda$558
instanceKlass com/intellij/util/indexing/IndexImporterMappingIndex$$Lambda$557
instanceKlass com/google/common/base/Predicate
instanceKlass com/intellij/index/IndexImporterFactory
instanceKlass com/intellij/util/indexing/IndexImporterMappingIndex
instanceKlass com/intellij/util/indexing/impl/forward/IntForwardIndexAccessor
instanceKlass com/google/common/base/Equivalence
instanceKlass com/intellij/util/indexing/impl/forward/IntForwardIndex
instanceKlass com/intellij/framework/detection/impl/FrameworkDetectionIndex$1
instanceKlass com/intellij/patterns/ElementPatternCondition
instanceKlass com/google/common/base/MoreObjects
instanceKlass com/intellij/lang/javascript/JSBundle
instanceKlass com/intellij/openapi/project/ProjectUtil
instanceKlass com/intellij/internal/statistic/eventLog/LogEventsKt
instanceKlass com/intellij/lang/javascript/linter/eslint/service/EslintLanguageServiceClient
instanceKlass com/intellij/lang/javascript/linter/LinterLanguageServiceClient
instanceKlass com/intellij/lang/javascript/linter/JSLinterState
instanceKlass com/intellij/internal/statistic/eventLog/FeatureUsageData$Companion
instanceKlass com/intellij/internal/statistic/eventLog/FeatureUsageData
instanceKlass com/intellij/platform/CommandLineProjectOpenProcessor
instanceKlass com/google/common/cache/LocalCache$1
instanceKlass com/intellij/lang/javascript/linter/JSLinterConfiguration
instanceKlass com/intellij/projectImport/ProjectOpenProcessor
instanceKlass com/google/common/cache/LocalCache$ValueReference
instanceKlass com/google/common/cache/ReferenceEntry
instanceKlass com/intellij/ide/impl/ProjectUtil
instanceKlass com/intellij/codeInsight/intention/IntentionAction
instanceKlass com/intellij/codeInsight/intention/FileModifier
instanceKlass com/intellij/openapi/application/WriteActionAware
instanceKlass com/google/common/cache/LocalCache$LocalManualCache
instanceKlass dk/brics/automaton/AutomatonProvider
instanceKlass com/intellij/featureStatistics/fusCollectors/LifecycleUsageTriggerCollector
instanceKlass com/intellij/ide/CommandLineProcessor
instanceKlass com/intellij/patterns/StandardPatterns$FalsePattern
instanceKlass com/intellij/idea/IdeaApplication$IdeStarter$$Lambda$556
instanceKlass com/intellij/idea/IdeaApplication$IdeStarter$$Lambda$555
instanceKlass com/intellij/util/messages/impl/MessageBusImpl$DeliveryJob
instanceKlass com/google/common/cache/CacheLoader
instanceKlass com/intellij/patterns/StandardPatterns
instanceKlass org/jetbrains/plugins/textmate/regex/RegexFacade$$Lambda$554
instanceKlass com/intellij/diagnostic/GcPauseWatcher$sam$java_lang_Runnable$0
instanceKlass com/google/common/cache/CacheBuilder$2
instanceKlass java/util/concurrent/Executors$DefaultThreadFactory
instanceKlass com/google/common/cache/CacheStats
instanceKlass com/google/common/base/Suppliers$SupplierOfInstance
instanceKlass com/intellij/util/PairProcessor
instanceKlass com/google/common/base/Suppliers
instanceKlass java/util/concurrent/Executors$DelegatedExecutorService
instanceKlass com/google/common/cache/CacheBuilder$1
instanceKlass com/google/common/cache/AbstractCache$StatsCounter
instanceKlass com/intellij/diagnostic/GcPauseWatcher$SingleCollectorWatcher
instanceKlass com/google/common/cache/LoadingCache
instanceKlass com/google/common/base/Function
instanceKlass com/sun/management/GarbageCollectorMXBean
instanceKlass com/google/common/cache/Cache
instanceKlass com/google/common/base/Ticker
instanceKlass java/lang/management/GarbageCollectorMXBean
instanceKlass java/lang/management/MemoryManagerMXBean
instanceKlass com/google/common/base/Supplier
instanceKlass com/intellij/diagnostic/GcPauseWatcher$Companion
instanceKlass com/intellij/diagnostic/GcPauseWatcher
instanceKlass com/intellij/idea/IdeaApplication$$Lambda$553
instanceKlass com/intellij/patterns/InitialPatternCondition
instanceKlass com/intellij/idea/IdeaApplication$$Lambda$552
instanceKlass com/intellij/patterns/ObjectPattern
instanceKlass com/intellij/ide/WindowsCommandLineListener
instanceKlass com/intellij/idea/IdeaApplication$$Lambda$551
instanceKlass com/google/common/cache/CacheBuilder
instanceKlass com/intellij/lang/javascript/WebStormDiagramsConfigurator
instanceKlass org/joni/constants/internal/StackType
instanceKlass com/intellij/util/indexing/impl/MapReduceIndex$4
instanceKlass com/intellij/util/indexing/impl/MapReduceIndex$3
instanceKlass com/intellij/openapi/vfs/newvfs/VfsImplUtil$$Lambda$550
instanceKlass com/intellij/openapi/vfs/newvfs/VfsImplUtil$$Lambda$549
instanceKlass com/intellij/util/indexing/impl/MapReduceIndex$2
instanceKlass com/intellij/openapi/vfs/newvfs/VfsImplUtil$1
instanceKlass com/intellij/util/indexing/impl/MapReduceIndex$1
instanceKlass com/intellij/openapi/vfs/impl/jar/JarFileSystemImpl$$Lambda$548
instanceKlass com/intellij/util/indexing/impl/InputIndexDataExternalizer
instanceKlass org/joni/MatcherFactory
instanceKlass com/intellij/util/indexing/InputMapExternalizer
instanceKlass com/intellij/util/io/ResourceHandle
instanceKlass org/joni/Compiler
instanceKlass com/intellij/util/indexing/impl/forward/AbstractForwardIndexAccessor
instanceKlass org/joni/OptEnvironment
instanceKlass org/joni/OptMapInfo
instanceKlass com/intellij/openapi/vfs/impl/AddonlyKeylessHash$KeyValueMapper
instanceKlass com/intellij/openapi/vfs/impl/ArchiveHandler
instanceKlass com/intellij/util/io/ByteSequenceDataExternalizer
instanceKlass com/intellij/util/indexing/impl/forward/PersistentMapBasedForwardIndex
instanceKlass com/intellij/ide/highlighter/ArchiveFileType
instanceKlass com/intellij/util/indexing/impl/DebugAssertions
instanceKlass com/intellij/util/indexing/SnapshotInputMappingIndex
instanceKlass com/intellij/openapi/vfs/newvfs/impl/VfsRootAccess
instanceKlass com/intellij/util/indexing/impl/forward/ForwardIndexAccessor
instanceKlass com/intellij/util/indexing/impl/forward/ForwardIndex
instanceKlass com/intellij/util/indexing/impl/KeyValueUpdateProcessor
instanceKlass com/intellij/util/indexing/impl/RemovedKeyProcessor
instanceKlass org/joni/OptExactInfo
instanceKlass com/intellij/openapi/vfs/StandardFileSystems
instanceKlass org/joni/OptAnchorInfo
instanceKlass org/joni/constants/internal/AnchorType
instanceKlass org/joni/MinMaxLen
instanceKlass org/joni/NodeOptInfo
instanceKlass com/intellij/util/indexing/impl/MapReduceIndex
instanceKlass org/joni/Parser$1
instanceKlass com/intellij/openapi/vfs/VfsUtilCore
instanceKlass org/joni/Option
instanceKlass org/joni/ScanEnvironment
instanceKlass com/jetbrains/jsonSchema/extension/JsonSchemaProviderFactory
instanceKlass com/intellij/util/indexing/MemoryIndexStorage
instanceKlass org/joni/Token
instanceKlass com/intellij/util/indexing/FileBasedIndexImpl$$Lambda$547
instanceKlass com/intellij/util/indexing/impl/ChangeTrackingValueContainer$Initializer
instanceKlass com/intellij/util/io/CompressedAppendableFile$$Lambda$546
instanceKlass com/intellij/lang/javascript/json/JSJsonSchemaProviderBase
instanceKlass org/jcodings/ApplyAllCaseFoldFunction
instanceKlass com/intellij/lang/javascript/json/JsonSchemaInJavaScriptProvider
instanceKlass com/intellij/lang/javascript/frameworks/webpack/Webpack4PluginProviderRegistrar
instanceKlass com/intellij/codeInsight/template/TemplateContextType$$Lambda$545
instanceKlass com/intellij/util/io/PersistentHashMap$3
instanceKlass com/intellij/icons/AllIcons$Providers
instanceKlass com/intellij/util/io/PersistentHashMap$$Lambda$544
instanceKlass com/intellij/util/io/PersistentHashMap$1
instanceKlass org/joni/constants/internal/StringType
instanceKlass icons/DatabaseIcons
instanceKlass org/joni/constants/internal/NodeStatus
instanceKlass org/joni/constants/internal/EncloseType
instanceKlass com/intellij/database/Dbms
instanceKlass org/joni/ast/Node
instanceKlass org/joni/constants/internal/NodeType
instanceKlass com/intellij/util/indexing/impl/ValueContainerMap$ValueContainerExternalizer
instanceKlass com/intellij/database/DbmsExtension$Bean$$Lambda$543
instanceKlass org/jcodings/IntHolder
instanceKlass org/joni/exception/ErrorMessages
instanceKlass org/jcodings/exception/ErrorMessages
instanceKlass com/intellij/util/io/PersistentHashMap$ValueDataAppender
instanceKlass com/intellij/codeInsight/template/TemplateContextType
instanceKlass com/intellij/sql/liveTemplates/SqlDialectTemplateRegistrar
instanceKlass com/intellij/tasks/config/PasswordConversionEnforcer
instanceKlass com/intellij/internal/statistic/updater/StatisticsJobsScheduler$$Lambda$542
instanceKlass com/intellij/internal/statistic/updater/StatisticsJobsScheduler$$Lambda$541
instanceKlass com/intellij/util/io/PersistentEnumeratorBase$DataFilter
instanceKlass com/intellij/ide/CopyProvider
instanceKlass com/intellij/util/indexing/impl/MapIndexStorage$1
instanceKlass com/intellij/util/io/PersistentHashMapValueStorage$ExceptionalIOCancellationCallback
instanceKlass com/intellij/util/io/PersistentHashMapValueStorage$CreationTimeOptions
instanceKlass com/intellij/internal/statistic/updater/StatisticsJobsScheduler$$Lambda$540
instanceKlass com/intellij/openapi/actionSystem/ActionWithDelegate
instanceKlass com/intellij/application/Topics
instanceKlass com/intellij/internal/statistic/updater/StatisticsJobsScheduler$1
instanceKlass org/joni/WarnCallback$2
instanceKlass org/joni/WarnCallback$1
instanceKlass org/joni/WarnCallback
instanceKlass com/intellij/featureStatistics/ApplicabilityFilter
instanceKlass org/joni/Syntax$MetaCharTable
instanceKlass org/joni/Syntax
instanceKlass org/joni/constants/SyntaxProperties
instanceKlass com/intellij/util/indexing/ValueContainer
instanceKlass com/intellij/util/io/PersistentMap
instanceKlass com/intellij/util/io/KeyValueStore
instanceKlass org/jcodings/util/Hash$HashEntry
instanceKlass org/jcodings/util/Hash
instanceKlass com/intellij/util/indexing/impl/MapIndexStorage
instanceKlass com/intellij/openapi/actionSystem/PreloadableAction
instanceKlass com/intellij/xml/XmlBundle
instanceKlass com/intellij/openapi/progress/util/AbstractProgressIndicatorExBase$$Lambda$539
instanceKlass com/intellij/util/indexing/VfsAwareIndexStorage
instanceKlass com/intellij/featureStatistics/ProductivityFeaturesProvider
instanceKlass com/intellij/featureStatistics/CumulativeStatistics
instanceKlass com/intellij/openapi/Disposable$Parent
instanceKlass org/joni/Regex
instanceKlass com/intellij/featureStatistics/FeatureDescriptor
instanceKlass com/intellij/patterns/ElementPattern
instanceKlass com/intellij/openapi/util/objectTree/ObjectNode$1
instanceKlass com/intellij/patterns/PatternCondition
instanceKlass com/intellij/openapi/application/impl/LaterInvocator$RunnableInfo
instanceKlass com/intellij/featureStatistics/FeatureStatisticsBundleProvider
instanceKlass java/lang/invoke/LambdaForm$MH
instanceKlass java/lang/invoke/LambdaForm$DMH
instanceKlass com/intellij/framework/FrameworkType
instanceKlass com/intellij/openapi/application/TransactionGuardImpl$$Lambda$538
instanceKlass java/lang/invoke/LambdaForm$DMH
instanceKlass com/intellij/openapi/application/TransactionGuardImpl$TransactionIdImpl
instanceKlass com/intellij/framework/detection/FrameworkDetector
instanceKlass com/intellij/openapi/application/TransactionGuardImpl$Transaction
instanceKlass com/intellij/framework/detection/impl/FrameworkDetectorRegistry
instanceKlass java/util/concurrent/CountDownLatch
instanceKlass org/jcodings/Encoding
instanceKlass com/intellij/util/indexing/IndexingStamp$IndexVersion
instanceKlass java/lang/invoke/LambdaForm$MH
instanceKlass java/lang/invoke/LambdaForm$DMH
instanceKlass com/intellij/ide/ui/RegistryOptionsTopHitProvider
instanceKlass com/intellij/util/indexing/SharedIndicesData
instanceKlass com/intellij/ide/ui/EditorOptionsTopHitProvider$Ex
instanceKlass com/intellij/util/indexing/IndexingStamp
instanceKlass com/intellij/featureStatistics/FeatureStatisticsBundle
instanceKlass com/intellij/featureStatistics/GroupDescriptor
instanceKlass java/lang/invoke/LambdaForm$DMH
instanceKlass com/intellij/util/indexing/PersistentIndicesConfiguration
instanceKlass org/jetbrains/plugins/textmate/regex/RegexFacade
instanceKlass com/intellij/featureStatistics/ProductivityFeaturesRegistry
instanceKlass org/jetbrains/plugins/textmate/language/syntax/SyntaxProxyDescriptor
instanceKlass com/google/common/collect/ImmutableCollection$Builder
instanceKlass com/intellij/ui/IdeUICustomization
instanceKlass com/intellij/featureStatistics/FeatureUsageTracker
instanceKlass com/intellij/openapi/vfs/newvfs/RefreshQueueImpl$$Lambda$537
instanceKlass com/intellij/ide/ui/SystemOptionsTopHitProvider
instanceKlass com/intellij/internal/statistic/updater/StatisticsJobsScheduler
instanceKlass com/google/common/collect/Hashing
instanceKlass java/lang/invoke/LambdaForm$DMH
instanceKlass com/intellij/openapi/vfs/newvfs/RefreshQueueImpl$$Lambda$536
instanceKlass com/intellij/ide/AgreementUpdater$$Lambda$535
instanceKlass com/intellij/ide/ui/AppearanceOptionsTopHitProvider$Ex
instanceKlass com/intellij/ide/ui/OptionsSearchTopHitProvider$ProjectLevelProvider
instanceKlass com/google/common/math/IntMath$1
instanceKlass java/lang/invoke/LambdaForm$MH
instanceKlass com/intellij/ide/AgreementUpdater$$Lambda$534
instanceKlass com/intellij/openapi/progress/util/ProgressIndicatorUtils$$Lambda$533
instanceKlass com/google/common/math/MathPreconditions
instanceKlass com/intellij/ide/AgreementUpdater
instanceKlass com/intellij/util/keyFMap/OneElementFMap
instanceKlass java/lang/invoke/LambdaForm$DMH
instanceKlass com/intellij/execution/configurations/RunConfiguration
instanceKlass com/intellij/openapi/progress/util/ProgressIndicatorUtils$2
instanceKlass com/google/common/math/IntMath
instanceKlass com/intellij/openapi/progress/util/ProgressIndicatorUtils
instanceKlass com/intellij/remoteServer/configuration/deployment/SingletonDeploymentSourceType$SingletonDeploymentSource
instanceKlass com/intellij/ide/ui/OptionsTopHitProvider$CachedOptions
instanceKlass com/intellij/openapi/vfs/newvfs/RefreshQueueImpl$$Lambda$532
instanceKlass com/intellij/remoteServer/configuration/deployment/ModuleDeploymentSource
instanceKlass com/google/common/collect/ImmutableSet$SetBuilderImpl
instanceKlass com/jetbrains/php/wordpress/hooks/WPHooksIndex$WPHookDescriptor
instanceKlass com/intellij/remoteServer/configuration/deployment/DeploymentSource
instanceKlass com/intellij/openapi/vfs/newvfs/RefreshQueueImpl$$Lambda$531
instanceKlass com/intellij/openapi/progress/util/AbstractProgressIndicatorExBase$$Lambda$530
instanceKlass com/intellij/openapi/application/ApplicationBundle
instanceKlass com/intellij/ide/ui/EditorOptionsTopHitProvider
instanceKlass com/jetbrains/php/drupal/hooks/DrupalHooksIndex$MyKeyDescriptor
instanceKlass com/intellij/remoteServer/configuration/deployment/DeploymentSourceType
instanceKlass com/intellij/openapi/keymap/KeyMapBundle
instanceKlass com/intellij/openapi/vfs/newvfs/persistent/RefreshWorker$$Lambda$529
instanceKlass com/intellij/execution/configurations/RunConfigurationTypeKt
instanceKlass com/intellij/openapi/application/BaseActionRunnable
instanceKlass icons/DockerIcons
instanceKlass com/intellij/openapi/vfs/newvfs/persistent/RefreshWorker$$Lambda$528
instanceKlass com/intellij/docker/i18n/DockerBundle
instanceKlass org/jetbrains/plugins/textmate/language/preferences/TextMateBracePair
instanceKlass org/jetbrains/plugins/textmate/Constants
instanceKlass com/jetbrains/php/lang/psi/stubs/indexes/expectedArguments/PhpExpectedFunctionArgumentsIndex$1
instanceKlass com/intellij/execution/configurations/ConfigurationFactory
instanceKlass com/intellij/openapi/vfs/impl/win32/Win32FsCache
instanceKlass com/intellij/remoteServer/impl/configuration/deployment/DeployToServerConfigurationTypesRegistrar$$Lambda$527
instanceKlass com/intellij/execution/configurations/ConfigurationTypeBase
instanceKlass com/intellij/openapi/vfs/impl/win32/Win32LocalFileSystem$$Lambda$526
instanceKlass com/intellij/docker/runtimes/DockerRuntimeComparator
instanceKlass com/jetbrains/php/lang/psi/stubs/indexes/expectedArguments/PhpExpectedFunctionArgument
instanceKlass com/intellij/remoteServer/configuration/deployment/DeploymentConfigurator
instanceKlass com/intellij/ide/ui/AppearanceOptionsTopHitProvider
instanceKlass com/intellij/ide/ui/OptionsSearchTopHitProvider$ApplicationLevelProvider
instanceKlass com/intellij/openapi/vfs/newvfs/persistent/VfsEventGenerationHelper
instanceKlass com/intellij/util/containers/Queue
instanceKlass com/intellij/remoteServer/RemoteServerConfigurable
instanceKlass com/intellij/docker/agent/DockerAgentConfig
instanceKlass com/intellij/remoteServer/agent/util/CloudAgentConfigBase
instanceKlass com/intellij/remoteServer/agent/util/CloudAgentProxyConfig
instanceKlass com/intellij/openapi/vfs/newvfs/persistent/RefreshWorker
instanceKlass org/jetbrains/plugins/textmate/language/syntax/SyntaxNodeDescriptorImpl
instanceKlass com/jetbrains/php/lang/psi/elements/PhpReference
instanceKlass com/intellij/ide/ui/search/OptionDescription
instanceKlass com/intellij/ide/ui/UISimpleSettingsProvider
instanceKlass com/intellij/ide/ui/OptionsTopHitProvider$CoveredByToggleActions
instanceKlass com/intellij/psi/PsiPolyVariantReference
instanceKlass org/jetbrains/plugins/textmate/plist/PListValue
instanceKlass com/intellij/psi/PsiReference
instanceKlass com/intellij/model/SymbolReference
instanceKlass com/intellij/remoteServer/agent/util/CloudAgentConfig
instanceKlass com/intellij/remoteServer/configuration/ServerConfiguration
instanceKlass com/intellij/remoteServer/runtime/ServerConnector
instanceKlass com/intellij/openapi/vfs/newvfs/RefreshProgress$$Lambda$525
instanceKlass org/jetbrains/plugins/textmate/plist/Plist
instanceKlass com/intellij/remoteServer/ServerType
instanceKlass com/jetbrains/php/lang/psi/elements/PhpExpression
instanceKlass com/intellij/execution/configurations/ConfigurationType
instanceKlass org/jetbrains/plugins/textmate/bundles/VSCBundle$$Lambda$524
instanceKlass com/intellij/remoteServer/impl/configuration/deployment/DeployToServerConfigurationTypesRegistrar
instanceKlass com/jetbrains/php/lang/psi/elements/PhpTypedElement
instanceKlass com/jetbrains/php/lang/psi/elements/PhpPsiElement
instanceKlass org/jetbrains/plugins/textmate/bundles/VSCBundle$$Lambda$523
instanceKlass com/intellij/openapi/actionSystem/OverridingAction
instanceKlass com/intellij/openapi/vfs/newvfs/RefreshQueueImpl$$Lambda$522
instanceKlass com/intellij/ide/ActionsTopHitProvider
instanceKlass com/thaiopensource/validate/SchemaReader
instanceKlass org/jetbrains/plugins/textmate/bundles/VSCBundle$$Lambda$521
instanceKlass com/intellij/ide/errorTreeView/NewErrorTreeViewPanel$ProcessController
instanceKlass com/intellij/openapi/vfs/newvfs/RefreshQueueImpl$1
instanceKlass org/jetbrains/plugins/textmate/bundles/Bundle$BundleFilesFilter
instanceKlass com/intellij/xml/actions/validate/ErrorReporter
instanceKlass com/intellij/util/xml/DomMetaData
instanceKlass com/intellij/psi/meta/PsiPresentableMetaData
instanceKlass com/intellij/psi/meta/PsiWritableMetaData
instanceKlass com/jetbrains/php/lang/psi/stubs/indexes/PhpClassAliasToClassIndex$1
instanceKlass org/jetbrains/plugins/textmate/bundles/BundleFactory$1
instanceKlass com/intellij/ide/ui/OptionsTopHitProvider
instanceKlass org/intellij/plugins/relaxNG/ApplicationLoader$1
instanceKlass com/google/common/collect/Multimap
instanceKlass gnu/trove/TLongObjectProcedure
instanceKlass org/intellij/plugins/relaxNG/model/CommonElement
instanceKlass org/intellij/plugins/relaxNG/compact/psi/RncElement
instanceKlass com/intellij/psi/impl/meta/MetaRegistry$MyBinding
instanceKlass com/intellij/psi/impl/meta/MetaRegistry$$Lambda$520
instanceKlass org/intellij/plugins/relaxNG/model/descriptors/RngNsDescriptor
instanceKlass com/intellij/ide/ui/OptionsTopHitProvider$ProjectLevelProvidersAdapter
instanceKlass com/intellij/codeInsight/daemon/Validator
instanceKlass com/intellij/xml/XmlNSDescriptorEx
instanceKlass com/intellij/xml/XmlNSDescriptor
instanceKlass com/intellij/psi/meta/PsiMetaData
instanceKlass com/intellij/ide/ui/OptionsTopHitProvider$Activity$$Lambda$519
instanceKlass com/intellij/psi/xml/XmlDocument
instanceKlass com/intellij/psi/meta/PsiMetaOwner
instanceKlass com/intellij/ide/SearchTopHitProvider
instanceKlass com/intellij/psi/xml/XmlElement
instanceKlass com/intellij/openapi/progress/util/AbstractProgressIndicatorExBase$$Lambda$518
instanceKlass com/intellij/openapi/progress/util/AbstractProgressIndicatorExBase$IndicatorAction
instanceKlass com/intellij/psi/filters/ClassFilter
instanceKlass java/lang/invoke/LambdaForm$DMH
instanceKlass com/intellij/psi/filters/position/NamespaceFilter
instanceKlass org/jetbrains/plugins/textmate/TextMateServiceImpl$$Lambda$517
instanceKlass com/intellij/psi/filters/AndFilter
instanceKlass com/jetbrains/php/codeInsight/controlFlow/PhpInstructionProcessor
instanceKlass com/intellij/ui/mac/foundation/MacUtil$Activity
instanceKlass com/intellij/ui/mac/foundation/MacUtil
instanceKlass com/intellij/psi/meta/MetaDataRegistrar
instanceKlass com/intellij/psi/filters/ElementFilter
instanceKlass org/intellij/plugins/relaxNG/ApplicationLoader
instanceKlass com/intellij/openapi/application/Preloader$$Lambda$516
instanceKlass com/intellij/openapi/vfs/newvfs/RefreshSession
instanceKlass com/intellij/ide/script/IdeStartupScripts$1
instanceKlass com/intellij/ide/script/IdeStartupScripts
instanceKlass com/intellij/openapi/vfs/newvfs/RefreshQueue
instanceKlass com/intellij/openapi/roots/libraries/LibraryProperties
instanceKlass com/intellij/openapi/roots/libraries/ui/LibraryRootsComponentDescriptor
instanceKlass com/intellij/util/TimeoutUtil
instanceKlass com/intellij/openapi/roots/OrderRootType
instanceKlass com/intellij/openapi/roots/libraries/LibraryKind
instanceKlass com/intellij/openapi/roots/libraries/LibraryPresentationProvider
instanceKlass org/jetbrains/plugins/textmate/TextMateServiceImpl$$Lambda$515
instanceKlass com/intellij/openapi/roots/impl/libraries/LibraryKindLoader
instanceKlass org/jetbrains/plugins/textmate/configuration/BundleConfigBean
instanceKlass org/jetbrains/plugins/textmate/TextMateServiceImpl$$Lambda$513
instanceKlass com/intellij/openapi/application/Preloader$$Lambda$514
instanceKlass com/intellij/ide/actions/GotoClassPresentationUpdater$Companion
instanceKlass com/intellij/ide/ui/search/SearchableOptionProcessor
instanceKlass com/intellij/ide/ui/OptionsSearchTopHitProvider
instanceKlass com/intellij/openapi/startup/StartupActivity
instanceKlass com/intellij/openapi/application/PreloadingActivity
instanceKlass com/intellij/openapi/application/Preloader$$Lambda$512
instanceKlass com/intellij/openapi/application/Preloader
instanceKlass org/jetbrains/plugins/textmate/configuration/TextMateSettings$TextMateSettingsState
instanceKlass com/intellij/openapi/application/ImportOldConfigsUsagesCollector$ImportOldConfigsState
instanceKlass com/intellij/openapi/application/ImportOldConfigsUsagesCollector$Trigger
instanceKlass com/intellij/openapi/wm/impl/WindowDressing$1
instanceKlass org/jetbrains/plugins/textmate/configuration/TextMateSettings
instanceKlass com/intellij/openapi/wm/impl/WindowDressing
instanceKlass com/intellij/ide/ApplicationInitializedListener
instanceKlass com/intellij/openapi/application/impl/ApplicationImpl$$Lambda$511
instanceKlass com/intellij/openapi/wm/ex/ProgressIndicatorEx
instanceKlass org/jetbrains/plugins/textmate/TextMateServiceImpl$$Lambda$510
instanceKlass org/angularjs/index/AngularAttributeIndexer
instanceKlass org/jetbrains/plugins/textmate/TextMateServiceImpl$$Lambda$509
instanceKlass org/jetbrains/plugins/textmate/language/preferences/ShellVariablesRegistry
instanceKlass org/jetbrains/plugins/textmate/language/preferences/PreferencesRegistry
instanceKlass org/angularjs/index/AngularTemplateCacheIndex$MyDataIndexer
instanceKlass org/jetbrains/plugins/textmate/language/SnippetsRegistry
instanceKlass org/jetbrains/plugins/textmate/language/syntax/MutableSyntaxNodeDescriptor
instanceKlass com/intellij/lang/javascript/index/JSImplicitElementsIndex$1
instanceKlass org/jetbrains/plugins/textmate/language/syntax/SyntaxNodeDescriptor
instanceKlass org/jetbrains/plugins/textmate/language/syntax/TextMateSyntaxTable
instanceKlass com/intellij/lang/javascript/DialectDetector$$Lambda$508
instanceKlass com/intellij/psi/util/ParameterizedCachedValueProvider
instanceKlass org/jetbrains/plugins/textmate/bundles/Bundle
instanceKlass com/intellij/psi/util/CachedValueProvider$Result
instanceKlass org/jetbrains/plugins/textmate/bundles/BundleFactory
instanceKlass org/jetbrains/plugins/textmate/plist/XmlPlistReader
instanceKlass org/jetbrains/plugins/textmate/plist/JsonPlistReader
instanceKlass org/jetbrains/plugins/textmate/plist/CompositePlistReader
instanceKlass com/intellij/lang/javascript/DialectDetector
instanceKlass org/jetbrains/plugins/textmate/plist/PlistReader
instanceKlass com/intellij/lang/javascript/index/JSCustomSingleEntriesIndex$1
instanceKlass com/intellij/lang/javascript/index/JSPackageIndex$Holder
instanceKlass com/intellij/lang/javascript/index/JSPackageIndex$2
instanceKlass org/jetbrains/plugins/textmate/TextMateService
instanceKlass com/intellij/lang/javascript/index/JSPackageIndex$1
instanceKlass com/intellij/lang/javascript/index/JSPackageIndex$PackageElementsProcessor
instanceKlass com/intellij/tools/Tool
instanceKlass org/jetbrains/plugins/sass/extensions/SassExtensionFunctionInfo
instanceKlass com/intellij/util/Alarm$Request
instanceKlass org/jetbrains/plugins/sass/extensions/SassExtensionFunctionExternalizer
instanceKlass com/intellij/ide/IdeEventQueue$$Lambda$507
instanceKlass java/lang/invoke/LambdaForm$DMH
instanceKlass com/intellij/ide/IdeEventQueue$MyFireIdleRequest
instanceKlass com/intellij/sql/SqlRoutineIndex$SqlRoutineIndexListener
instanceKlass com/intellij/sql/SqlRoutineIndex$Companion
instanceKlass java/lang/invoke/LambdaForm$MH
instanceKlass java/lang/invoke/LambdaForm$DMH
instanceKlass java/lang/invoke/LambdaForm$DMH
instanceKlass com/intellij/ide/b/f$$Lambda$506
instanceKlass java/lang/invoke/LambdaForm$DMH
instanceKlass com/intellij/sql/completion/SqlTypesStatisticIndex$1
instanceKlass com/intellij/util/indexing/DefaultFileTypeSpecificInputFilter
instanceKlass com/intellij/util/indexing/FileBasedIndex$FileTypeSpecificInputFilter
instanceKlass org/editorconfig/language/index/EditorConfigIdentifierIndex$Companion
instanceKlass com/intellij/psi/PsiRecursiveVisitor
instanceKlass com/intellij/psi/css/index/CssTemplateSelectorsIndex$MyDataIndexer
instanceKlass com/intellij/psi/css/index/CssTemplateSelectorsIndex$1
instanceKlass com/intellij/psi/css/index/CssIndex$1
instanceKlass com/intellij/codeInsight/editorActions/XmlTagNameSynchronizer$1
instanceKlass com/intellij/psi/css/index/CssIndex$CssIndexCallback
instanceKlass com/intellij/lexer/EmbedmentLexer
instanceKlass com/intellij/util/text/OrdinalFormat
instanceKlass com/intellij/execution/configurations/RunProfile
instanceKlass com/jetbrains/clones/index/HashFragmentIndex$Companion
instanceKlass com/jetbrains/jsonSchema/impl/JsonSchemaFileValuesIndex$1
instanceKlass com/intellij/xdebugger/XDebuggerBundle
instanceKlass com/intellij/execution/Executor
instanceKlass org/intellij/images/index/ImageInfoIndex$1
instanceKlass com/intellij/execution/ExecutorRegistryImpl$2
instanceKlass com/intellij/execution/ExecutorRegistryImpl$1
instanceKlass com/intellij/execution/ExecutionListener
instanceKlass com/intellij/execution/ExecutionManager
instanceKlass com/intellij/codeInsight/preview/ImageOrColorPreviewManager$1
instanceKlass com/intellij/psi/stubs/SerializationManagerImpl$$Lambda$505
instanceKlass com/intellij/html/index/Html5CustomAttributesIndex$1
instanceKlass com/intellij/openapi/util/Computable$PredefinedValueComputable
instanceKlass com/intellij/util/xml/DomFileIndex$1
instanceKlass com/intellij/util/containers/RecentStringInterner$$Lambda$504
instanceKlass com/intellij/find/ngrams/TrigramIndex$$Lambda$503
instanceKlass com/intellij/util/containers/RecentStringInterner
instanceKlass com/intellij/psi/stubs/StubUpdatingIndex$$Lambda$502
instanceKlass com/intellij/psi/stubs/StubUpdatingIndex$1
instanceKlass gnu/trove/TIntObjectProcedure
instanceKlass com/intellij/util/indexing/MemoryIndexStorage$BufferingStateListener
instanceKlass com/intellij/util/indexing/SingleEntryIndexer
instanceKlass com/intellij/util/indexing/CustomImplementationFileBasedIndexExtension
instanceKlass com/intellij/psi/stubs/StubSerializationHelper
instanceKlass com/intellij/util/indexing/PsiDependentIndex
instanceKlass com/intellij/psi/search/FileTypeIndex
instanceKlass com/intellij/util/io/PersistentStringEnumerator$1
instanceKlass com/intellij/util/io/CachingEnumerator
instanceKlass com/intellij/psi/search/FilenameIndex
instanceKlass com/intellij/psi/impl/cache/impl/id/IdIndex$3
instanceKlass com/intellij/psi/impl/cache/impl/id/IdIndex$1
instanceKlass com/intellij/psi/impl/cache/impl/id/IdIndex$$Lambda$501
instanceKlass com/intellij/openapi/options/SchemeElement
instanceKlass com/intellij/openapi/util/ThreadLocalCachedIntArray
instanceKlass com/intellij/util/indexing/CustomInputsIndexFileBasedIndexExtension
instanceKlass com/intellij/tools/ToolsBundle
instanceKlass com/intellij/psi/impl/cache/impl/todo/TodoIndex$1
instanceKlass com/intellij/psi/stubs/StubIndexImpl$AsyncState
instanceKlass com/intellij/psi/search/IndexPatternProvider
instanceKlass com/intellij/psi/impl/cache/impl/todo/TodoIndex$$Lambda$500
instanceKlass com/intellij/psi/impl/cache/impl/todo/TodoIndex$4
instanceKlass com/intellij/psi/impl/cache/impl/todo/TodoIndex$2
instanceKlass com/intellij/util/indexing/FileBasedIndexImpl$FileIndexDataInitialization$$Lambda$499
instanceKlass com/intellij/util/indexing/DocumentChangeDependentIndex
instanceKlass com/intellij/framework/detection/impl/FrameworkDetectionIndexListener
instanceKlass com/intellij/util/indexing/ID$$Lambda$498
instanceKlass java/lang/invoke/LambdaForm$DMH
instanceKlass com/intellij/psi/stubs/StubIndexState
instanceKlass com/intellij/util/io/VoidDataExternalizer
instanceKlass com/intellij/util/indexing/DataIndexer
instanceKlass com/intellij/util/indexing/FileBasedIndex$InputFilter
instanceKlass com/intellij/psi/stubs/ObjectStubTree
instanceKlass com/intellij/psi/stubs/StubProcessingHelperBase
instanceKlass com/intellij/util/indexing/IndexInfrastructure
instanceKlass com/intellij/util/indexing/IndexConfiguration
instanceKlass com/intellij/util/indexing/IndexableFileSet
instanceKlass com/intellij/util/indexing/IndexInfrastructure$DataInitialization
instanceKlass com/intellij/util/text/StringFactory
instanceKlass com/intellij/util/text/CharArrayExternalizable
instanceKlass com/intellij/util/text/ImmutableCharSequence
instanceKlass com/intellij/util/text/CharArrayUtil
instanceKlass java/util/stream/Nodes$IntArrayNode
instanceKlass java/util/stream/Node$Builder$OfInt
instanceKlass java/util/stream/Sink$OfInt
instanceKlass java/util/function/IntConsumer
instanceKlass java/util/stream/Node$Builder
instanceKlass java/util/stream/Node$OfDouble
instanceKlass java/util/stream/Node$OfLong
instanceKlass java/util/stream/Node$OfInt
instanceKlass java/util/stream/Node$OfPrimitive
instanceKlass java/util/stream/Nodes$EmptyNode
instanceKlass java/util/stream/Node
instanceKlass java/util/stream/Nodes
instanceKlass java/util/stream/IntPipeline$$Lambda$497
instanceKlass com/intellij/openapi/vfs/newvfs/impl/FileLoadingTracker$$Lambda$496
instanceKlass com/intellij/openapi/vfs/newvfs/impl/FileLoadingTracker
instanceKlass com/intellij/openapi/vfs/newvfs/persistent/FSRecords$$Lambda$495
instanceKlass com/intellij/openapi/vfs/newvfs/persistent/FSRecords$$Lambda$494
instanceKlass com/intellij/openapi/vfs/newvfs/impl/FileNameCache$$Lambda$493
instanceKlass com/intellij/openapi/vfs/newvfs/persistent/FSRecords$$Lambda$492
instanceKlass com/intellij/openapi/vfs/newvfs/persistent/FSRecords$$Lambda$491
instanceKlass com/intellij/openapi/vfs/newvfs/persistent/FSRecords$$Lambda$490
instanceKlass java/lang/invoke/LambdaForm$MH
instanceKlass java/lang/invoke/LambdaForm$DMH
instanceKlass com/intellij/openapi/vfs/newvfs/impl/VirtualDirectoryImpl$$Lambda$489
instanceKlass java/lang/invoke/LambdaForm$DMH
instanceKlass com/intellij/openapi/util/text/StringUtil$1
instanceKlass com/intellij/openapi/util/text/StringUtil$$Lambda$488
instanceKlass com/intellij/openapi/vfs/newvfs/persistent/FSRecords$$Lambda$487
instanceKlass com/intellij/util/text/ByteArrayCharSequence
instanceKlass com/intellij/util/containers/IntObjectLinkedMap$MapEntry
instanceKlass com/intellij/util/containers/IntObjectLinkedMap
instanceKlass com/intellij/util/IntSLRUCache
instanceKlass com/intellij/openapi/vfs/newvfs/impl/FileNameCache
instanceKlass com/intellij/openapi/vfs/newvfs/persistent/FSRecords$$Lambda$486
instanceKlass com/intellij/openapi/vfs/newvfs/impl/FileNameCache$NameComputer
instanceKlass com/intellij/openapi/vfs/newvfs/persistent/FSRecords$$Lambda$485
instanceKlass com/intellij/openapi/vfs/newvfs/impl/VfsData$DirectoryData
instanceKlass com/intellij/openapi/vfs/newvfs/impl/VfsData$Segment
instanceKlass com/intellij/util/io/IntToIntBtree$BtreeIndexNodeView$$Lambda$484
instanceKlass com/intellij/openapi/vfs/newvfs/persistent/FSRecords$$Lambda$483
instanceKlass com/intellij/openapi/util/io/FileSystemUtil$IdeaWin32MediatorImpl
instanceKlass com/intellij/openapi/util/io/FileSystemUtil$Mediator
instanceKlass com/intellij/openapi/util/io/FileSystemUtil
instanceKlass com/intellij/openapi/vfs/newvfs/VfsImplUtil
instanceKlass com/intellij/openapi/util/KeyedExtensionCollector$$Lambda$482
instanceKlass com/intellij/openapi/vfs/LocalFileSystem$LocalFileSystemHolder
instanceKlass com/intellij/util/indexing/VfsEventsMerger
instanceKlass java/util/concurrent/Phaser
instanceKlass com/intellij/util/indexing/FileBasedIndexImpl$4
instanceKlass com/intellij/util/indexing/FileBasedIndexImpl$3
instanceKlass com/intellij/util/indexing/FileBasedIndexImpl$2
instanceKlass com/intellij/util/indexing/FileBasedIndexImpl$1
instanceKlass com/intellij/psi/impl/PsiDocumentTransactionListener
instanceKlass com/intellij/util/indexing/UpdateTask
instanceKlass com/intellij/util/indexing/StorageGuard$2
instanceKlass com/intellij/util/indexing/StorageGuard$1
instanceKlass com/intellij/util/indexing/StorageGuard$StorageModeExitHandler
instanceKlass com/intellij/util/indexing/StorageGuard
instanceKlass com/intellij/util/indexing/FileBasedIndexImpl$$Lambda$481
instanceKlass com/intellij/util/indexing/IndexAccessValidator
instanceKlass com/intellij/util/indexing/PerIndexDocumentVersionMap
instanceKlass com/intellij/vcs/commit/VetoSavingCommittingDocumentsAdapter$1
instanceKlass com/intellij/AppTopics
instanceKlass com/intellij/openapi/keymap/impl/ModifierKeyDoubleClickHandler$MyDispatcher
instanceKlass com/intellij/icons/AllIcons$Actions
instanceKlass com/intellij/configurationStore/schemeManager/SchemeManagerImpl$loadBundledScheme$1$attributeProvider$1
instanceKlass kotlin/io/ByteStreamsKt
instanceKlass com/jetbrains/plugins/webDeployment/actions/DeploymentBundlerQuickListsProvider
instanceKlass com/intellij/openapi/actionSystem/impl/BundledQuickListsProvider
instanceKlass com/intellij/ide/actionMacro/ActionMacroManager$MyKeyPostpocessor
instanceKlass com/intellij/ide/actionMacro/ActionMacroManager$1
instanceKlass com/intellij/ide/FrameStateManagerImpl$2
instanceKlass com/intellij/configurationStore/SaveAndSyncHandlerImpl$1
instanceKlass com/intellij/util/SingleAlarmKt$sam$java_lang_Runnable$0
instanceKlass com/intellij/configurationStore/SaveAndSyncHandlerImpl$refreshDelayAlarm$1
instanceKlass com/intellij/configurationStore/EdtPoolDispatcherManager
instanceKlass java/awt/event/KeyAdapter
instanceKlass java/awt/event/MouseMotionAdapter
instanceKlass javax/swing/ToolTipManager$stillInsideTimerAction
instanceKlass javax/swing/ToolTipManager$outsideTimerAction
instanceKlass javax/swing/ToolTipManager$insideTimerAction
instanceKlass com/intellij/ide/IdeTooltipManager$2
instanceKlass java/awt/Toolkit$SelectiveAWTEventListener
instanceKlass com/intellij/openapi/ui/popup/IPopupChooserBuilder
instanceKlass javax/swing/ListModel
instanceKlass com/intellij/openapi/ui/popup/ComponentPopupBuilder
instanceKlass com/intellij/openapi/ui/popup/PopupChooserBuilder$PopupComponentAdapter
instanceKlass com/intellij/ui/popup/AbstractPopup
instanceKlass com/intellij/ide/ui/ScreenAreaTracker$ScreenAreaConsumer
instanceKlass com/intellij/ui/speedSearch/ElementFilter
instanceKlass com/intellij/ui/popup/NextStepHandler
instanceKlass com/intellij/openapi/ui/popup/util/BaseStep
instanceKlass com/intellij/openapi/ui/popup/MnemonicNavigationFilter
instanceKlass com/intellij/openapi/ui/popup/SpeedSearchFilter
instanceKlass com/intellij/openapi/ui/popup/TreePopup
instanceKlass com/intellij/openapi/ui/popup/ListPopupStep
instanceKlass com/intellij/openapi/ui/popup/PopupStep
instanceKlass com/intellij/openapi/ui/popup/ListPopup
instanceKlass com/intellij/openapi/ui/popup/JBPopup
instanceKlass com/intellij/openapi/ui/popup/BalloonBuilder
instanceKlass com/intellij/openapi/ui/popup/JBPopupFactory
instanceKlass com/intellij/openapi/wm/impl/FocusManagerImpl$$Lambda$480
instanceKlass com/intellij/openapi/wm/impl/FocusManagerImpl$$Lambda$479
instanceKlass com/intellij/openapi/wm/impl/FocusManagerImpl$AppListener
instanceKlass com/intellij/openapi/application/ApplicationActivationListener
instanceKlass com/intellij/openapi/wm/impl/FocusManagerImpl$EdtAlarm
instanceKlass com/intellij/util/containers/FactoryMap
instanceKlass com/intellij/ide/UiActivityMonitorImpl$$Lambda$478
instanceKlass com/intellij/ide/UiActivityMonitorImpl$BusyContainer
instanceKlass com/intellij/ide/UiActivityMonitor
instanceKlass com/intellij/ide/projectView/impl/ProjectViewToolWindowFactory
instanceKlass com/intellij/openapi/wm/ToolWindowFactory
instanceKlass com/intellij/openapi/wm/impl/WindowInfoImplKt
instanceKlass com/intellij/ui/UIBundle
instanceKlass com/intellij/openapi/wm/ToolWindowId
instanceKlass com/intellij/openapi/wm/impl/WindowInfoImpl$Companion
instanceKlass com/intellij/openapi/wm/ToolWindowContentUiType
instanceKlass com/intellij/openapi/wm/ToolWindowAnchor
instanceKlass com/intellij/openapi/wm/impl/WindowManagerImpl$FrameBoundsConverter
instanceKlass com/intellij/openapi/wm/impl/ProjectFrameBoundsKt
instanceKlass org/jetbrains/builtInWebServer/BuiltInServerOptions
instanceKlass org/jetbrains/io/SubServer
instanceKlass org/jetbrains/ide/CustomPortServerManager$CustomPortService
instanceKlass org/jetbrains/ide/CustomPortServerManager$Companion
instanceKlass org/jetbrains/ide/CustomPortServerManager
instanceKlass com/intellij/openapi/application/ex/DecodeDefaultsUtil
instanceKlass io/netty/handler/codec/http/FullHttpRequest
instanceKlass io/netty/handler/codec/http/FullHttpMessage
instanceKlass io/netty/handler/codec/http/LastHttpContent
instanceKlass io/netty/handler/codec/http/HttpContent
instanceKlass io/netty/buffer/ByteBufHolder
instanceKlass com/intellij/openapi/wm/impl/WindowManagerImpl$$Lambda$477
instanceKlass com/intellij/ide/impl/dataRules/InactiveEditorRule
instanceKlass io/netty/handler/codec/http/HttpRequest
instanceKlass com/intellij/ide/impl/dataRules/NavigatableArrayRule
instanceKlass io/netty/handler/codec/http/HttpMessage
instanceKlass io/netty/handler/codec/http/HttpObject
instanceKlass io/netty/handler/codec/DecoderResultProvider
instanceKlass com/intellij/ide/impl/dataRules/FileEditorRule
instanceKlass com/intellij/ide/impl/dataRules/FileTextRule
instanceKlass com/intellij/ide/impl/dataRules/PasteProviderRule
instanceKlass com/intellij/ide/impl/dataRules/CutProviderRule
instanceKlass com/intellij/ide/impl/dataRules/CopyProviderRule
instanceKlass com/intellij/ide/impl/dataRules/GetDataRule
instanceKlass com/intellij/openapi/wm/impl/DesktopLayout$$Lambda$476
instanceKlass com/intellij/openapi/wm/WindowInfo
instanceKlass io/netty/util/internal/TypeParameterMatcher
instanceKlass com/intellij/openapi/wm/impl/DesktopLayout
instanceKlass com/intellij/openapi/wm/impl/WindowWatcher
instanceKlass com/intellij/openapi/wm/impl/CommandProcessor
instanceKlass com/intellij/openapi/wm/WindowManagerListener
instanceKlass com/intellij/configurationStore/StoreReloadManagerImpl$1
instanceKlass com/intellij/configurationStore/StoreReloadManagerImpl$changedFilesAlarm$1
instanceKlass org/jetbrains/ide/BuiltInServerManagerImplKt
instanceKlass com/intellij/diagnostic/LowMemoryNotifier$1
instanceKlass com/intellij/diagnostic/LowMemoryNotifier$$Lambda$475
instanceKlass org/jetbrains/ide/BuiltInServerManagerImpl$startServerInPooledThread$1
instanceKlass com/intellij/openapi/editor/impl/EditorLastActionTrackerImpl$1
instanceKlass com/intellij/ide/SystemHealthMonitor$4
instanceKlass kotlin/sequences/FilteringSequence$iterator$1
instanceKlass kotlin/sequences/TransformingSequence$iterator$1
instanceKlass kotlin/sequences/TransformingSequence
instanceKlass com/intellij/diagnostic/VMOptions
instanceKlass kotlin/sequences/FilteringSequence
instanceKlass kotlin/sequences/SequencesKt__SequenceBuilderKt
instanceKlass com/intellij/openapi/projectRoots/JdkUtil
instanceKlass kotlin/collections/CollectionsKt___CollectionsKt$asSequence$$inlined$Sequence$1
instanceKlass kotlin/sequences/Sequence
instanceKlass kotlin/jvm/internal/CollectionToArray
instanceKlass org/jetbrains/jps/model/java/JdkVersionDetector$JdkVersionInfo
instanceKlass com/intellij/util/JdkBundle
instanceKlass jdk/internal/vm/VMSupport
instanceKlass com/intellij/ide/SystemHealthMonitor$$Lambda$474
instanceKlass com/intellij/util/net/ssl/ConfirmingTrustManager$$Lambda$473
instanceKlass com/intellij/util/net/ssl/CertificateListener
instanceKlass com/intellij/util/net/ssl/ClientOnlyTrustManager
instanceKlass com/intellij/util/net/ssl/CertificateManager$Config
instanceKlass com/github/markusbernhardt/proxy/selector/pac/PacScriptSource
instanceKlass com/intellij/util/proxy/SharedProxyConfig
instanceKlass com/intellij/util/net/HttpConfigurable$1
instanceKlass java/nio/file/Files$3
instanceKlass java/nio/file/FileTreeWalker$Event
instanceKlass java/nio/file/FileTreeWalker
instanceKlass com/intellij/openapi/util/io/FileUtilRt$NIOReflect$1
instanceKlass java/nio/file/FileStore
instanceKlass java/nio/file/attribute/UserPrincipal
instanceKlass java/util/function/BiPredicate
instanceKlass java/nio/file/WatchEvent$Modifier
instanceKlass java/nio/file/WatchKey
instanceKlass java/nio/file/WatchEvent$Kind
instanceKlass java/nio/file/WatchService
instanceKlass java/nio/file/FileVisitor
instanceKlass com/intellij/openapi/util/io/FileUtilRt$NIOReflect
instanceKlass com/intellij/util/proxy/CommonProxy$HostInfo
instanceKlass java/net/PasswordAuthentication
instanceKlass com/intellij/util/xmlb/XmlSerializerUtil
instanceKlass java/net/Authenticator$$Lambda$472
instanceKlass sun/net/www/protocol/http/AuthenticatorKeys$AuthenticatorKeyAccess
instanceKlass java/net/Authenticator
instanceKlass com/intellij/util/net/HttpConfigurable$$Lambda$471
instanceKlass com/intellij/util/proxy/PropertiesEncryptionSupport
instanceKlass com/intellij/notification/LogModel
instanceKlass com/intellij/notification/impl/NotificationsManagerImpl$1
instanceKlass com/intellij/diagnostic/PerformanceWatcher$$Lambda$470
instanceKlass com/intellij/diagnostic/PerformanceWatcher$$Lambda$469
instanceKlass java/lang/invoke/LambdaForm$DMH
instanceKlass com/intellij/diagnostic/PerformanceWatcher$$Lambda$468
instanceKlass com/intellij/diagnostic/PerformanceWatcher$1
instanceKlass com/intellij/diagnostic/ApdexData
instanceKlass com/intellij/diagnostic/ThreadDump
instanceKlass com/intellij/diagnostic/IdePerformanceListener
instanceKlass sun/management/ThreadImpl
instanceKlass com/sun/management/ThreadMXBean
instanceKlass javax/swing/event/ListDataListener
instanceKlass com/intellij/util/containers/FilteredTraverserBase$Cond$$Lambda$467
instanceKlass com/intellij/util/ui/UIUtil$$Lambda$466
instanceKlass com/intellij/util/ui/JBSwingUtilities
instanceKlass com/intellij/util/ui/LafIconLookup
instanceKlass com/intellij/ide/ui/laf/LafManagerImpl$MenuArrowIcon
instanceKlass com/intellij/openapi/ui/popup/util/PopupUtil
instanceKlass javax/swing/Popup
instanceKlass javax/swing/PopupFactory$1
instanceKlass sun/swing/SwingAccessor$PopupFactoryAccessor
instanceKlass com/intellij/util/ui/JBDimension$Size2D
instanceKlass javax/swing/text/html/HTMLEditorKit$Parser
instanceKlass javax/accessibility/AccessibleContext
instanceKlass com/intellij/ide/ui/laf/darcula/ui/DarculaSpinnerBorder
instanceKlass com/intellij/ui/border/CustomLineBorder
instanceKlass com/intellij/util/ui/JBUI$Borders
instanceKlass com/intellij/ide/ui/laf/darcula/ui/DarculaButtonPainter
instanceKlass com/intellij/ide/ui/laf/darcula/ui/DarculaMenuBarBorder
instanceKlass com/intellij/ide/ui/laf/darcula/DarculaTableHeaderBorder
instanceKlass com/intellij/ide/ui/laf/darcula/ui/DarculaMenuItemBorder
instanceKlass com/intellij/ide/ui/laf/intellij/WinIntelliJButtonBorder
instanceKlass com/intellij/ide/ui/laf/darcula/ui/DarculaInternalBorder
instanceKlass com/intellij/ide/ui/laf/darcula/ui/DarculaCheckBoxBorder
instanceKlass com/intellij/ide/ui/laf/darcula/ui/DarculaTextBorder
instanceKlass com/intellij/openapi/ui/ErrorBorderCapable
instanceKlass javax/swing/plaf/IconUIResource
instanceKlass com/intellij/icons/AllIcons$FileTypes
instanceKlass com/intellij/icons/AllIcons$General
instanceKlass com/intellij/icons/AllIcons$Nodes
instanceKlass com/intellij/ui/ColoredSideBorder
instanceKlass com/intellij/ui/plaf/beg/BegBorders
instanceKlass javax/swing/InputMap
instanceKlass javax/swing/plaf/metal/OceanTheme$6
instanceKlass javax/swing/plaf/metal/OceanTheme$5
instanceKlass javax/swing/plaf/metal/OceanTheme$4
instanceKlass javax/swing/plaf/metal/OceanTheme$3
instanceKlass javax/swing/plaf/metal/OceanTheme$2
instanceKlass javax/swing/plaf/metal/OceanTheme$1
instanceKlass javax/swing/plaf/metal/OceanTheme$$Lambda$465
instanceKlass javax/swing/plaf/metal/MetalLookAndFeel$$Lambda$464
instanceKlass javax/swing/plaf/metal/MetalLookAndFeel$$Lambda$463
instanceKlass javax/swing/plaf/metal/MetalLookAndFeel$$Lambda$462
instanceKlass javax/swing/plaf/metal/MetalLookAndFeel$$Lambda$461
instanceKlass javax/swing/plaf/metal/MetalLookAndFeel$$Lambda$460
instanceKlass javax/swing/plaf/metal/MetalLookAndFeel$$Lambda$459
instanceKlass javax/swing/plaf/metal/MetalLookAndFeel$$Lambda$458
instanceKlass javax/swing/plaf/metal/MetalLookAndFeel$$Lambda$457
instanceKlass javax/swing/plaf/metal/MetalLookAndFeel$$Lambda$456
instanceKlass javax/swing/plaf/metal/MetalLookAndFeel$$Lambda$455
instanceKlass javax/swing/plaf/metal/MetalLookAndFeel$$Lambda$454
instanceKlass javax/swing/plaf/metal/MetalLookAndFeel$$Lambda$453
instanceKlass javax/swing/plaf/metal/MetalLookAndFeel$$Lambda$452
instanceKlass javax/swing/plaf/metal/MetalLookAndFeel$$Lambda$451
instanceKlass javax/swing/plaf/metal/MetalLookAndFeel$$Lambda$450
instanceKlass javax/swing/plaf/metal/MetalLookAndFeel$$Lambda$449
instanceKlass javax/swing/plaf/metal/MetalLookAndFeel$$Lambda$448
instanceKlass javax/swing/plaf/metal/MetalLookAndFeel$$Lambda$447
instanceKlass javax/swing/plaf/metal/MetalLookAndFeel$$Lambda$446
instanceKlass javax/swing/plaf/metal/MetalLookAndFeel$$Lambda$445
instanceKlass javax/swing/plaf/metal/MetalLookAndFeel$$Lambda$444
instanceKlass javax/swing/plaf/metal/MetalLookAndFeel$$Lambda$443
instanceKlass javax/swing/plaf/metal/MetalLookAndFeel$$Lambda$442
instanceKlass javax/swing/plaf/metal/MetalLookAndFeel$$Lambda$441
instanceKlass javax/swing/plaf/metal/MetalLookAndFeel$$Lambda$440
instanceKlass javax/swing/plaf/metal/MetalLookAndFeel$$Lambda$439
instanceKlass javax/swing/plaf/metal/MetalLookAndFeel$$Lambda$438
instanceKlass javax/swing/plaf/metal/MetalLookAndFeel$$Lambda$437
instanceKlass javax/swing/plaf/metal/MetalLookAndFeel$$Lambda$436
instanceKlass javax/swing/plaf/metal/MetalLookAndFeel$$Lambda$435
instanceKlass javax/swing/plaf/metal/MetalLookAndFeel$$Lambda$434
instanceKlass javax/swing/plaf/metal/MetalLookAndFeel$$Lambda$433
instanceKlass javax/swing/plaf/metal/MetalLookAndFeel$$Lambda$432
instanceKlass javax/swing/plaf/metal/MetalLookAndFeel$$Lambda$431
instanceKlass javax/swing/plaf/metal/MetalLookAndFeel$$Lambda$430
instanceKlass javax/swing/plaf/metal/MetalLookAndFeel$$Lambda$429
instanceKlass javax/swing/plaf/metal/MetalLookAndFeel$$Lambda$428
instanceKlass javax/swing/plaf/metal/MetalLookAndFeel$$Lambda$427
instanceKlass javax/swing/plaf/metal/MetalLookAndFeel$$Lambda$426
instanceKlass javax/swing/plaf/metal/MetalLookAndFeel$$Lambda$425
instanceKlass javax/swing/plaf/metal/MetalLookAndFeel$$Lambda$424
instanceKlass javax/swing/plaf/metal/MetalLookAndFeel$$Lambda$423
instanceKlass javax/swing/plaf/metal/MetalLookAndFeel$FontActiveValue
instanceKlass javax/swing/plaf/metal/MetalLookAndFeel$$Lambda$422
instanceKlass javax/swing/plaf/metal/MetalLookAndFeel$$Lambda$421
instanceKlass javax/swing/plaf/metal/MetalLookAndFeel$$Lambda$420
instanceKlass javax/swing/plaf/metal/MetalLookAndFeel$$Lambda$419
instanceKlass javax/swing/plaf/metal/MetalLookAndFeel$$Lambda$418
instanceKlass javax/swing/plaf/metal/MetalLookAndFeel$$Lambda$417
instanceKlass javax/swing/plaf/metal/MetalLookAndFeel$$Lambda$416
instanceKlass javax/swing/plaf/metal/MetalLookAndFeel$$Lambda$415
instanceKlass javax/swing/plaf/metal/MetalLookAndFeel$$Lambda$414
instanceKlass javax/swing/plaf/metal/MetalLookAndFeel$$Lambda$413
instanceKlass javax/swing/plaf/metal/MetalLookAndFeel$$Lambda$412
instanceKlass javax/swing/plaf/metal/MetalLookAndFeel$$Lambda$411
instanceKlass javax/swing/plaf/metal/MetalLookAndFeel$$Lambda$410
instanceKlass javax/swing/plaf/metal/MetalLookAndFeel$$Lambda$409
instanceKlass javax/swing/plaf/metal/MetalLookAndFeel$$Lambda$408
instanceKlass javax/swing/plaf/metal/MetalLookAndFeel$$Lambda$407
instanceKlass javax/swing/plaf/metal/DefaultMetalTheme$FontDelegate
instanceKlass com/intellij/ide/ui/laf/darcula/DarculaLaf$$Lambda$406
instanceKlass com/intellij/openapi/util/registry/RegistryValue$$Lambda$405
instanceKlass com/intellij/openapi/util/registry/RegistryValueListener$Adapter
instanceKlass com/intellij/ide/ui/laf/LafManagerImpl$$Lambda$404
instanceKlass com/intellij/ide/ui/laf/LafManagerImpl$$Lambda$403
instanceKlass com/intellij/ide/ui/UITheme$2
instanceKlass com/intellij/ui/ColorHexUtil
instanceKlass com/intellij/ui/ColorUtil
instanceKlass com/google/gson/internal/LinkedTreeMap$LinkedTreeMapIterator
instanceKlass com/intellij/ide/ui/UITheme$PaletteScope
instanceKlass com/intellij/ide/ui/UITheme$PaletteScopeManager
instanceKlass sun/reflect/generics/tree/ArrayTypeSignature
instanceKlass com/google/gson/internal/$Gson$Types$WildcardTypeImpl
instanceKlass com/google/gson/internal/ConstructorConstructor$12
instanceKlass com/google/gson/internal/ConstructorConstructor$6
instanceKlass com/google/gson/internal/ConstructorConstructor$8
instanceKlass com/google/gson/internal/UnsafeAllocator
instanceKlass com/google/gson/internal/ConstructorConstructor$14
instanceKlass com/google/gson/internal/$Gson$Types$ParameterizedTypeImpl
instanceKlass com/intellij/ide/ui/UITheme$$Lambda$402
instanceKlass com/intellij/util/SVGLoader$SvgColorPatcher
instanceKlass com/intellij/ide/ui/UITheme
instanceKlass com/intellij/ide/ui/UIThemeProvider
instanceKlass com/intellij/ide/ui/LafManagerListener
instanceKlass com/intellij/openapi/command/impl/DocumentReferenceManagerImpl$1
instanceKlass com/intellij/util/containers/RefValueHashMap$MyReference
instanceKlass com/intellij/util/containers/RefValueHashMap
instanceKlass com/intellij/util/containers/RefKeyRefValueHashMap$ValueReference
instanceKlass com/intellij/util/containers/RefKeyRefValueHashMap
instanceKlass com/intellij/openapi/command/impl/UndoRedo
instanceKlass com/intellij/openapi/command/impl/CommandMerger
instanceKlass com/intellij/openapi/command/impl/DocumentUndoProvider$MyEditorDocumentListener
instanceKlass com/intellij/openapi/command/impl/DocumentUndoProvider
instanceKlass com/intellij/openapi/command/impl/UndoManagerImpl$1
instanceKlass com/intellij/openapi/fileEditor/impl/FocusBasedCurrentEditorProvider
instanceKlass com/intellij/history/core/LocalHistoryFacade$Listener
instanceKlass com/intellij/openapi/command/impl/FileUndoProvider
instanceKlass com/intellij/openapi/command/impl/UndoProvider
instanceKlass com/intellij/openapi/command/impl/DummyProject$DummyProjectHolder
instanceKlass com/intellij/openapi/command/impl/UndoRedoStacksHolder
instanceKlass com/intellij/openapi/vfs/impl/VirtualFileManagerImpl$$Lambda$401
instanceKlass com/intellij/history/integration/LocalHistoryEventDispatcher
instanceKlass com/intellij/history/core/tree/Entry
instanceKlass com/intellij/history/integration/IdeaGateway
instanceKlass com/intellij/history/core/revisions/Revision
instanceKlass com/intellij/history/core/changes/ChangeVisitor
instanceKlass com/intellij/history/core/LabelImpl
instanceKlass com/intellij/history/core/changes/Change
instanceKlass com/intellij/history/core/LocalHistoryFacade
instanceKlass com/intellij/history/core/ChangeList
instanceKlass com/intellij/history/core/ChangeListStorageImpl
instanceKlass com/intellij/history/integration/LocalHistoryImpl$$Lambda$400
instanceKlass com/intellij/openapi/editor/impl/EditorFactoryImpl$$Lambda$399
instanceKlass java/lang/invoke/LambdaForm$DMH
instanceKlass com/intellij/openapi/editor/impl/EditorFactoryImpl$$Lambda$398
instanceKlass com/intellij/openapi/editor/colors/EditorColorsScheme
instanceKlass com/intellij/openapi/options/SchemeMetaInfo
instanceKlass com/intellij/openapi/editor/colors/TextAttributesScheme
instanceKlass com/intellij/openapi/editor/colors/EditorColorsListener
instanceKlass com/intellij/openapi/editor/impl/EditorFactoryImpl$1
instanceKlass com/intellij/openapi/editor/ex/FocusChangeListener
instanceKlass com/intellij/openapi/editor/event/VisibleAreaListener
instanceKlass com/intellij/openapi/editor/event/SelectionListener
instanceKlass com/intellij/openapi/editor/event/CaretListener
instanceKlass com/intellij/openapi/editor/ex/ErrorStripeListener
instanceKlass com/intellij/openapi/editor/ex/EditReadOnlyListener
instanceKlass com/intellij/util/EventDispatcher$$Lambda$397
instanceKlass com/intellij/openapi/editor/ex/PrioritizedInternalDocumentListener
instanceKlass com/intellij/openapi/editor/impl/event/EditorEventMulticasterImpl
instanceKlass com/intellij/openapi/editor/ex/EditorEventMulticasterEx
instanceKlass com/intellij/openapi/editor/impl/EditorFactoryImpl$MyRawTypedHandler
instanceKlass com/intellij/openapi/editor/impl/DefaultRawTypedHandler
instanceKlass com/intellij/openapi/editor/impl/EditorActionManagerImpl$DefaultReadOnlyFragmentModificationHandler
instanceKlass com/intellij/openapi/editor/actionSystem/TypedAction$Handler
instanceKlass com/intellij/openapi/editor/actionSystem/TypedAction
instanceKlass com/intellij/openapi/actionSystem/DataContext$$Lambda$396
instanceKlass com/intellij/openapi/actionSystem/impl/AbbreviationManagerImpl$$Lambda$395
instanceKlass com/intellij/openapi/actionSystem/impl/AbbreviationManagerImpl$$Lambda$394
instanceKlass com/intellij/openapi/actionSystem/AbbreviationManager
instanceKlass gnu/trove/TObjectLongProcedure
instanceKlass com/intellij/openapi/keymap/impl/MacOSDefaultKeymapKt
instanceKlass com/intellij/util/containers/UtilKt
instanceKlass java/util/Formattable
instanceKlass java/util/Formatter$FixedString
instanceKlass java/util/Formatter$Conversion
instanceKlass java/util/Formatter$Flags
instanceKlass java/util/Formatter$FormatSpecifier
instanceKlass java/util/Formatter$FormatString
instanceKlass java/util/Formatter
instanceKlass com/intellij/openapi/actionSystem/ActionInGroup
instanceKlass com/intellij/openapi/actionSystem/Anchor
instanceKlass com/intellij/openapi/actionSystem/Constraints
instanceKlass java/lang/invoke/LambdaForm$MH
instanceKlass com/intellij/openapi/actionSystem/impl/ActionManagerImpl$$Lambda$393
instanceKlass com/intellij/util/containers/IntArrayList
instanceKlass com/intellij/serialization/xml/KotlinAwareBeanBinding$findBindingIndex$index$1
instanceKlass com/intellij/util/IntIntFunction
instanceKlass com/intellij/util/xmlb/SerializationFilterBase
instanceKlass com/intellij/openapi/util/IconLoader$$Lambda$392
instanceKlass com/intellij/ide/ui/ColorBlindnessSupport
instanceKlass com/intellij/openapi/components/ReportValue
instanceKlass com/intellij/util/ComponentTreeEventDispatcher$$Lambda$391
instanceKlass com/intellij/util/ComponentTreeEventDispatcher
instanceKlass com/intellij/ide/ui/UISettingsListener
instanceKlass com/intellij/internal/statistic/eventLog/EmptyStatisticsEventLogger
instanceKlass com/intellij/internal/statistic/eventLog/StatisticsEventLogger
instanceKlass com/intellij/internal/statistic/connect/StatisticsService
instanceKlass com/intellij/internal/statistic/utils/StatisticsUploadAssistant
instanceKlass com/intellij/internal/statistic/eventLog/StatisticsEventLoggerProvider
instanceKlass com/intellij/internal/statistic/eventLog/StatisticsEventLoggerKt
instanceKlass com/intellij/internal/statistic/eventLog/fus/FeatureUsageLogger
instanceKlass com/intellij/ide/ui/NotRoamableUiSettingsKt
instanceKlass com/intellij/openapi/components/StoredPropertyBase
instanceKlass com/intellij/openapi/components/StoredProperty
instanceKlass com/intellij/openapi/components/ScalarProperty
instanceKlass com/intellij/serialization/stateProperties/StatePropertyFactoryImpl
instanceKlass com/intellij/openapi/components/StatePropertyFactory
instanceKlass com/intellij/openapi/components/BaseStateKt
instanceKlass com/intellij/ide/ui/NotRoamableUiSettings
instanceKlass com/intellij/openapi/components/Service
instanceKlass kotlin/math/MathKt__MathHKt
instanceKlass com/intellij/ide/ui/UISettingsState$Companion
instanceKlass com/intellij/openapi/components/BaseState$Companion
instanceKlass com/intellij/ide/ui/UISettings$Companion
instanceKlass com/intellij/openapi/util/text/TextWithMnemonic
instanceKlass com/intellij/openapi/actionSystem/KeyboardModifierGestureShortcut$1
instanceKlass com/intellij/openapi/application/ConfigImportHelper
instanceKlass com/intellij/openapi/keymap/impl/KeymapImplKt
instanceKlass com/intellij/configurationStore/schemeManager/SchemeDataHolderImpl
instanceKlass com/intellij/configurationStore/schemeManager/ExternalInfo
instanceKlass com/intellij/configurationStore/schemeManager/SchemeLoader$loadScheme$2$attributeProvider$1
instanceKlass kotlin/jvm/internal/Ref$IntRef
instanceKlass com/intellij/configurationStore/schemeManager/SchemeLoaderKt
instanceKlass org/xmlpull/mxp1/MXParser
instanceKlass com/intellij/util/messages/impl/Message
instanceKlass com/intellij/openapi/keymap/KeymapManagerListener
instanceKlass com/intellij/ide/WelcomeWizardUtil
instanceKlass com/intellij/openapi/keymap/impl/KeymapManagerImpl$Companion
instanceKlass com/intellij/openapi/keymap/KeymapUtil
instanceKlass com/intellij/ui/KeyStrokeAdapter$LazyVirtualKeys
instanceKlass com/intellij/ui/KeyStrokeAdapter$LazyModifiers
instanceKlass com/intellij/ui/KeyStrokeAdapter
instanceKlass com/intellij/openapi/keymap/impl/DefaultKeymap$1$1$read$1
instanceKlass com/intellij/openapi/keymap/impl/MacOSDefaultKeymap$Companion
instanceKlass com/intellij/openapi/options/ExternalizableSchemeAdapter
instanceKlass com/intellij/configurationStore/SerializableScheme
instanceKlass com/intellij/openapi/keymap/Keymap
instanceKlass com/intellij/openapi/keymap/impl/DefaultKeymap$$special$$inlined$runAndLogException$lambda$1
instanceKlass com/intellij/configurationStore/SchemeDataHolder
instanceKlass com/intellij/openapi/keymap/impl/DefaultKeymapKt
instanceKlass com/intellij/openapi/keymap/impl/DefaultBundledKeymaps
instanceKlass com/intellij/openapi/keymap/impl/BundledKeymapProvider
instanceKlass com/intellij/openapi/keymap/impl/DefaultKeymap$Companion
instanceKlass com/intellij/openapi/keymap/impl/DefaultKeymap
instanceKlass com/intellij/ide/actions/ActionsCollector
instanceKlass com/intellij/openapi/actionSystem/impl/ProxyShortcutSet
instanceKlass com/intellij/openapi/actionSystem/Presentation
instanceKlass com/intellij/openapi/actionSystem/CustomShortcutSet
instanceKlass com/intellij/openapi/editor/actionSystem/ReadonlyFragmentModificationHandler
instanceKlass com/intellij/openapi/editor/actionSystem/EditorActionManager
instanceKlass com/intellij/openapi/fileEditor/impl/FileDocumentManagerImpl$$Lambda$390
instanceKlass com/intellij/openapi/vfs/impl/VirtualFileManagerImpl$$Lambda$389
instanceKlass com/intellij/openapi/editor/event/DocumentListener$$Lambda$388
instanceKlass com/intellij/openapi/fileEditor/impl/FileDocumentManagerImpl$1
instanceKlass com/intellij/openapi/fileEditor/impl/MemoryDiskConflictResolver
instanceKlass com/intellij/openapi/fileEditor/TrailingSpacesOptions
instanceKlass com/intellij/openapi/editor/impl/TrailingSpacesStripper
instanceKlass com/intellij/openapi/fileEditor/FileDocumentManagerListener
instanceKlass com/intellij/configurationStore/schemeManager/SchemeManagerImpl$loadSchemes$$inlined$directoryStreamIfExists$1
instanceKlass kotlin/collections/EmptyIterator
instanceKlass org/jetbrains/settingsRepository/IcsUrlBuilderKt
instanceKlass kotlin/jvm/functions/Function3
instanceKlass com/intellij/configurationStore/schemeManager/SchemeLoader
instanceKlass com/intellij/util/JdomKt
instanceKlass com/intellij/configurationStore/XmlElementStorageKt
instanceKlass com/intellij/configurationStore/SaveSessionBaseKt
instanceKlass com/intellij/openapi/fileTypes/impl/FileTypeAssocTable$$Lambda$387
instanceKlass com/intellij/openapi/fileTypes/impl/FileTypeAssocTable$$Lambda$386
instanceKlass com/intellij/openapi/fileTypes/impl/FileTypeAssocTable$$Lambda$385
instanceKlass java/lang/invoke/LambdaForm$DMH
instanceKlass com/intellij/openapi/fileTypes/impl/FileTypeManagerImpl$$Lambda$384
instanceKlass com/intellij/openapi/util/JDOMExternalizer
instanceKlass com/intellij/openapi/fileTypes/impl/RemovedMappingTracker$RemovedMapping
instanceKlass com/intellij/ide/highlighter/custom/impl/CustomFileTypeQuoteHandler
instanceKlass com/intellij/ide/highlighter/custom/impl/StandardFileTypeRegistrator$MyCommenter
instanceKlass com/intellij/lang/Commenter
instanceKlass com/intellij/ide/highlighter/custom/impl/StandardFileTypeRegistrator
instanceKlass com/intellij/ide/highlighter/FileTypeRegistrator
instanceKlass com/intellij/openapi/options/SettingsEditor
instanceKlass com/intellij/openapi/fileTypes/ex/ExternalizableFileType
instanceKlass com/intellij/openapi/fileTypes/UnknownFileType
instanceKlass com/intellij/ide/highlighter/custom/SyntaxTable
instanceKlass com/intellij/javascript/nodejs/NodeCommonFileTypeFactory$YarnLockFileType
instanceKlass com/intellij/openapi/fileTypes/impl/CustomSyntaxTableFileType
instanceKlass org/jetbrains/yaml/YAMLBundle
instanceKlass org/jetbrains/vuejs/lang/html/VueLanguage$Companion
instanceKlass org/jetbrains/vuejs/VueLanguage$Companion
instanceKlass org/jetbrains/vuejs/lang/html/VueFileType$Companion
instanceKlass org/jetbrains/vuejs/VueFileType$Companion
instanceKlass com/jetbrains/twig/TwigFileType$1
instanceKlass com/intellij/lang/InjectableLanguage
instanceKlass com/jetbrains/php/blade/BladeFileType$1
instanceKlass com/jetbrains/php/phar/PharFileType
instanceKlass com/jetbrains/smarty/SmartyConfigFileType$1
instanceKlass com/jetbrains/smarty/SmartyFileType$1
instanceKlass com/intellij/lexer/Lexer
instanceKlass com/jetbrains/php/lang/PhpFileType$1
instanceKlass com/intellij/lang/ASTNode
instanceKlass org/apache/http/cookie/Cookie
instanceKlass com/intellij/psi/PsiFile
instanceKlass com/intellij/psi/PsiFileSystemItem
instanceKlass com/intellij/psi/NavigatablePsiElement
instanceKlass com/intellij/navigation/NavigationItem
instanceKlass com/intellij/pom/Navigatable
instanceKlass com/intellij/psi/PsiCheckedRenameElement
instanceKlass com/intellij/psi/PsiNamedElement
instanceKlass com/intellij/ws/http/request/cookies/HttpRequestCookiesStorage
instanceKlass com/intellij/ws/rest/client/RestClientBundle
instanceKlass org/angular2/entities/metadata/Angular2MetadataFileTypeFactory$1
instanceKlass com/intellij/psi/tree/IElementType$$Lambda$383
instanceKlass com/intellij/psi/tree/IElementType$Predicate
instanceKlass com/intellij/psi/tree/IElementType$$Lambda$382
instanceKlass com/intellij/psi/StubBuilder
instanceKlass com/intellij/psi/stubs/PsiFileStub
instanceKlass com/intellij/psi/tree/IElementType
instanceKlass com/intellij/psi/tree/ILazyParseableElementTypeBase
instanceKlass com/intellij/psi/stubs/StubSerializer
instanceKlass com/intellij/lang/DependentLanguage
instanceKlass com/intellij/psi/stubs/StubElement
instanceKlass com/intellij/psi/stubs/Stub
instanceKlass org/angular2/lang/metadata/MetadataJsonFileType
instanceKlass org/angularjs/AngularJSFileFactory$1
instanceKlass com/intellij/lang/javascript/parsing/JavaScriptParser
instanceKlass com/intellij/lang/javascript/JavaScriptSupportLoader
instanceKlass com/intellij/lang/javascript/types/JavaScriptDialectFileType
instanceKlass com/intellij/openapi/fileTypes/PlainTextLikeFileType
instanceKlass com/intellij/openapi/options/ExternalizableScheme
instanceKlass org/jetbrains/plugins/sass/SASSBundle
instanceKlass com/intellij/psi/PsiElementVisitor
instanceKlass org/jetbrains/plugins/less/LESSFileType$1
instanceKlass com/intellij/lang/css/CssLanguageProperties
instanceKlass org/jetbrains/plugins/haml/HamlBundle
instanceKlass org/jetbrains/plugins/haml/HAMLFileType$1
instanceKlass com/intellij/openapi/editor/highlighter/EditorHighlighter
instanceKlass com/jetbrains/asp/AspFileType$1
instanceKlass com/intellij/openapi/fileTypes/EditorHighlighterProvider
instanceKlass com/intellij/psi/templateLanguages/TemplateLanguage
instanceKlass com/intellij/openapi/fileTypes/TemplateLanguageFileType
instanceKlass com/intellij/diagram/DiagramFileType
instanceKlass javax/imageio/spi/PartialOrderIterator
instanceKlass javax/imageio/ImageTypeSpecifier
instanceKlass javax/imageio/metadata/IIOMetadataFormat
instanceKlass javax/imageio/ImageWriter
instanceKlass javax/imageio/ImageTranscoder
instanceKlass org/apache/commons/imaging/ImageFormat
instanceKlass org/apache/commons/imaging/common/bytesource/ByteSource
instanceKlass com/twelvemonkeys/lang/Validate
instanceKlass com/twelvemonkeys/imageio/spi/ProviderInfo
instanceKlass javax/imageio/ImageReader
instanceKlass javax/imageio/spi/IIORegistry$1
instanceKlass com/sun/imageio/plugins/jpeg/JPEG
instanceKlass javax/imageio/stream/ImageOutputStream
instanceKlass javax/imageio/spi/DigraphNode
instanceKlass javax/imageio/stream/ImageInputStream
instanceKlass javax/imageio/spi/SubRegistry
instanceKlass javax/imageio/spi/IIOServiceProvider
instanceKlass javax/imageio/spi/RegisterableService
instanceKlass javax/imageio/spi/ServiceRegistry
instanceKlass javax/imageio/ImageIO
instanceKlass com/intellij/codeInsight/editorActions/XmlQuoteHandler
instanceKlass com/intellij/codeInsight/editorActions/QuoteHandler
instanceKlass com/intellij/psi/PsiElement
instanceKlass com/intellij/openapi/util/Iconable
instanceKlass com/intellij/codeInsight/template/impl/editorActions/TypedActionHandlerBase
instanceKlass com/intellij/openapi/editor/actionSystem/TypedActionHandlerEx
instanceKlass com/intellij/openapi/editor/actionSystem/TypedActionHandler
instanceKlass com/intellij/ide/highlighter/DomSupportEnabled
instanceKlass com/intellij/openapi/vcs/changes/patch/PatchFileType
instanceKlass com/intellij/openapi/fileTypes/impl/FileTypeManagerImpl$StandardFileType
instanceKlass com/intellij/openapi/fileTypes/LanguageFileType
instanceKlass com/intellij/openapi/util/KeyedExtensionCollector$$Lambda$381
instanceKlass com/intellij/openapi/fileTypes/SyntaxHighlighter
instanceKlass com/intellij/openapi/fileTypes/SyntaxHighlighterFactory
instanceKlass com/intellij/ultimate/PluginVerifier
instanceKlass com/intellij/ultimate/PluginVerifier
instanceKlass com/intellij/ultimate/PluginVerifier
instanceKlass com/jetbrains/b/b/C
instanceKlass com/jetbrains/b/b/A
instanceKlass com/jetbrains/b/b/ah
instanceKlass com/intellij/ultimate/PluginVerifier
instanceKlass com/intellij/openapi/file/exclude/EnforcedPlainTextFileTypeFactory$2
instanceKlass com/intellij/openapi/file/exclude/EnforcedPlainTextFileTypeManager
instanceKlass com/intellij/ui/LayeredIcon$$Lambda$380
instanceKlass org/intellij/images/ImagesBundle
instanceKlass com/intellij/openapi/fileTypes/UserFileType
instanceKlass com/intellij/openapi/extensions/LoadingOrder$1
instanceKlass com/intellij/openapi/fileTypes/FileTypeFactory
instanceKlass com/intellij/openapi/fileTypes/impl/FileTypeManagerImpl$3
instanceKlass com/intellij/openapi/fileTypes/WildcardFileNameMatcher$PrefixMatcher
instanceKlass com/intellij/openapi/fileTypes/impl/FileTypeManagerImpl$$Lambda$379
instanceKlass com/intellij/openapi/fileTypes/impl/FileTypeManagerImpl$$Lambda$378
instanceKlass com/intellij/openapi/fileTypes/impl/FileTypeManagerImpl$$Lambda$377
instanceKlass com/intellij/openapi/fileTypes/impl/FileTypeManagerImpl$$Lambda$376
instanceKlass com/intellij/openapi/extensions/RequiredElement
instanceKlass com/intellij/openapi/fileTypes/ExactFileNameMatcher
instanceKlass com/intellij/openapi/fileTypes/WildcardFileNameMatcher$SuffixMatcher
instanceKlass com/intellij/openapi/fileTypes/WildcardFileNameMatcher$MaskMatcher
instanceKlass com/intellij/openapi/fileTypes/WildcardFileNameMatcher
instanceKlass com/intellij/openapi/fileTypes/ExtensionFileNameMatcher
instanceKlass org/jetbrains/jps/plugin/JpsPluginManager
instanceKlass org/jetbrains/jps/service/JpsServiceManager$InstanceHolder
instanceKlass org/jetbrains/jps/service/JpsServiceManager
instanceKlass org/jetbrains/jps/model/fileTypes/FileNameMatcherFactory
instanceKlass com/intellij/openapi/fileTypes/impl/FileTypeManagerImpl$2
instanceKlass com/intellij/configurationStore/SchemeExtensionProvider
instanceKlass com/intellij/configurationStore/schemeManager/SchemeListManager
instanceKlass com/intellij/openapi/options/SchemeManager$Companion
instanceKlass com/intellij/openapi/options/SchemeManager
instanceKlass com/intellij/configurationStore/StorageManagerFileWriteRequestor
instanceKlass com/intellij/configurationStore/Scheme_implKt$sha1MessageDigestThreadLocal$1
instanceKlass com/intellij/configurationStore/Scheme_implKt
instanceKlass com/intellij/openapi/options/SchemeManagerFactory$Companion
instanceKlass com/intellij/openapi/options/SchemeManagerFactory
instanceKlass kotlin/collections/ArrayAsCollection
instanceKlass kotlin/collections/IntIterator
instanceKlass kotlin/internal/ProgressionUtilKt
instanceKlass kotlin/ranges/IntRange$Companion
instanceKlass kotlin/ranges/IntProgression$Companion
instanceKlass kotlin/ranges/IntProgression
instanceKlass kotlin/ranges/ClosedRange
instanceKlass kotlin/ranges/RangesKt__RangesJVMKt
instanceKlass com/intellij/util/containers/HashSetQueue$QueueEntry
instanceKlass com/intellij/util/containers/HashSetQueue$PositionalIterator
instanceKlass com/intellij/util/concurrency/BoundedTaskExecutor$$Lambda$375
instanceKlass com/intellij/util/containers/ConcurrentPackedBitsArray
instanceKlass com/intellij/openapi/fileTypes/impl/RemovedMappingTracker
instanceKlass com/intellij/openapi/fileTypes/impl/IgnoredFileCache$1
instanceKlass com/intellij/openapi/fileTypes/impl/IgnoredFileCache
instanceKlass com/intellij/openapi/fileTypes/impl/IgnoredPatternSet
instanceKlass com/intellij/util/text/CharSequenceHashingStrategy
instanceKlass com/intellij/openapi/fileTypes/impl/FileTypeAssocTable
instanceKlass com/intellij/openapi/fileTypes/ex/FileTypeIdentifiableByVirtualFile$$Lambda$374
instanceKlass com/intellij/openapi/fileTypes/ex/FileTypeIdentifiableByVirtualFile
instanceKlass com/intellij/openapi/project/impl/ExcludeRootsCache$1
instanceKlass com/intellij/openapi/project/impl/ExcludeRootsCache
instanceKlass com/intellij/openapi/project/impl/ProjectManagerImpl$1
instanceKlass com/intellij/util/PathUtil
instanceKlass com/intellij/ide/RecentProjectsManagerBase$State$$Lambda$373
instanceKlass com/intellij/ide/RecentProjectsManagerBase$State$$Lambda$372
instanceKlass org/jdom/ImmutableElement$$Lambda$371
instanceKlass com/intellij/ide/ProjectGroup
instanceKlass sun/reflect/generics/tree/TypeVariableSignature
instanceKlass com/intellij/serialization/BaseBeanBinding
instanceKlass com/intellij/ide/RecentProjectsManagerBase$MyAppLifecycleListener
instanceKlass com/intellij/ide/RecentProjectsManagerBase$RecentProjectMetaInfo
instanceKlass com/intellij/configurationStore/MyXmlSerializer$OldBindingProducer
instanceKlass com/intellij/configurationStore/XmlSerializerKt
instanceKlass com/intellij/configurationStore/JdomSerializerImpl
instanceKlass com/intellij/configurationStore/JdomSerializer
instanceKlass com/intellij/configurationStore/XmlSerializer
instanceKlass kotlin/io/CloseableKt
instanceKlass kotlin/Unit
instanceKlass org/jdom/ImmutableSameTypeAttributeList$1
instanceKlass com/intellij/configurationStore/BinaryXmlWriterKt
instanceKlass com/intellij/configurationStore/BinaryXmlWriter
instanceKlass com/intellij/configurationStore/BinaryXmlOutputterKt
instanceKlass net/jpountz/lz4/LZ4FrameOutputStream$BD
instanceKlass net/jpountz/lz4/LZ4FrameOutputStream$FLG
instanceKlass net/jpountz/lz4/LZ4FrameOutputStream$FrameInfo
instanceKlass net/jpountz/xxhash/StreamingXXHash64
instanceKlass net/jpountz/xxhash/StreamingXXHash64JavaUnsafe$Factory
instanceKlass net/jpountz/xxhash/StreamingXXHash64$Factory
instanceKlass net/jpountz/xxhash/XXHash64
instanceKlass net/jpountz/xxhash/StreamingXXHash32
instanceKlass net/jpountz/xxhash/StreamingXXHash32JavaUnsafe$Factory
instanceKlass net/jpountz/xxhash/StreamingXXHash32$Factory
instanceKlass net/jpountz/xxhash/XXHash32
instanceKlass net/jpountz/xxhash/XXHashFactory
instanceKlass net/jpountz/lz4/LZ4Utils$Match
instanceKlass net/jpountz/lz4/LZ4HCJavaUnsafeCompressor$HashTable
instanceKlass net/jpountz/lz4/LZ4SafeDecompressor
instanceKlass net/jpountz/lz4/LZ4FastDecompressor
instanceKlass net/jpountz/lz4/LZ4Compressor
instanceKlass net/jpountz/lz4/LZ4Decompressor
instanceKlass net/jpountz/lz4/LZ4UnknownSizeDecompressor
instanceKlass net/jpountz/lz4/LZ4Factory
instanceKlass com/intellij/configurationStore/StateMapKt
instanceKlass com/intellij/configurationStore/StateMap$getState$prev$1
instanceKlass com/intellij/openapi/util/TextRange
instanceKlass com/intellij/openapi/util/Segment
instanceKlass com/intellij/configurationStore/StorageBaseExKt$createStateGetter$1
instanceKlass com/intellij/ide/RecentProjectsManagerBase$State
instanceKlass com/intellij/ide/RecentProjectsManagerBase$$Lambda$370
instanceKlass com/intellij/ide/RecentProjectIconHelper$Companion
instanceKlass com/intellij/util/io/BaseDataReader$$Lambda$369
instanceKlass com/intellij/ide/RecentProjectIconHelper
instanceKlass com/intellij/execution/process/ProcessWaitFor$$Lambda$367
instanceKlass com/intellij/execution/process/BaseOSProcessHandler$1$$Lambda$368
instanceKlass java/lang/invoke/LambdaForm$DMH
instanceKlass com/intellij/util/io/BaseDataReader$$Lambda$366
instanceKlass com/intellij/ide/RecentProjectsManager
instanceKlass com/intellij/execution/process/ProcessOutputTypes
instanceKlass com/intellij/execution/process/ProcessWaitFor$$Lambda$365
instanceKlass com/intellij/execution/process/ProcessWaitFor
instanceKlass com/intellij/ide/RecentProjectsManagerBase$MyProjectListener
instanceKlass com/intellij/util/Timed$$Lambda$364
instanceKlass com/intellij/util/Timed
instanceKlass com/intellij/execution/CommandLineUtil
instanceKlass com/intellij/openapi/project/ex/ProjectEx
instanceKlass com/intellij/execution/process/ProcessAdapter
instanceKlass com/intellij/util/concurrency/Semaphore
instanceKlass com/intellij/openapi/vfs/impl/BulkVirtualFileListenerAdapter
instanceKlass com/intellij/database/dataSource/srcStorage/DbSrcFileSystem$1
instanceKlass com/intellij/database/dataSource/srcStorage/DbSrcFileSystem$MyDataSourceUpdater
instanceKlass com/intellij/execution/process/ProcessHandler$2
instanceKlass com/intellij/database/dataSource/DataSourceStorage$Listener
instanceKlass com/intellij/util/io/BaseDataReader
instanceKlass com/thoughtworks/xstream/io/xml/XmlFriendlyWriter
instanceKlass com/intellij/execution/process/ProcessListener
instanceKlass com/thoughtworks/xstream/io/AbstractWriter
instanceKlass com/thoughtworks/xstream/io/ExtendedHierarchicalStreamWriter
instanceKlass com/thoughtworks/xstream/io/HierarchicalStreamWriter
instanceKlass java/lang/ProcessImpl$2
instanceKlass java/lang/invoke/LambdaForm$MH
instanceKlass java/lang/invoke/LambdaForm$DMH
instanceKlass java/lang/invoke/LambdaForm$DMH
instanceKlass com/intellij/database/model/DasModel
instanceKlass com/intellij/database/model/CasingProvider
instanceKlass com/thoughtworks/xstream/io/HierarchicalStreamReader
instanceKlass com/thoughtworks/xstream/converters/ErrorReporter
instanceKlass java/lang/ProcessHandleImpl$$Lambda$363
instanceKlass java/lang/invoke/LambdaForm$DMH
instanceKlass java/lang/invoke/LambdaForm$DMH
instanceKlass org/xmlpull/v1/XmlPullParser
instanceKlass java/lang/ProcessHandleImpl$$Lambda$362
instanceKlass java/lang/ProcessHandleImpl
instanceKlass java/lang/ProcessHandle
instanceKlass java/lang/invoke/LambdaForm$MH
instanceKlass java/lang/ProcessImpl$$Lambda$361
instanceKlass java/lang/invoke/LambdaForm$DMH
instanceKlass com/intellij/database/dataSource/srcStorage/DbSrcFileSystem$ItemProcessor
instanceKlass com/intellij/openapi/vfs/HiddenFileSystem
instanceKlass com/intellij/util/LocalTimeCounter
instanceKlass com/intellij/openapi/vfs/ex/temp/TempFileSystem$FSItem
instanceKlass java/lang/ProcessBuilder
instanceKlass com/intellij/openapi/vfs/LocalFileProvider
instanceKlass com/intellij/openapi/vfs/JarCopyingFileSystem
instanceKlass com/intellij/openapi/vfs/impl/local/NativeFileWatcherImpl$$Lambda$360
instanceKlass com/intellij/openapi/vfs/impl/local/NativeFileWatcherImpl$$Lambda$359
instanceKlass com/intellij/openapi/vfs/impl/local/FileWatcher$$Lambda$358
instanceKlass com/intellij/util/io/BaseDataReader$SleepingPolicy$2
instanceKlass com/intellij/util/io/BaseDataReader$SleepingPolicy$1
instanceKlass com/intellij/util/io/BaseDataReader$SleepingPolicy
instanceKlass com/intellij/util/io/BaseOutputReader$Options
instanceKlass com/intellij/execution/TaskExecutor
instanceKlass com/intellij/openapi/vfs/local/PluggableFileWatcher
instanceKlass com/intellij/openapi/vfs/impl/local/FileWatcher$DirtyPaths
instanceKlass com/intellij/openapi/vfs/impl/local/FileWatcher$MyFileWatcherNotificationSink
instanceKlass com/intellij/openapi/vfs/impl/local/CanonicalPathMap
instanceKlass com/intellij/openapi/vfs/local/FileWatcherNotificationSink
instanceKlass com/intellij/openapi/vfs/impl/local/FileWatcher
instanceKlass com/intellij/openapi/vfs/newvfs/ManagingFS$ManagingFSHolder
instanceKlass com/intellij/openapi/vfs/impl/local/LocalFileSystemBase$$Lambda$357
instanceKlass com/intellij/openapi/util/io/FileAttributes
instanceKlass com/intellij/openapi/vfs/VirtualFilePointerCapableFileSystem
instanceKlass com/intellij/openapi/vfs/impl/VirtualFileManagerImpl$LoggingListener
instanceKlass com/intellij/openapi/extensions/AbstractExtensionPointBean
instanceKlass com/intellij/util/KeyedLazyInstance
instanceKlass com/intellij/openapi/extensions/impl/ExtensionsAreaImpl$2
instanceKlass com/intellij/openapi/extensions/impl/ExtensionPointImpl$$Lambda$356
instanceKlass com/intellij/openapi/util/KeyedExtensionCollector$2
instanceKlass com/intellij/openapi/util/KeyedExtensionCollector$1
instanceKlass com/intellij/openapi/extensions/ExtensionPointAvailabilityListener
instanceKlass com/intellij/openapi/extensions/ExtensionPointAndAreaListener
instanceKlass com/intellij/openapi/util/KeyedExtensionCollector
instanceKlass com/intellij/util/ConcurrencyUtil$$Lambda$355
instanceKlass com/intellij/openapi/vfs/newvfs/persistent/FlushingDaemon
instanceKlass com/intellij/openapi/vfs/newvfs/persistent/FSRecords$DbConnection$3
instanceKlass com/intellij/openapi/vfs/newvfs/persistent/FSRecords$$Lambda$354
instanceKlass com/intellij/openapi/util/io/DataInputOutputUtilRt
instanceKlass com/intellij/openapi/vfs/newvfs/persistent/FSRecords$$Lambda$353
instanceKlass com/intellij/openapi/vfs/newvfs/persistent/ContentHashesUtil$ContentHashesDescriptor
instanceKlass com/intellij/util/io/storage/DataTable
instanceKlass com/intellij/util/io/Bits
instanceKlass com/intellij/util/io/OpenChannelsCache$ChannelDescriptor
instanceKlass com/intellij/util/io/Page$Range
instanceKlass com/intellij/util/io/Page$PageLock
instanceKlass com/intellij/util/io/OpenChannelsCache
instanceKlass com/intellij/util/io/RandomAccessDataFile
instanceKlass com/intellij/util/io/storage/RecordIdIterator
instanceKlass com/intellij/util/io/FileChunkKey
instanceKlass com/intellij/util/io/PagePool
instanceKlass com/intellij/util/io/storage/AbstractRecordsTable
instanceKlass com/intellij/util/io/PersistentBTreeEnumerator$1
instanceKlass com/intellij/util/io/IntToIntBtree$BtreePage
instanceKlass com/intellij/util/io/IntToIntBtree$BtreeRootNode
instanceKlass com/intellij/util/io/DifferentSerializableBytesImplyNonEqualityPolicy
instanceKlass com/intellij/util/io/InlineKeyDescriptor
instanceKlass com/intellij/util/io/ReadWriteDirectBufferWrapper$FileContext$1
instanceKlass com/intellij/util/io/ReadWriteDirectBufferWrapper$FileContext
instanceKlass com/intellij/util/io/ByteBufferWrapper
instanceKlass com/intellij/util/io/IOStatistics
instanceKlass com/intellij/util/io/PersistentEnumeratorBase$Version
instanceKlass com/intellij/util/io/Page$$Lambda$352
instanceKlass com/intellij/util/containers/LimitedPool$ObjectFactory
instanceKlass com/intellij/util/containers/LimitedPool
instanceKlass com/intellij/util/io/Page
instanceKlass com/intellij/util/io/ResizeableMappedFile
instanceKlass com/intellij/util/io/IntToIntBtree
instanceKlass com/intellij/util/io/PersistentEnumeratorBase$RecordBufferHandler
instanceKlass com/intellij/util/io/IntToIntBtree$KeyValueProcessor
instanceKlass com/intellij/util/io/IntToIntBtree$BtreeDataStorage
instanceKlass com/intellij/util/io/PersistentEnumeratorBase$CacheKey
instanceKlass com/intellij/util/containers/ShareableKey
instanceKlass com/intellij/util/Processor
instanceKlass com/intellij/util/io/PersistentEnumeratorBase$RecordsProcessor
instanceKlass com/intellij/util/io/PersistentEnumeratorDelegate
instanceKlass com/intellij/util/io/AbstractStringEnumerator
instanceKlass com/intellij/util/io/DataEnumerator
instanceKlass com/intellij/util/io/PagedFileStorage$StorageLock
instanceKlass com/intellij/util/io/PagedFileStorage
instanceKlass com/intellij/util/io/PagedFileStorage$StorageLockContext
instanceKlass com/intellij/openapi/vfs/newvfs/persistent/FSRecords$DbConnection$$Lambda$351
instanceKlass com/intellij/util/ThrowableRunnable
instanceKlass com/intellij/util/io/EnumeratorStringDescriptor
instanceKlass com/intellij/openapi/vfs/newvfs/persistent/VfsDependentEnum
instanceKlass com/intellij/util/io/PersistentEnumeratorBase
instanceKlass com/intellij/util/io/storage/AbstractStorage
instanceKlass com/intellij/openapi/Forceable
instanceKlass com/intellij/util/io/storage/CapacityAllocationPolicy
instanceKlass com/intellij/util/io/KeyDescriptor
instanceKlass com/intellij/openapi/vfs/newvfs/persistent/FSRecords$DbConnection
instanceKlass com/intellij/util/io/DigestUtil
instanceKlass com/intellij/openapi/vfs/newvfs/persistent/ContentHashesUtil
instanceKlass com/intellij/openapi/vfs/newvfs/FileAttribute
instanceKlass com/intellij/openapi/util/ThreadLocalCachedByteArray
instanceKlass com/intellij/util/containers/SLRUMap
instanceKlass com/intellij/util/io/FileAccessorCache
instanceKlass com/intellij/util/io/CompressedAppendableFile
instanceKlass com/intellij/util/io/PersistentHashMapValueStorage$RAReader
instanceKlass com/intellij/util/io/PersistentHashMapValueStorage
instanceKlass com/intellij/openapi/util/ThreadLocalCachedValue
instanceKlass com/intellij/util/io/IOUtil
instanceKlass com/intellij/openapi/util/ThrowableComputable
instanceKlass com/intellij/openapi/vfs/newvfs/persistent/FSRecords
instanceKlass com/intellij/openapi/vfs/newvfs/AsyncEventSupport$1
instanceKlass com/intellij/openapi/vfs/newvfs/AsyncEventSupport
instanceKlass com/intellij/util/messages/impl/MessageBusImpl$$Lambda$350
instanceKlass com/intellij/util/gist/GistManagerImpl$MyBulkFileListener
instanceKlass com/intellij/openapi/util/LowMemoryWatcher$1
instanceKlass com/intellij/openapi/util/LowMemoryWatcher
instanceKlass com/intellij/openapi/vfs/newvfs/persistent/PersistentFSImpl$$Lambda$349
instanceKlass java/lang/invoke/LambdaForm$DMH
instanceKlass com/intellij/openapi/vfs/newvfs/persistent/PersistentFSImpl$$Lambda$348
instanceKlass com/intellij/openapi/vfs/newvfs/impl/VfsData$1
instanceKlass java/util/concurrent/locks/StampedLock$WNode
instanceKlass java/util/concurrent/locks/StampedLock
instanceKlass com/intellij/util/containers/ConcurrentBitSet
instanceKlass com/intellij/openapi/vfs/newvfs/impl/VfsData
instanceKlass com/intellij/concurrency/ConcurrentHashMap$CollectionView
instanceKlass com/intellij/concurrency/ConcurrentHashMap$CounterCell
instanceKlass com/intellij/concurrency/ConcurrentHashMap$1
instanceKlass com/intellij/concurrency/ConcurrentHashMap$Node
instanceKlass com/intellij/concurrency/ConcurrentCollectionFactory
instanceKlass com/intellij/concurrency/JobSchedulerImpl
instanceKlass org/jdom/ImmutableSameTypeAttributeList
instanceKlass com/intellij/application/options/PathMacroExpandableProtocolBean
instanceKlass com/jetbrains/php/tools/quality/phpCSFixer/PhpCSFixerConfiguration
instanceKlass com/jetbrains/php/tools/quality/messDetector/MessDetectorConfiguration
instanceKlass com/jetbrains/php/tools/quality/QualityToolConfigurableForm
instanceKlass com/intellij/openapi/options/SearchableConfigurable
instanceKlass com/jetbrains/php/tools/quality/phpcs/PhpCSConfiguration
instanceKlass com/jetbrains/php/tools/quality/QualityToolConfiguration
instanceKlass com/jetbrains/php/config/interpreters/PhpSdkDependentConfiguration
instanceKlass com/jetbrains/php/phpunit/PhpUnitSettings
instanceKlass com/jetbrains/php/phpspec/PhpSpecBundle
instanceKlass com/jetbrains/php/PhpTestFrameworkVersionDetector
instanceKlass com/jetbrains/php/codeception/CodeceptionBundle
instanceKlass com/jetbrains/php/behat/BehatBundle
instanceKlass com/jetbrains/php/testFramework/PhpTestFrameworkFormDecorator
instanceKlass com/jetbrains/php/PhpBundle
instanceKlass com/jetbrains/php/testFramework/PhpTestDescriptor
instanceKlass com/jetbrains/php/testFramework/PhpTestFrameworkType
instanceKlass com/jetbrains/php/testFramework/PhpTestFrameworkConfiguration
instanceKlass com/jetbrains/php/testFramework/PhpTestFrameworkConfigurationFactory
instanceKlass com/jetbrains/php/tools/quality/QualityToolConfigurationProvider
instanceKlass java/util/regex/CharPredicates$$Lambda$347
instanceKlass com/intellij/util/containers/ContainerUtil$ImmutableMapBuilder
instanceKlass org/jetbrains/jps/model/serialization/PathMacroUtil
instanceKlass com/intellij/configurationStore/statistic/eventLog/FeatureUsageSettingsEventPrinter
instanceKlass com/intellij/configurationStore/statistic/eventLog/FeatureUsageSettingsEvents
instanceKlass com/intellij/configurationStore/DefaultStateSerializerKt
instanceKlass com/intellij/openapi/progress/impl/NonCancelableIndicator
instanceKlass com/intellij/openapi/progress/NonCancelableSection
instanceKlass com/intellij/openapi/components/impl/ServiceManagerImpl$MyComponentAdapter$$Lambda$346
instanceKlass com/intellij/openapi/application/PathMacros
instanceKlass com/intellij/openapi/components/PathMacroMap
instanceKlass com/intellij/openapi/components/impl/stores/FileStorageCoreUtil
instanceKlass com/intellij/configurationStore/StateMap$Companion
instanceKlass com/intellij/configurationStore/StateMap
instanceKlass kotlin/text/Charsets
instanceKlass com/intellij/configurationStore/ApplicationStoreImplKt$appFileBasedStorageConfiguration$1
instanceKlass com/intellij/configurationStore/FileBasedStorageConfiguration
instanceKlass com/intellij/configurationStore/ApplicationStoreImplKt
instanceKlass kotlin/jvm/internal/Ref$ObjectRef
instanceKlass com/intellij/configurationStore/StateGetterImpl
instanceKlass com/intellij/configurationStore/StateGetter
instanceKlass com/intellij/configurationStore/StorageBaseExKt
instanceKlass com/intellij/configurationStore/StateStorageBase
instanceKlass com/intellij/configurationStore/StorageVirtualFileTracker$TrackedStorage
instanceKlass com/intellij/util/PathUtilRt
instanceKlass kotlin/text/CharsKt__CharJVMKt
instanceKlass com/intellij/configurationStore/StorageCreator
instanceKlass com/intellij/openapi/components/StateStorageChooserEx
instanceKlass com/intellij/configurationStore/ComponentSerializationUtil
instanceKlass com/intellij/configurationStore/PersistenceStateAdapter
instanceKlass com/intellij/configurationStore/FileStorageAnnotation
instanceKlass com/intellij/configurationStore/ProjectStoreBaseKt
instanceKlass com/intellij/configurationStore/StateStorageManagerImplKt
instanceKlass kotlin/collections/EmptyList
instanceKlass kotlin/jvm/internal/markers/KMappedMarker
instanceKlass com/intellij/configurationStore/ComponentInfo
instanceKlass com/intellij/openapi/components/PersistentStateComponentWithModificationTracker
instanceKlass com/intellij/configurationStore/ComponentInfoKt
instanceKlass com/intellij/openapi/components/StateSplitterEx
instanceKlass com/intellij/openapi/components/StateSplitter
instanceKlass com/intellij/openapi/components/StateStorage
instanceKlass com/intellij/openapi/components/State$NameGetter
instanceKlass sun/reflect/annotation/AnnotationParser$$Lambda$345
instanceKlass com/intellij/openapi/components/Storage
instanceKlass com/intellij/openapi/components/State
instanceKlass com/intellij/configurationStore/StoreUtilKt
instanceKlass com/intellij/openapi/progress/WrappedProgressIndicator
instanceKlass com/intellij/openapi/progress/impl/CoreProgressManager$$Lambda$344
instanceKlass com/intellij/openapi/progress/util/PingProgress
instanceKlass com/intellij/openapi/progress/impl/CoreProgressManager$$Lambda$343
instanceKlass com/intellij/openapi/application/impl/ApplicationImpl$$Lambda$342
instanceKlass com/intellij/openapi/components/SettingsSavingComponent
instanceKlass com/intellij/configurationStore/SettingsSavingComponent
instanceKlass com/intellij/openapi/extensions/impl/ExtensionPointImpl$$Lambda$341
instanceKlass com/intellij/openapi/progress/impl/ProgressManagerImpl$$Lambda$340
instanceKlass com/intellij/openapi/progress/impl/ProgressManagerImpl$$Lambda$339
instanceKlass com/intellij/openapi/progress/impl/CoreProgressManager$CheckCanceledHook
instanceKlass com/google/common/base/Preconditions
instanceKlass com/google/common/collect/Multiset
instanceKlass com/intellij/util/containers/ConcurrentLongObjectHashMap$CollectionView
instanceKlass com/intellij/util/containers/ConcurrentLongObjectHashMap$Node
instanceKlass com/intellij/util/containers/ConcurrentLongObjectMap$LongEntry
instanceKlass com/intellij/util/containers/ConcurrentLongObjectHashMap
instanceKlass com/intellij/openapi/components/ServiceManager
instanceKlass com/intellij/openapi/application/impl/ApplicationImpl$$Lambda$338
instanceKlass com/intellij/configurationStore/StateStorageManagerImpl$Macro
instanceKlass com/intellij/configurationStore/ComponentStoreImplKt$deprecatedComparator$1
instanceKlass com/intellij/configurationStore/ComponentStoreImplKt
instanceKlass org/jetbrains/settingsRepository/IcsManager$beforeApplicationLoaded$2
instanceKlass com/intellij/openapi/project/impl/ProjectLifecycleListener
instanceKlass org/jetbrains/settingsRepository/IcsManager$beforeApplicationLoaded$1
instanceKlass com/intellij/ide/AppLifecycleListener
instanceKlass com/intellij/configurationStore/StateStorageManager$DefaultImpls
instanceKlass org/jetbrains/settingsRepository/IcsManager$IcsStreamProvider
instanceKlass sun/nio/fs/WindowsLinkSupport
instanceKlass com/intellij/openapi/application/PathManagerEx
instanceKlass kotlin/UnsafeLazyImpl
instanceKlass org/jetbrains/settingsRepository/IcsManagerKt
instanceKlass org/jetbrains/settingsRepository/SyncManager
instanceKlass org/jetbrains/settingsRepository/AutoSyncManager
instanceKlass com/intellij/util/SingleAlarmKt$WhenMappings
instanceKlass com/intellij/util/SingleAlarmKt
instanceKlass org/jetbrains/settingsRepository/IcsManager$commitAlarm$1
instanceKlass org/jetbrains/settingsRepository/git/GitRepositoryService
instanceKlass org/jetbrains/settingsRepository/RepositoryService
instanceKlass org/jetbrains/settingsRepository/IcsSettings
instanceKlass kotlin/collections/MapsKt__MapWithDefaultKt
instanceKlass kotlin/collections/ArraysKt__ArraysJVMKt
instanceKlass com/intellij/ide/a/g/aJ$$Lambda$337
instanceKlass com/jetbrains/ls/responses/AbstractResponse
instanceKlass java/net/URLEncoder
instanceKlass com/jetbrains/b/b/e
instanceKlass kotlin/collections/SetsKt__SetsJVMKt
instanceKlass com/intellij/util/io/PathKt
instanceKlass org/jetbrains/settingsRepository/IcsSettingsKt
instanceKlass com/intellij/openapi/util/ClearableLazyValue
instanceKlass org/jetbrains/settingsRepository/ReadOnlySourceManager
instanceKlass org/jetbrains/settingsRepository/BaseRepositoryManager
instanceKlass org/jetbrains/settingsRepository/RepositoryManager
instanceKlass org/jetbrains/settingsRepository/git/GitRepositoryClient
instanceKlass org/jetbrains/settingsRepository/IcsManager
instanceKlass org/apache/batik/ext/awt/image/SVGComposite$AlphaPreCompositeContext
instanceKlass kotlin/properties/NotNullVar
instanceKlass kotlin/properties/ReadWriteProperty
instanceKlass java/util/concurrent/locks/ReentrantReadWriteLock$Sync$HoldCounter
instanceKlass kotlin/properties/Delegates
instanceKlass kotlin/reflect/KMutableProperty$Setter
instanceKlass org/jetbrains/settingsRepository/IcsApplicationLoadListener
instanceKlass com/sun/beans/finder/InstanceFinder
instanceKlass com/jetbrains/b/b/M
instanceKlass com/intellij/idea/cloudConfig/CloudConfigClientUtil$UserController
instanceKlass com/jetbrains/cloudconfig/auth/AuthProvider
instanceKlass com/intellij/idea/cloudConfig/CloudConfigClientUtil
instanceKlass com/intellij/cloudConfig/CloudConfigManager$LocalChanges
instanceKlass org/apache/xerces/dom/NodeListCache
instanceKlass java/awt/image/ConvolveOp
instanceKlass java/awt/image/RasterOp
instanceKlass java/awt/image/BufferedImageOp
instanceKlass com/intellij/configurationStore/CompoundStreamProvider
instanceKlass com/intellij/configurationStore/StorageVirtualFileTracker
instanceKlass com/intellij/configurationStore/TrackingPathMacroSubstitutorImpl
instanceKlass com/intellij/openapi/components/TrackingPathMacroSubstitutor
instanceKlass com/intellij/configurationStore/TrackingPathMacroSubstitutorImplKt
instanceKlass com/intellij/configurationStore/StateStorageManagerImpl$Companion
instanceKlass com/intellij/configurationStore/StateStorageManagerImpl
instanceKlass com/intellij/configurationStore/StateStorageManager
instanceKlass org/apache/batik/ext/awt/image/rendered/RenderedImageCachableRed
instanceKlass com/intellij/util/containers/FList$1
instanceKlass org/apache/xerces/dom/NamedNodeMapImpl
instanceKlass com/intellij/openapi/application/PathMacroFilter
instanceKlass net/miginfocom/layout/BoundSize
instanceKlass org/picocontainer/defaults/MapFactory
instanceKlass org/apache/xerces/dom/CharacterDataImpl$1
instanceKlass org/picocontainer/defaults/CollectionComponentParameter
instanceKlass org/picocontainer/defaults/BasicComponentParameter
instanceKlass org/picocontainer/Parameter
instanceKlass com/intellij/util/pico/CachingConstructorInjectionComponentAdapter$$Lambda$336
instanceKlass com/intellij/openapi/components/PathMacroManager
instanceKlass com/intellij/openapi/components/PathMacroSubstitutor
instanceKlass com/intellij/util/pico/CachingConstructorInjectionComponentAdapter$$Lambda$335
instanceKlass com/intellij/configurationStore/ComponentStoreImpl
instanceKlass org/apache/xerces/dom/DeepNodeListImpl
instanceKlass net/miginfocom/layout/UnitConverter
instanceKlass net/miginfocom/layout/ContainerWrapper
instanceKlass net/miginfocom/layout/ComponentWrapper
instanceKlass java/beans/SimpleBeanInfo
instanceKlass java/beans/Transient
instanceKlass java/beans/BeanProperty
instanceKlass com/sun/beans/WildcardTypeImpl
instanceKlass com/sun/beans/introspect/PropertyInfo
instanceKlass com/intellij/openapi/progress/ProgressIndicatorProvider
instanceKlass com/sun/beans/introspect/EventSetInfo
instanceKlass com/intellij/openapi/components/impl/stores/IComponentStore
instanceKlass com/intellij/project/ProjectStoreOwner
instanceKlass com/intellij/openapi/components/ServiceKt
instanceKlass sun/reflect/generics/tree/MethodTypeSignature
instanceKlass sun/reflect/generics/tree/Wildcard
instanceKlass sun/reflect/generics/tree/BottomSignature
instanceKlass com/sun/beans/TypeResolver
instanceKlass org/apache/batik/ext/awt/image/renderable/ColorMatrixRable
instanceKlass java/beans/MethodRef
instanceKlass com/sun/beans/introspect/MethodInfo$MethodOrder
instanceKlass com/sun/beans/introspect/MethodInfo
instanceKlass com/sun/beans/util/Cache$Ref
instanceKlass com/sun/beans/util/Cache$CacheEntry
instanceKlass com/sun/beans/util/Cache
instanceKlass com/sun/beans/introspect/ClassInfo
instanceKlass javax/swing/SwingContainer
instanceKlass java/beans/JavaBean
instanceKlass com/sun/beans/finder/ClassFinder
instanceKlass org/apache/xerces/dom/DeferredDocumentImpl$RefCount
instanceKlass com/intellij/cloudConfig/StatusBarInfoManager
instanceKlass java/beans/BeanInfo
instanceKlass java/beans/Introspector$1
instanceKlass jdk/internal/misc/JavaBeansAccess
instanceKlass com/intellij/ide/cloudConfig/CloudConfigProvider
instanceKlass java/beans/FeatureDescriptor
instanceKlass com/intellij/cloudConfig/CloudConfigAppender
instanceKlass com/intellij/psi/codeStyle/CodeStyleSchemes
instanceKlass com/intellij/ide/projectView/impl/ProjectViewSharedSettings
instanceKlass com/intellij/codeInsight/hints/settings/ParameterNameHintsSettings
instanceKlass com/intellij/ide/ui/customization/CustomActionsSchema
instanceKlass com/intellij/codeInsight/CodeInsightSettings
instanceKlass com/intellij/openapi/editor/ex/EditorSettingsExternalizable
instanceKlass com/intellij/codeInsight/template/impl/TemplateSettings
instanceKlass com/intellij/ide/ui/UISettings
instanceKlass org/apache/batik/ext/awt/image/renderable/CompositeRable
instanceKlass com/intellij/ide/GeneralSettings
instanceKlass com/intellij/openapi/editor/colors/EditorColorsManager
instanceKlass com/sun/beans/WeakCache
instanceKlass java/beans/Introspector
instanceKlass com/intellij/cloudConfig/ConfigList
instanceKlass java/beans/WeakIdentityMap
instanceKlass java/beans/ThreadGroupContext
instanceKlass org/apache/batik/ext/awt/image/renderable/GaussianBlurRable
instanceKlass com/intellij/cloudConfig/CloudConfigManager$$Lambda$334
instanceKlass org/apache/commons/compress/archivers/ArchiveEntry
instanceKlass java/beans/Beans
instanceKlass com/intellij/configurationStore/StreamProvider
instanceKlass java/beans/ExceptionListener
instanceKlass net/miginfocom/layout/LayoutUtil
instanceKlass java/beans/PersistenceDelegate
instanceKlass net/miginfocom/layout/UnitValue
instanceKlass org/apache/batik/ext/awt/image/renderable/AffineRable
instanceKlass org/w3c/dom/traversal/TreeWalker
instanceKlass org/w3c/dom/traversal/NodeIterator
instanceKlass com/intellij/ide/plugins/PluginStateListener
instanceKlass com/intellij/ide/FrameStateListener
instanceKlass com/intellij/cloudConfig/CloudConfigManager$ExecuteManager
instanceKlass org/w3c/dom/events/MutationEvent
instanceKlass org/w3c/dom/ranges/Range
instanceKlass com/intellij/cloudConfig/CloudConfigManager
instanceKlass net/miginfocom/layout/PlatformDefaults
instanceKlass org/apache/batik/ext/awt/image/renderable/FilterResRable
instanceKlass org/w3c/dom/ElementTraversal
instanceKlass com/intellij/openapi/application/impl/ApplicationImpl$$Lambda$333
instanceKlass org/w3c/dom/Notation
instanceKlass com/intellij/ide/ApplicationLoadListener
instanceKlass org/w3c/dom/Entity
instanceKlass com/intellij/openapi/application/impl/ApplicationImpl$$Lambda$332
instanceKlass com/intellij/util/EventDispatcher$1
instanceKlass org/apache/xerces/dom/NodeImpl
instanceKlass com/intellij/openapi/util/StaticGetter
instanceKlass com/intellij/util/io/storage/HeavyProcessLatch$HeavyProcessListener
instanceKlass org/w3c/dom/svg/SVGFEColorMatrixElement
instanceKlass com/intellij/util/io/storage/HeavyProcessLatch
instanceKlass com/intellij/openapi/application/ModalityStateListener
instanceKlass com/intellij/openapi/application/impl/LaterInvocator$FlushQueue
instanceKlass org/w3c/dom/ranges/DocumentRange
instanceKlass com/intellij/openapi/application/impl/LaterInvocator
instanceKlass org/apache/xerces/dom/DeferredNode
instanceKlass com/intellij/openapi/progress/EmptyProgressIndicator
instanceKlass com/intellij/openapi/progress/StandardProgressIndicator
instanceKlass org/w3c/dom/svg/SVGFECompositeElement
instanceKlass org/w3c/dom/svg/SVGFEGaussianBlurElement
instanceKlass org/w3c/dom/svg/SVGFEOffsetElement
instanceKlass org/w3c/dom/svg/SVGFilterPrimitiveStandardAttributes
instanceKlass org/apache/xerces/xs/XSSimpleTypeDefinition
instanceKlass org/apache/xerces/xs/XSTypeDefinition
instanceKlass org/apache/xerces/xs/XSObject
instanceKlass org/w3c/dom/svg/SVGFilterElement
instanceKlass javax/xml/parsers/DocumentBuilder
instanceKlass javax/xml/parsers/DocumentBuilderFactory
instanceKlass com/intellij/icons/AllIcons$Ide$Shadow
instanceKlass sun/security/ssl/Alert$AlertConsumer
instanceKlass com/intellij/icons/AllIcons$Process$FS
instanceKlass sun/net/www/http/Hurryable
instanceKlass sun/net/www/HeaderParser
instanceKlass com/intellij/openapi/util/IconLoader$$Lambda$331
instanceKlass com/intellij/icons/AllIcons$Ide
instanceKlass java/util/ImmutableCollections$MapN$MapNIterator
instanceKlass java/lang/invoke/LambdaForm$MH
instanceKlass java/lang/invoke/LambdaForm$DMH
instanceKlass java/lang/invoke/LambdaForm$DMH
instanceKlass com/intellij/idea/IdeaApplication$$Lambda$330
instanceKlass java/lang/invoke/LambdaForm$DMH
instanceKlass sun/font/StrikeCache$DisposableStrike
instanceKlass sun/font/FontStrikeDisposer
instanceKlass sun/java2d/Disposer$PollDisposable
instanceKlass sun/font/CMap
instanceKlass sun/font/FreetypeFontScaler$$Lambda$329
instanceKlass sun/font/FontScaler
instanceKlass sun/font/FileFontStrike$1
instanceKlass sun/font/FontStrikeDesc
instanceKlass sun/java2d/loops/FontInfo
instanceKlass org/jetbrains/plugins/textmate/TextMateApplicationComponent
instanceKlass com/intellij/util/lang/FileLoader$DirEntry
instanceKlass com/intellij/openapi/components/impl/ServiceManagerImpl$MyComponentAdapter
instanceKlass com/intellij/util/pico/DefaultPicoContainer$LazyComponentAdapter
instanceKlass com/intellij/openapi/components/impl/ServiceManagerImpl
instanceKlass com/intellij/icons/AllIcons$Process$Big
instanceKlass org/jetbrains/plugins/phpstorm/PhpStormInitialConfigurator
instanceKlass java/awt/AWTEventMulticaster
instanceKlass java/awt/event/HierarchyBoundsListener
instanceKlass java/awt/event/InputMethodListener
instanceKlass java/awt/event/TextListener
instanceKlass java/awt/event/ItemListener
instanceKlass java/awt/event/FocusListener
instanceKlass java/awt/event/ContainerListener
instanceKlass com/intellij/ide/b/f
instanceKlass com/intellij/util/ui/AnimatedIcon$2
instanceKlass com/intellij/util/ui/update/UiNotifyConnector
instanceKlass java/awt/event/HierarchyListener
instanceKlass com/intellij/util/ui/EmptyIcon$$Lambda$328
instanceKlass com/intellij/codeInsight/editorActions/XmlTagNameSynchronizer
instanceKlass com/intellij/util/ui/JBUI
instanceKlass sun/security/ssl/TransportContext$NotifyHandshake$1
instanceKlass com/intellij/ui/scale/Scaler
instanceKlass com/intellij/openapi/actionSystem/UpdateInBackground
instanceKlass com/intellij/execution/ExecutorRegistry
instanceKlass java/awt/event/KeyListener
instanceKlass sun/net/www/protocol/http/AuthCacheImpl
instanceKlass sun/net/www/protocol/http/AuthCache
instanceKlass com/intellij/codeInsight/preview/ImageOrColorPreviewManager
instanceKlass com/intellij/openapi/editor/event/EditorMouseMotionListener
instanceKlass sun/net/www/protocol/http/AuthCacheValue
instanceKlass sun/net/DefaultProgressMeteringPolicy
instanceKlass sun/net/ProgressMeteringPolicy
instanceKlass sun/net/ProgressMonitor
instanceKlass com/intellij/psi/stubs/ObjectStubSerializer
instanceKlass sun/security/ssl/TransportContext$NotifyHandshake
instanceKlass com/intellij/psi/stubs/SerializationManager
instanceKlass sun/security/ssl/OutputRecord$T13PaddingHolder
instanceKlass com/intellij/tools/BaseToolManager
instanceKlass com/intellij/util/indexing/IdIterator
instanceKlass sun/security/ssl/SSLBasicKeyDerivation$SecretSizeSpec
instanceKlass sun/security/ssl/SSLBasicKeyDerivation
instanceKlass com/intellij/psi/stubs/StubIndexImpl$StubIdListContainerAction
instanceKlass sun/security/ssl/Finished$1
instanceKlass sun/security/ssl/Finished$T13VerifyDataGenerator
instanceKlass sun/security/ssl/Finished$T12VerifyDataGenerator
instanceKlass sun/security/ssl/Finished$T10VerifyDataGenerator
instanceKlass com/intellij/util/io/DataExternalizer
instanceKlass sun/security/ssl/Finished$S30VerifyDataGenerator
instanceKlass sun/security/ssl/Finished$VerifyDataGenerator
instanceKlass com/intellij/util/indexing/impl/InputDataDiffBuilder
instanceKlass sun/security/rsa/MGF1
instanceKlass com/intellij/util/indexing/ValueContainer$ContainerAction
instanceKlass sun/security/ssl/X509Authentication$X509Credentials
instanceKlass com/intellij/psi/stubs/StubIndex
instanceKlass com/intellij/util/indexing/IdFilter
instanceKlass com/intellij/util/indexing/FileContent
instanceKlass com/intellij/util/indexing/IndexedFilesListener
instanceKlass com/intellij/util/indexing/FileBasedIndexImpl$DocumentContent
instanceKlass com/intellij/openapi/project/DumbModeTask
instanceKlass com/intellij/openapi/roots/CollectingContentIterator
instanceKlass com/intellij/openapi/roots/ContentIterator
instanceKlass com/intellij/util/indexing/IndexId
instanceKlass com/intellij/util/indexing/UpdatableIndex
instanceKlass com/intellij/util/indexing/IndexExtension
instanceKlass com/intellij/util/indexing/impl/IndexStorage
instanceKlass com/intellij/util/indexing/InvertedIndex
instanceKlass com/intellij/openapi/vfs/VirtualFileVisitor
instanceKlass com/intellij/util/indexing/FileBasedIndex
instanceKlass com/intellij/vcs/commit/VetoSavingCommittingDocumentsAdapter
instanceKlass gnu/trove/TIntIntProcedure
instanceKlass com/intellij/openapi/keymap/impl/ModifierKeyDoubleClickHandler
instanceKlass com/intellij/openapi/editor/impl/VisibleEditorsTracker
instanceKlass com/intellij/openapi/command/CommandListener
instanceKlass com/intellij/openapi/actionSystem/ex/QuickListsManager$Companion
instanceKlass com/intellij/openapi/actionSystem/ex/QuickListsManager
instanceKlass sun/security/ssl/SSLAlgorithmConstraints$SupportedSignatureAlgorithmConstraints
instanceKlass com/intellij/openapi/ui/playback/PlaybackRunner$StatusCallback
instanceKlass com/intellij/openapi/wm/StatusBarWidget
instanceKlass com/intellij/ide/actionMacro/ActionMacroManager
instanceKlass com/intellij/openapi/util/BusyObject$Impl
instanceKlass com/intellij/openapi/util/BusyObject
instanceKlass sun/security/util/HostnameChecker
instanceKlass com/intellij/ide/FrameStateManager
instanceKlass java/time/temporal/ValueRange
instanceKlass java/time/temporal/TemporalField
instanceKlass com/intellij/ide/SaveAndSyncHandler$Companion
instanceKlass java/time/LocalDate
instanceKlass com/intellij/ide/SaveAndSyncHandler
instanceKlass java/time/chrono/ChronoLocalDate
instanceKlass com/intellij/openapi/actionSystem/impl/MouseGestureManager
instanceKlass javax/swing/event/MouseInputListener
instanceKlass com/intellij/openapi/editor/colors/ColorKey
instanceKlass sun/security/validator/SymantecTLSPolicy
instanceKlass sun/security/validator/CADistrustPolicy$2
instanceKlass com/intellij/openapi/util/registry/RegistryValueListener
instanceKlass com/intellij/ide/IdeTooltip$Ui
instanceKlass java/util/Vector$Itr
instanceKlass com/intellij/ide/IdeTooltipManager
instanceKlass com/intellij/openapi/keymap/KeymapManager
instanceKlass com/intellij/openapi/actionSystem/CompactActionGroup
instanceKlass com/intellij/openapi/actionSystem/ActionStubBase
instanceKlass com/intellij/openapi/actionSystem/ShortcutSet
instanceKlass com/intellij/openapi/actionSystem/ActionToolbar
instanceKlass com/intellij/openapi/actionSystem/ActionPopupMenu
instanceKlass com/intellij/openapi/actionSystem/ActionManager
instanceKlass com/intellij/openapi/actionSystem/DataKey$$Lambda$327
instanceKlass com/intellij/openapi/actionSystem/DataKey
instanceKlass com/intellij/openapi/actionSystem/CommonDataKeys
instanceKlass org/jetbrains/concurrency/Promise
instanceKlass com/intellij/openapi/actionSystem/DataContext
instanceKlass java/security/Timestamp
instanceKlass com/intellij/ide/DataManager
instanceKlass com/intellij/openapi/actionSystem/Toggleable
instanceKlass com/intellij/openapi/wm/IdeFocusManager
instanceKlass com/intellij/openapi/wm/FocusRequestor
instanceKlass com/intellij/util/ui/components/JBComponent
instanceKlass java/awt/event/WindowAdapter
instanceKlass java/awt/event/WindowFocusListener
instanceKlass java/awt/event/WindowStateListener
instanceKlass com/intellij/openapi/components/BaseState
instanceKlass java/awt/event/ComponentListener
instanceKlass com/intellij/openapi/actionSystem/DataProvider
instanceKlass com/intellij/util/ui/accessibility/AccessibleContextAccessor
instanceKlass com/intellij/openapi/wm/ex/IdeFrameEx
instanceKlass com/intellij/openapi/wm/IdeFrame
instanceKlass kotlin/coroutines/Continuation
instanceKlass com/intellij/configurationStore/StoreReloadManagerImpl
instanceKlass com/intellij/configurationStore/StoreReloadManager$Companion
instanceKlass com/intellij/configurationStore/StoreReloadManager
instanceKlass com/intellij/diagnostic/IdeaFreezeReporter
instanceKlass com/intellij/ui/AnchorableComponent
instanceKlass com/intellij/diagnostic/LowMemoryNotifier
instanceKlass com/intellij/ide/customize/WelcomeWizardHelper
instanceKlass org/jetbrains/ide/BuiltInServerManagerImpl$Companion
instanceKlass org/jetbrains/ide/BuiltInServerManager$Companion
instanceKlass org/jetbrains/ide/BuiltInServerManager
instanceKlass com/intellij/internal/performance/LatenciometerListener
instanceKlass com/intellij/openapi/editor/actionSystem/LatencyListener
instanceKlass com/intellij/openapi/editor/event/EditorFactoryListener
instanceKlass com/intellij/openapi/editor/impl/EditorLastActionTrackerImpl
instanceKlass com/intellij/openapi/editor/event/EditorMouseListener
instanceKlass com/intellij/openapi/actionSystem/ex/AnActionListener
instanceKlass com/intellij/ide/plugins/PluginManagerMain$PluginEnabler
instanceKlass com/intellij/openapi/editor/EditorLastActionTracker
instanceKlass com/intellij/diagnostic/DebugLogManager$Companion
instanceKlass com/intellij/diagnostic/DebugLogManager
instanceKlass com/intellij/internal/DebugAttachDetector$$Lambda$326
instanceKlass com/intellij/internal/DebugAttachDetector
instanceKlass com/intellij/ide/SystemHealthMonitor$$Lambda$325
instanceKlass sun/misc/SignalHandler
instanceKlass sun/misc/Signal
instanceKlass com/intellij/notification/impl/NotificationFullContent
instanceKlass com/intellij/openapi/project/DumbAware
instanceKlass com/intellij/ide/SystemHealthMonitor
instanceKlass com/intellij/util/io/HttpRequests$Request
instanceKlass com/intellij/openapi/progress/PerformInBackgroundOption
instanceKlass com/intellij/util/io/RequestBuilder
instanceKlass com/intellij/util/io/HttpRequests
instanceKlass javax/swing/event/RowSorterListener
instanceKlass javax/swing/event/CellEditorListener
instanceKlass javax/swing/event/ListSelectionListener
instanceKlass javax/swing/event/TableColumnModelListener
instanceKlass com/intellij/openapi/options/Configurable
instanceKlass com/intellij/openapi/options/UnnamedConfigurable
instanceKlass javax/swing/event/TableModelListener
instanceKlass com/intellij/util/proxy/NonStaticAuthenticator
instanceKlass com/intellij/util/net/HttpConfigurable
instanceKlass com/intellij/notification/impl/MacEventReader
instanceKlass com/intellij/notification/NotificationListener
instanceKlass com/intellij/ui/ComponentWithExpandableItems
instanceKlass com/intellij/util/ui/ComponentWithEmptyText
instanceKlass com/intellij/notification/EventLog
instanceKlass com/intellij/openapi/util/FoundationLoader
instanceKlass com/intellij/ide/plugins/PluginManagerMain
instanceKlass com/intellij/ide/ClipboardSynchronizer$ClipboardHandler
instanceKlass com/intellij/ide/ClipboardSynchronizer
instanceKlass com/intellij/internal/statistic/persistence/SentUsagesPersistence
instanceKlass com/intellij/ui/BalloonImpl$ActionProvider
instanceKlass com/intellij/ui/BalloonImpl$ShadowBorderProvider
instanceKlass com/intellij/openapi/ui/popup/Balloon
instanceKlass com/intellij/openapi/ui/popup/LightweightWindow
instanceKlass com/intellij/util/ui/PositionTracker$Client
instanceKlass com/intellij/openapi/ui/NullableComponent
instanceKlass javax/swing/text/Caret
instanceKlass com/intellij/ui/components/ZoomableViewport
instanceKlass java/awt/event/AdjustmentListener
instanceKlass com/intellij/ui/components/labels/LinkListener
instanceKlass com/intellij/openapi/ui/popup/JBPopupListener
instanceKlass com/intellij/openapi/actionSystem/AnAction
instanceKlass com/intellij/openapi/project/PossiblyDumbAware
instanceKlass com/intellij/notification/NotificationsManager
instanceKlass com/intellij/notification/impl/NotificationsConfigurationImpl$$Lambda$324
instanceKlass com/intellij/notification/impl/NotificationSettings
instanceKlass com/intellij/notification/NotificationsAdapter
instanceKlass com/intellij/notification/Notifications
instanceKlass com/intellij/util/lang/ClasspathCache$LoaderData
instanceKlass com/intellij/diagnostic/PerformanceWatcher
instanceKlass com/intellij/util/lang/ClasspathCache$LoaderDataBuilder$1
instanceKlass com/intellij/openapi/util/text/StringHash
instanceKlass javax/swing/PopupFactory
instanceKlass com/intellij/util/BloomFilterBase
instanceKlass gnu/trove/TLongHashingStrategy
instanceKlass gnu/trove/TLongProcedure
instanceKlass com/intellij/util/lang/ClasspathCache$LoaderDataBuilder
instanceKlass javax/swing/plaf/metal/MetalTheme
instanceKlass com/intellij/ide/ui/LafManager
instanceKlass com/intellij/util/lang/JarMemoryLoader
instanceKlass com/intellij/openapi/command/undo/DocumentReference
instanceKlass com/intellij/openapi/command/undo/DocumentReferenceManager
instanceKlass com/intellij/openapi/fileEditor/impl/CurrentEditorProvider
instanceKlass com/intellij/util/lang/Resource
instanceKlass com/intellij/openapi/command/undo/UndoableAction
instanceKlass sun/security/validator/EndEntityChecker
instanceKlass com/intellij/openapi/command/undo/UndoManager
instanceKlass com/intellij/history/Label
instanceKlass com/intellij/openapi/vfs/VirtualFileManagerListener
instanceKlass com/intellij/history/core/ChangeListStorage
instanceKlass sun/security/validator/Validator
instanceKlass com/intellij/openapi/util/registry/RegistryKeyDescriptor
instanceKlass com/intellij/internal/statistic/utils/PluginInfo
instanceKlass com/intellij/internal/statistic/utils/PluginInfoDetectorKt
instanceKlass com/intellij/history/integration/ui/models/HistoryDialogModel
instanceKlass com/intellij/history/LocalHistoryAction
instanceKlass com/intellij/openapi/components/BaseComponent
instanceKlass com/intellij/openapi/components/NamedComponent
instanceKlass com/intellij/history/LocalHistory
instanceKlass com/intellij/openapi/editor/ex/EditorEx
instanceKlass com/intellij/openapi/editor/Editor
instanceKlass javax/net/ssl/SSLEngine
instanceKlass com/intellij/openapi/editor/event/EditorEventMulticaster
instanceKlass com/intellij/openapi/editor/ex/DocumentEx
instanceKlass com/intellij/openapi/editor/EditorFactory
instanceKlass com/intellij/openapi/editor/ex/PrioritizedDocumentListener
instanceKlass com/intellij/openapi/vfs/AsyncFileListener$ChangeApplier
instanceKlass com/intellij/openapi/editor/event/DocumentListener
instanceKlass com/intellij/openapi/editor/Document
instanceKlass com/intellij/openapi/vfs/SafeWriteRequestor
instanceKlass sun/security/provider/certpath/CertId
instanceKlass com/intellij/openapi/project/VetoableProjectManagerListener
instanceKlass com/intellij/openapi/vfs/AsyncFileListener
instanceKlass sun/security/provider/certpath/OCSPResponse$SingleResponse
instanceKlass sun/security/provider/certpath/OCSP$RevocationStatus
instanceKlass sun/security/provider/certpath/ResponderId
instanceKlass com/intellij/openapi/fileEditor/FileDocumentManager
instanceKlass com/intellij/openapi/vfs/SavingRequestor
instanceKlass com/intellij/openapi/vfs/impl/VirtualFilePointerManagerImpl$1
instanceKlass com/intellij/openapi/vfs/impl/VirtualFilePointerManagerImpl$$Lambda$323
instanceKlass sun/security/provider/certpath/OCSPResponse
instanceKlass com/intellij/openapi/vfs/pointers/VirtualFilePointerListener
instanceKlass sun/security/ssl/CertStatusExtension$CertStatusResponse
instanceKlass sun/security/ssl/CertStatusExtension$CertStatusResponseSpec
instanceKlass com/intellij/openapi/util/TraceableDisposable
instanceKlass sun/security/ssl/CertificateMessage$CertificateEntry
instanceKlass com/intellij/openapi/vfs/pointers/VirtualFilePointer
instanceKlass com/intellij/openapi/vfs/pointers/VirtualFilePointerContainer
instanceKlass com/intellij/openapi/util/SimpleModificationTracker
instanceKlass sun/security/ssl/ServerNameExtension$SHServerNamesSpec
instanceKlass com/intellij/openapi/options/SchemeProcessor
instanceKlass com/sun/crypto/provider/GHASH
instanceKlass com/intellij/openapi/fileTypes/FileTypeConsumer
instanceKlass com/intellij/openapi/util/io/ByteSequence
instanceKlass com/intellij/openapi/fileTypes/FileTypeListener
instanceKlass com/intellij/openapi/fileTypes/FileTypeManager$$Lambda$322
instanceKlass com/intellij/openapi/fileTypes/FileNameMatcher
instanceKlass com/intellij/openapi/fileTypes/FileTypeRegistry
instanceKlass com/sun/crypto/provider/AESConstants
instanceKlass javax/crypto/spec/GCMParameterSpec
instanceKlass sun/security/ssl/ChangeCipherSpec$T13ChangeCipherSpecConsumer
instanceKlass sun/security/ssl/ChangeCipherSpec$T10ChangeCipherSpecProducer
instanceKlass sun/security/ssl/ChangeCipherSpec$T10ChangeCipherSpecConsumer
instanceKlass com/intellij/openapi/project/Project
instanceKlass sun/security/ssl/ChangeCipherSpec
instanceKlass com/intellij/openapi/extensions/AreaInstance
instanceKlass com/intellij/openapi/project/ProjectManagerListener
instanceKlass com/intellij/openapi/project/ProjectManager
instanceKlass sun/security/ssl/SSLTrafficKeyDerivation$T13TrafficKeyDerivation
instanceKlass org/apache/batik/ext/awt/image/CompositeRule
instanceKlass com/intellij/openapi/vfs/VirtualFileListener
instanceKlass sun/security/ssl/SSLTrafficKeyDerivation$1
instanceKlass java/awt/CompositeContext
instanceKlass sun/security/ssl/SSLTrafficKeyDerivation$T13TrafficKeyDerivationGenerator
instanceKlass org/apache/batik/ext/awt/image/SVGComposite
instanceKlass sun/security/ssl/SSLTrafficKeyDerivation$T12TrafficKeyDerivationGenerator
instanceKlass sun/security/ssl/SSLTrafficKeyDerivation$T10TrafficKeyDerivationGenerator
instanceKlass sun/security/ssl/SSLTrafficKeyDerivation$S30TrafficKeyDerivationGenerator
instanceKlass sun/security/ssl/SSLKeyDerivationGenerator
instanceKlass com/intellij/openapi/vfs/VirtualFileManager$$Lambda$321
instanceKlass java/lang/invoke/LambdaForm$DMH
instanceKlass java/lang/invoke/LambdaForm$DMH
instanceKlass sun/security/ssl/SSLSecretDerivation
instanceKlass com/intellij/openapi/vfs/newvfs/BulkFileListener
instanceKlass sun/security/ssl/HKDF
instanceKlass com/intellij/openapi/vfs/VirtualFileManager
instanceKlass sun/java2d/pipe/ShapeSpanIterator
instanceKlass javax/crypto/KeyAgreementSpi
instanceKlass com/intellij/util/containers/MostlySingularMultiMap
instanceKlass sun/security/ssl/ECDHKeyExchange$ECDHEKAKeyDerivation
instanceKlass sun/security/ssl/SSLKeyDerivation
instanceKlass java/security/spec/ECPublicKeySpec
instanceKlass sun/security/ssl/ECDHKeyExchange$ECDHECredentials
instanceKlass sun/security/ssl/SSLCredentials
instanceKlass sun/security/ssl/KeyShareExtension$SHKeyShareSpec
instanceKlass sun/security/ssl/HandshakeHash$NonCloneableHash
instanceKlass sun/security/ssl/HandshakeHash$T13HandshakeHash
instanceKlass sun/security/ssl/SupportedVersionsExtension$SHSupportedVersionsSpec
instanceKlass sun/java2d/pipe/SpanIterator
instanceKlass sun/security/ssl/TransportContext$1
instanceKlass sun/security/ssl/Plaintext
instanceKlass com/intellij/openapi/vfs/newvfs/events/ChildInfo
instanceKlass com/intellij/openapi/vfs/VirtualFileWithId
instanceKlass com/intellij/openapi/vfs/encoding/EncodingRegistry
instanceKlass kotlin/annotation/Target
instanceKlass org/w3c/dom/svg/SVGRectElement
instanceKlass kotlin/annotation/Retention
instanceKlass kotlin/Metadata
instanceKlass com/intellij/openapi/vfs/newvfs/events/VFileEvent
instanceKlass kotlin/collections/CollectionsKt__CollectionsJVMKt
instanceKlass com/intellij/openapi/vfs/VirtualFileSystem
instanceKlass com/intellij/openapi/vfs/newvfs/CachingVirtualFileSystem
instanceKlass com/intellij/openapi/vfs/newvfs/ManagingFS
instanceKlass com/intellij/openapi/vfs/newvfs/FileSystemInterface
instanceKlass com/intellij/ui/AnimatedIcon$1
instanceKlass com/intellij/ui/AnimatedIcon$Frame
instanceKlass com/intellij/openapi/util/registry/RegistryState
instanceKlass com/intellij/icons/AllIcons
instanceKlass com/intellij/icons/AllIcons$Process
instanceKlass com/intellij/openapi/util/registry/RegistryKeyBean$Companion
instanceKlass com/intellij/ui/AnimatedIcon
instanceKlass com/intellij/openapi/util/registry/RegistryKeyBean
instanceKlass org/picocontainer/defaults/CyclicDependencyGuard
instanceKlass com/intellij/openapi/util/SystemPropertyBean
instanceKlass com/intellij/util/ui/Animator
instanceKlass com/intellij/idea/IdeaApplication$$Lambda$320
instanceKlass com/intellij/idea/IdeaApplication$$Lambda$319
instanceKlass com/intellij/openapi/application/impl/ApplicationImpl$1
instanceKlass com/intellij/idea/IdeaApplication$$Lambda$318
instanceKlass com/intellij/openapi/application/impl/NoSwingUnderWriteAction$1
instanceKlass com/intellij/ide/IdeEventQueue$$Lambda$317
instanceKlass com/intellij/openapi/application/impl/NoSwingUnderWriteAction$$Lambda$316
instanceKlass com/intellij/openapi/application/impl/NoSwingUnderWriteAction
instanceKlass com/intellij/openapi/application/impl/ReadMostlyRWLock$$Lambda$315
instanceKlass com/intellij/openapi/application/impl/ReadMostlyRWLock$Reader
instanceKlass com/intellij/openapi/application/impl/ApplicationImpl$$Lambda$314
instanceKlass com/intellij/util/ui/UIUtil$$Lambda$313
instanceKlass com/intellij/openapi/application/impl/ApplicationImpl$$Lambda$312
instanceKlass com/intellij/openapi/util/Computable
instanceKlass com/intellij/openapi/application/impl/ReadMostlyRWLock
instanceKlass com/intellij/openapi/util/Disposer$KeyDisposable
instanceKlass com/intellij/openapi/application/impl/AWTExceptionHandler
instanceKlass com/intellij/util/ReflectionUtil$$Lambda$311
instanceKlass com/intellij/openapi/application/ApplicationManager$1
instanceKlass com/intellij/util/containers/UnsafeWeakList$$Lambda$310
instanceKlass com/intellij/util/containers/UnsafeWeakList$$Lambda$309
instanceKlass com/intellij/openapi/application/CachedSingletonsRegistry
instanceKlass com/intellij/openapi/application/TransactionId
instanceKlass com/intellij/openapi/application/TransactionGuard
instanceKlass com/intellij/openapi/application/impl/ModalityInvokatorImpl
instanceKlass org/picocontainer/defaults/MonitoringComponentAdapter
instanceKlass org/picocontainer/LifecycleManager
instanceKlass com/intellij/openapi/components/impl/ComponentManagerImpl$$Lambda$308
instanceKlass com/intellij/util/messages/impl/MessageDeliveryListener
instanceKlass java/lang/invoke/LambdaForm$DMH
instanceKlass com/intellij/util/messages/Topic
instanceKlass com/intellij/openapi/util/objectTree/ObjectNode
instanceKlass com/intellij/util/SmartFMap
instanceKlass com/intellij/util/messages/impl/MessageBusConnectionImpl
instanceKlass com/intellij/openapi/util/Disposer$2
instanceKlass com/intellij/openapi/util/Disposer$1
instanceKlass com/intellij/openapi/util/objectTree/ObjectTree
instanceKlass com/intellij/openapi/util/objectTree/ObjectTreeAction
instanceKlass com/intellij/openapi/util/Disposer
instanceKlass com/intellij/util/messages/impl/MessageBusImpl$$Lambda$307
instanceKlass com/intellij/util/messages/impl/MessageBusImpl$$Lambda$306
instanceKlass com/intellij/util/messages/MessageBusConnection
instanceKlass com/intellij/util/messages/impl/MessageBusImpl
instanceKlass com/intellij/util/messages/MessageBus
instanceKlass com/intellij/util/messages/MessageBusFactory$Impl$1
instanceKlass com/intellij/util/messages/MessageBusFactory$Impl
instanceKlass com/intellij/util/messages/MessageBusFactory
instanceKlass com/intellij/openapi/components/impl/ComponentManagerImpl$$Lambda$305
instanceKlass com/intellij/util/keyFMap/EmptyFMap
instanceKlass com/intellij/openapi/wm/WindowManager
instanceKlass com/intellij/idea/IdeaApplication$IdeStarter
instanceKlass com/intellij/psi/search/ProjectAwareFileFilter
instanceKlass com/intellij/openapi/vfs/VirtualFileFilter
instanceKlass com/intellij/psi/search/SearchScope
instanceKlass com/intellij/conversion/ConversionListener
instanceKlass com/intellij/dupLocator/util/DuplocateMain
instanceKlass com/intellij/formatting/commandLine/FormatterStarter
instanceKlass com/intellij/ide/ui/search/TraverseUIStarter
instanceKlass com/intellij/codeInspection/InspectionToolCmdlineOptionHelpProvider
instanceKlass com/intellij/codeInspection/InspectionMain
instanceKlass com/intellij/ide/plugins/BundledPluginsLister
instanceKlass com/intellij/help/impl/ShowProductVersion
instanceKlass com/intellij/help/impl/InspectionDump
instanceKlass javax/xml/transform/Source
instanceKlass javax/xml/transform/Result
instanceKlass com/intellij/help/impl/IntentionDump
instanceKlass com/intellij/help/impl/KeymapGenerator
instanceKlass com/intellij/openapi/command/impl/UpdatePluginsApp
instanceKlass com/intellij/ide/a/g/aI$$Lambda$304
instanceKlass com/intellij/diff/chains/DiffRequestChain
instanceKlass java/time/Duration
instanceKlass com/intellij/diff/requests/DiffRequest
instanceKlass java/time/temporal/TemporalAmount
instanceKlass java/time/temporal/TemporalUnit
instanceKlass java/util/concurrent/TimeUnit$1
instanceKlass com/intellij/ide/a/g/an$$Lambda$303
instanceKlass com/intellij/openapi/util/ModificationTracker
instanceKlass com/intellij/util/ReflectionUtil$$Lambda$302
instanceKlass com/intellij/openapi/fileTypes/FileType
instanceKlass com/intellij/openapi/options/Scheme
instanceKlass com/intellij/ide/IdeEventQueue$SequencedEventNestedFieldHolder
instanceKlass com/intellij/util/containers/LockFreeCopyOnWriteArrayList$COWIterator
instanceKlass com/intellij/util/containers/DisposableWrapperList$DisposableWrapperListIterator
instanceKlass com/intellij/ide/a/e/H
instanceKlass com/intellij/notification/Notification
instanceKlass com/intellij/openapi/application/ApplicationStarterBase
instanceKlass com/intellij/ide/a/e/E
instanceKlass com/intellij/openapi/extensions/impl/ExtensionPointImpl$1
instanceKlass com/intellij/ide/a/g/r$$Lambda$301
instanceKlass com/intellij/ide/plugins/PluginManagerCore$3
instanceKlass sun/security/ssl/KeyShareExtension$CHKeyShareSpec
instanceKlass sun/security/ssl/KeyShareExtension$KeyShareEntry
instanceKlass java/security/KeyPair
instanceKlass java/security/interfaces/ECPrivateKey
instanceKlass sun/security/ssl/ECDHKeyExchange$ECDHEPossession
instanceKlass sun/security/ssl/SSLPossession
instanceKlass sun/security/ssl/ECDHKeyExchange$ECDHKAGenerator
instanceKlass sun/security/ssl/ECDHKeyExchange$ECDHEKAGenerator
instanceKlass sun/security/ssl/ECDHKeyExchange$ECDHEPossessionGenerator
instanceKlass sun/security/ssl/ECDHKeyExchange
instanceKlass sun/security/ssl/DHKeyExchange$DHEKAGenerator
instanceKlass sun/security/ssl/DHKeyExchange$DHEPossessionGenerator
instanceKlass sun/security/ssl/DHKeyExchange
instanceKlass sun/security/ssl/RSAKeyExchange$RSAKAGenerator
instanceKlass sun/security/ssl/RSAKeyExchange$EphemeralRSAPossessionGenerator
instanceKlass sun/security/ssl/RSAKeyExchange
instanceKlass sun/security/ssl/SSLKeyExchange$T13KeyAgreement
instanceKlass sun/security/ssl/SSLKeyAgreement
instanceKlass sun/security/ssl/SSLPossessionGenerator
instanceKlass sun/security/ssl/SSLKeyExchange
instanceKlass sun/security/ssl/SSLHandshakeBinding
instanceKlass sun/security/ssl/SSLKeyAgreementGenerator
instanceKlass sun/security/ssl/PskKeyExchangeModesExtension$PskKeyExchangeModesSpec
instanceKlass sun/security/ssl/SupportedVersionsExtension$CHSupportedVersionsSpec
instanceKlass sun/security/ssl/ExtendedMasterSecretExtension$ExtendedMasterSecretSpec
instanceKlass sun/security/ssl/CertStatusExtension$CertStatusRequestV2Spec
instanceKlass sun/security/ssl/SignatureAlgorithmsExtension$SignatureSchemesSpec
instanceKlass java/security/spec/MGF1ParameterSpec
instanceKlass java/security/spec/PSSParameterSpec
instanceKlass com/sun/security/sasl/Provider$1
instanceKlass sun/security/provider/certpath/ldap/JdkLDAP$1
instanceKlass sun/security/ssl/ECPointFormatsExtension$ECPointFormatsSpec
instanceKlass sun/security/ssl/SupportedGroupsExtension$SupportedGroupsSpec
instanceKlass com/intellij/openapi/extensions/LoadingOrder
instanceKlass sun/security/ssl/CertStatusExtension$CertStatusRequest
instanceKlass sun/security/ssl/CertStatusExtension$CertStatusRequestSpec
instanceKlass sun/security/ssl/ServerNameExtension$CHServerNamesSpec
instanceKlass sun/security/ssl/SSLExtension$SSLExtensionSpec
instanceKlass sun/security/ssl/SSLExtension$ClientExtensions
instanceKlass sun/security/ssl/PreSharedKeyExtension$SHPreSharedKeyStringizer
instanceKlass sun/security/ssl/PreSharedKeyExtension$SHPreSharedKeyAbsence
instanceKlass sun/security/ssl/PreSharedKeyExtension$SHPreSharedKeyConsumer
instanceKlass sun/security/ssl/PreSharedKeyExtension$SHPreSharedKeyProducer
instanceKlass sun/security/ssl/PreSharedKeyExtension$CHPreSharedKeyStringizer
instanceKlass sun/security/ssl/PreSharedKeyExtension$CHPreSharedKeyUpdate
instanceKlass sun/security/ssl/PreSharedKeyExtension$CHPreSharedKeyAbsence
instanceKlass sun/security/ssl/PreSharedKeyExtension$CHPreSharedKeyConsumer
instanceKlass sun/security/ssl/PreSharedKeyExtension$CHPreSharedKeyProducer
instanceKlass sun/security/ssl/PreSharedKeyExtension
instanceKlass sun/security/ssl/RenegoInfoExtension$RenegotiationInfoStringizer
instanceKlass sun/security/ssl/RenegoInfoExtension$SHRenegotiationInfoAbsence
instanceKlass sun/security/ssl/RenegoInfoExtension$SHRenegotiationInfoConsumer
instanceKlass sun/security/ssl/RenegoInfoExtension$SHRenegotiationInfoProducer
instanceKlass sun/security/ssl/RenegoInfoExtension$CHRenegotiationInfoAbsence
instanceKlass sun/security/ssl/RenegoInfoExtension$CHRenegotiationInfoConsumer
instanceKlass sun/security/ssl/RenegoInfoExtension$CHRenegotiationInfoProducer
instanceKlass sun/security/ssl/RenegoInfoExtension
instanceKlass sun/security/ssl/KeyShareExtension$HRRKeyShareStringizer
instanceKlass sun/security/ssl/KeyShareExtension$HRRKeyShareReproducer
instanceKlass sun/security/ssl/KeyShareExtension$HRRKeyShareConsumer
instanceKlass sun/security/ssl/KeyShareExtension$HRRKeyShareProducer
instanceKlass sun/security/ssl/KeyShareExtension$SHKeyShareStringizer
instanceKlass sun/security/ssl/KeyShareExtension$SHKeyShareAbsence
instanceKlass sun/security/ssl/KeyShareExtension$SHKeyShareConsumer
instanceKlass sun/security/ssl/KeyShareExtension$SHKeyShareProducer
instanceKlass sun/security/ssl/KeyShareExtension$CHKeyShareStringizer
instanceKlass sun/security/ssl/KeyShareExtension$CHKeyShareConsumer
instanceKlass sun/security/ssl/KeyShareExtension$CHKeyShareProducer
instanceKlass sun/security/ssl/KeyShareExtension
instanceKlass sun/security/ssl/PskKeyExchangeModesExtension$PskKeyExchangeModesStringizer
instanceKlass sun/security/ssl/PskKeyExchangeModesExtension$PskKeyExchangeModesOnTradeAbsence
instanceKlass sun/security/ssl/PskKeyExchangeModesExtension$PskKeyExchangeModesOnLoadAbsence
instanceKlass sun/security/ssl/PskKeyExchangeModesExtension$PskKeyExchangeModesConsumer
instanceKlass sun/security/ssl/PskKeyExchangeModesExtension$PskKeyExchangeModesProducer
instanceKlass sun/security/ssl/PskKeyExchangeModesExtension
instanceKlass sun/security/ssl/CookieExtension$CookieStringizer
instanceKlass sun/security/ssl/CookieExtension$HRRCookieReproducer
instanceKlass sun/security/ssl/CookieExtension$HRRCookieConsumer
instanceKlass sun/security/ssl/CookieExtension$HRRCookieProducer
instanceKlass sun/security/ssl/CookieExtension$CHCookieUpdate
instanceKlass sun/security/ssl/CookieExtension$CHCookieConsumer
instanceKlass sun/security/ssl/CookieExtension$CHCookieProducer
instanceKlass sun/security/ssl/CookieExtension
instanceKlass sun/security/ssl/SupportedVersionsExtension$HRRSupportedVersionsReproducer
instanceKlass sun/security/ssl/SupportedVersionsExtension$HRRSupportedVersionsConsumer
instanceKlass sun/security/ssl/SupportedVersionsExtension$HRRSupportedVersionsProducer
instanceKlass sun/security/ssl/SupportedVersionsExtension$SHSupportedVersionsStringizer
instanceKlass sun/security/ssl/SupportedVersionsExtension$SHSupportedVersionsConsumer
instanceKlass sun/security/ssl/SupportedVersionsExtension$SHSupportedVersionsProducer
instanceKlass sun/security/ssl/SupportedVersionsExtension$CHSupportedVersionsStringizer
instanceKlass sun/security/ssl/SupportedVersionsExtension$CHSupportedVersionsConsumer
instanceKlass sun/security/ssl/SupportedVersionsExtension$CHSupportedVersionsProducer
instanceKlass sun/security/ssl/SupportedVersionsExtension
instanceKlass sun/security/ssl/ExtendedMasterSecretExtension$ExtendedMasterSecretStringizer
instanceKlass sun/security/ssl/ExtendedMasterSecretExtension$SHExtendedMasterSecretAbsence
instanceKlass sun/security/ssl/ExtendedMasterSecretExtension$SHExtendedMasterSecretConsumer
instanceKlass sun/security/ssl/ExtendedMasterSecretExtension$SHExtendedMasterSecretProducer
instanceKlass sun/security/ssl/ExtendedMasterSecretExtension$CHExtendedMasterSecretAbsence
instanceKlass sun/security/ssl/ExtendedMasterSecretExtension$CHExtendedMasterSecretConsumer
instanceKlass sun/security/ssl/ExtendedMasterSecretExtension$CHExtendedMasterSecretProducer
instanceKlass sun/security/ssl/ExtendedMasterSecretExtension
instanceKlass sun/security/ssl/AlpnExtension$AlpnStringizer
instanceKlass sun/security/ssl/AlpnExtension$SHAlpnAbsence
instanceKlass sun/security/ssl/AlpnExtension$SHAlpnConsumer
instanceKlass sun/security/ssl/AlpnExtension$SHAlpnProducer
instanceKlass sun/security/ssl/AlpnExtension$CHAlpnAbsence
instanceKlass sun/security/ssl/AlpnExtension$CHAlpnConsumer
instanceKlass sun/security/ssl/AlpnExtension$CHAlpnProducer
instanceKlass sun/security/ssl/AlpnExtension
instanceKlass sun/security/ssl/CertSignAlgsExtension$CertSignatureSchemesStringizer
instanceKlass sun/security/ssl/CertSignAlgsExtension$CRCertSignatureSchemesUpdate
instanceKlass sun/security/ssl/CertSignAlgsExtension$CRCertSignatureSchemesConsumer
instanceKlass sun/security/ssl/CertSignAlgsExtension$CRCertSignatureSchemesProducer
instanceKlass sun/security/ssl/CertSignAlgsExtension$CHCertSignatureSchemesUpdate
instanceKlass sun/security/ssl/CertSignAlgsExtension$CHCertSignatureSchemesConsumer
instanceKlass sun/security/ssl/CertSignAlgsExtension$CHCertSignatureSchemesProducer
instanceKlass sun/security/ssl/CertSignAlgsExtension
instanceKlass sun/security/ssl/SignatureAlgorithmsExtension$SignatureSchemesStringizer
instanceKlass sun/security/ssl/SignatureAlgorithmsExtension$CRSignatureSchemesUpdate
instanceKlass sun/security/ssl/SignatureAlgorithmsExtension$CRSignatureSchemesAbsence
instanceKlass sun/security/ssl/SignatureAlgorithmsExtension$CRSignatureSchemesConsumer
instanceKlass sun/security/ssl/SignatureAlgorithmsExtension$CRSignatureSchemesProducer
instanceKlass sun/security/ssl/SignatureAlgorithmsExtension$CHSignatureSchemesOnTradeAbsence
instanceKlass sun/security/ssl/SignatureAlgorithmsExtension$CHSignatureSchemesUpdate
instanceKlass sun/security/ssl/SignatureAlgorithmsExtension$CHSignatureSchemesOnLoadAbsence
instanceKlass sun/security/ssl/SignatureAlgorithmsExtension$CHSignatureSchemesConsumer
instanceKlass sun/security/ssl/SignatureAlgorithmsExtension$CHSignatureSchemesProducer
instanceKlass sun/security/ssl/SignatureAlgorithmsExtension
instanceKlass sun/security/ssl/ECPointFormatsExtension$ECPointFormatsStringizer
instanceKlass sun/security/ssl/ECPointFormatsExtension$SHECPointFormatsConsumer
instanceKlass sun/security/ssl/ECPointFormatsExtension$CHECPointFormatsConsumer
instanceKlass sun/security/ssl/ECPointFormatsExtension$CHECPointFormatsProducer
instanceKlass sun/security/ssl/ECPointFormatsExtension
instanceKlass sun/security/ssl/SupportedGroupsExtension$EESupportedGroupsConsumer
instanceKlass sun/security/ssl/SupportedGroupsExtension$SupportedGroupsStringizer
instanceKlass sun/security/ssl/SupportedGroupsExtension$CHSupportedGroupsConsumer
instanceKlass sun/security/ssl/SupportedGroupsExtension
instanceKlass sun/security/ssl/CertStatusExtension$CertStatusRespStringizer
instanceKlass sun/security/ssl/CertStatusExtension$CertStatusRequestsStringizer
instanceKlass sun/security/ssl/CertStatusExtension$SHCertStatusReqV2Consumer
instanceKlass sun/security/ssl/CertStatusExtension$SHCertStatusReqV2Producer
instanceKlass sun/security/ssl/CertStatusExtension$CHCertStatusReqV2Consumer
instanceKlass sun/security/ssl/CertStatusExtension$CHCertStatusReqV2Producer
instanceKlass sun/security/ssl/CertStatusExtension$CertStatusRequestStringizer
instanceKlass sun/security/ssl/CertStatusExtension$CTCertStatusResponseConsumer
instanceKlass sun/security/ssl/CertStatusExtension$CTCertStatusResponseProducer
instanceKlass sun/security/ssl/CertStatusExtension$SHCertStatusReqConsumer
instanceKlass sun/security/ssl/CertStatusExtension$SHCertStatusReqProducer
instanceKlass sun/security/ssl/CertStatusExtension$CHCertStatusReqConsumer
instanceKlass sun/security/ssl/CertStatusExtension$CHCertStatusReqProducer
instanceKlass sun/security/ssl/CertStatusExtension
instanceKlass sun/security/ssl/MaxFragExtension$MaxFragLenStringizer
instanceKlass sun/security/ssl/MaxFragExtension$EEMaxFragmentLengthUpdate
instanceKlass sun/security/ssl/MaxFragExtension$EEMaxFragmentLengthConsumer
instanceKlass sun/security/ssl/MaxFragExtension$EEMaxFragmentLengthProducer
instanceKlass sun/security/ssl/MaxFragExtension$SHMaxFragmentLengthUpdate
instanceKlass sun/security/ssl/MaxFragExtension$SHMaxFragmentLengthConsumer
instanceKlass sun/security/ssl/MaxFragExtension$SHMaxFragmentLengthProducer
instanceKlass sun/security/ssl/MaxFragExtension$CHMaxFragmentLengthConsumer
instanceKlass sun/security/ssl/MaxFragExtension$CHMaxFragmentLengthProducer
instanceKlass sun/security/ssl/MaxFragExtension
instanceKlass sun/security/ssl/ServerNameExtension$EEServerNameConsumer
instanceKlass sun/security/ssl/ServerNameExtension$EEServerNameProducer
instanceKlass sun/security/ssl/ServerNameExtension$SHServerNamesStringizer
instanceKlass sun/security/ssl/ServerNameExtension$SHServerNameConsumer
instanceKlass sun/security/ssl/ServerNameExtension$SHServerNameProducer
instanceKlass sun/security/ssl/ServerNameExtension$CHServerNamesStringizer
instanceKlass sun/security/ssl/ServerNameExtension$CHServerNameConsumer
instanceKlass sun/security/ssl/SSLExtension$ExtensionConsumer
instanceKlass sun/security/ssl/ServerNameExtension$CHServerNameProducer
instanceKlass sun/security/ssl/ServerNameExtension
instanceKlass sun/security/ssl/SSLStringizer
instanceKlass sun/security/ssl/SSLExtensions
instanceKlass sun/security/ssl/SSLHandshake$HandshakeMessage
instanceKlass sun/security/ssl/RandomCookie
instanceKlass javax/crypto/spec/DHParameterSpec
instanceKlass sun/security/ssl/PredefinedDHParameterSpecs$1
instanceKlass sun/security/ssl/PredefinedDHParameterSpecs
instanceKlass sun/security/ssl/SupportedGroupsExtension$1
instanceKlass sun/security/ssl/SupportedGroupsExtension$SupportedGroups
instanceKlass sun/security/ssl/HandshakeContext
instanceKlass sun/security/ssl/SSLConfiguration$1
instanceKlass javax/net/ssl/SSLParameters
instanceKlass sun/net/www/protocol/http/AuthenticatorKeys
instanceKlass java/net/Socket$3
instanceKlass java/net/Socket$2
instanceKlass sun/text/normalizer/UCharacterProperty$IsAcceptable
instanceKlass sun/text/normalizer/UCharacterProperty$IntProperty
instanceKlass sun/text/normalizer/UCharacterProperty
instanceKlass sun/text/normalizer/UCharacter
instanceKlass sun/text/normalizer/Trie
instanceKlass sun/net/idn/StringPrep$StringPrepTrieImpl
instanceKlass sun/text/normalizer/Trie$DataManipulate
instanceKlass sun/net/idn/StringPrepDataReader
instanceKlass sun/net/idn/StringPrep
instanceKlass java/net/IDN
instanceKlass javax/net/ssl/SNIServerName
instanceKlass com/intellij/ide/plugins/PluginManagerCore$$Lambda$300
instanceKlass java/lang/invoke/LambdaForm$MH
instanceKlass java/lang/invoke/LambdaForm$DMH
instanceKlass com/intellij/ide/plugins/PluginManagerCore$$Lambda$299
instanceKlass java/lang/invoke/LambdaForm$DMH
instanceKlass com/intellij/ide/plugins/PluginManagerCore$$Lambda$298
instanceKlass java/lang/invoke/LambdaForm$DMH
instanceKlass com/intellij/util/lang/ClassLoadingLocks
instanceKlass com/intellij/util/lang/IntObjectHashMap
instanceKlass com/intellij/util/lang/ClasspathCache
instanceKlass com/intellij/util/lang/ClasspathCache$LoaderIterator
instanceKlass com/intellij/util/lang/Loader
instanceKlass com/intellij/util/lang/ClassPath
instanceKlass com/intellij/util/lang/UrlClassLoader$1
instanceKlass com/intellij/util/lang/UrlClassLoader$Builder
instanceKlass com/intellij/ide/plugins/cl/PluginClassLoader$8
instanceKlass com/intellij/ide/plugins/cl/PluginClassLoader$6
instanceKlass com/intellij/ide/plugins/cl/PluginClassLoader$4
instanceKlass com/intellij/ide/plugins/cl/PluginClassLoader$2
instanceKlass com/intellij/ide/plugins/cl/PluginClassLoader$ActionWithClassloader
instanceKlass com/intellij/ide/plugins/cl/PluginClassLoader$ActionWithPluginClassLoader
instanceKlass com/intellij/util/lang/UrlClassLoader$CachePool
instanceKlass sun/nio/fs/WindowsUriSupport
instanceKlass java/util/ArrayList$SubList$1
instanceKlass gnu/trove/TIntHashingStrategy
instanceKlass com/intellij/util/execution/ParametersListUtil$$Lambda$297
instanceKlass com/intellij/util/execution/ParametersListUtil$$Lambda$296
instanceKlass com/intellij/util/execution/ParametersListUtil$$Lambda$295
instanceKlass com/intellij/util/execution/ParametersListUtil$$Lambda$294
instanceKlass com/intellij/util/execution/ParametersListUtil
instanceKlass com/intellij/util/containers/ImmutableList$Itr
instanceKlass com/intellij/ide/plugins/PluginManagerCore$$Lambda$293
instanceKlass java/util/concurrent/ForkJoinPool$ManagedBlocker
instanceKlass com/intellij/ui/CoreIconManager
instanceKlass com/intellij/ui/icons/RowIcon
instanceKlass com/intellij/ui/icons/CompositeIcon
instanceKlass com/intellij/ui/DummyIconManager
instanceKlass com/intellij/ui/IconManagerHelper
instanceKlass com/intellij/ui/IconManager
instanceKlass com/intellij/ide/IdeEventQueue$$Lambda$292
instanceKlass com/intellij/ide/IdeEventQueue$$Lambda$291
instanceKlass com/intellij/ide/IdeEventQueue$$Lambda$290
instanceKlass com/intellij/openapi/keymap/impl/DumbModeWarningListener
instanceKlass com/intellij/ide/IdeEventQueue$EditingCanceller
instanceKlass com/intellij/ide/IdeEventQueue$WindowsUpMaximizer
instanceKlass com/intellij/ide/IdeEventQueue$WindowsAltSuppressor
instanceKlass com/intellij/ide/IdeEventQueue$$Lambda$289
instanceKlass com/intellij/ide/IdeKeyboardFocusManager$$Lambda$288
instanceKlass com/intellij/openapi/diagnostic/FrequentEventDetector
instanceKlass com/intellij/util/EventDispatcher
instanceKlass com/intellij/ide/IdeEventQueue$PostEventHook
instanceKlass com/intellij/ide/ToolkitBugsProcessor$Handler
instanceKlass com/intellij/ide/ToolkitBugsProcessor
instanceKlass com/intellij/ide/IdePopupManager
instanceKlass com/intellij/openapi/keymap/impl/IdeMouseEventDispatcher
instanceKlass com/intellij/openapi/keymap/impl/IdeKeyEventDispatcher$1
instanceKlass com/intellij/openapi/keymap/impl/IdeKeyEventDispatcher$$Lambda$287
instanceKlass com/intellij/openapi/keymap/impl/KeyProcessorContext
instanceKlass com/intellij/openapi/actionSystem/AnActionEventVisitor
instanceKlass com/intellij/openapi/keymap/impl/keyGestures/KeyboardGestureProcessor$MyActionProcessor
instanceKlass com/intellij/openapi/keymap/impl/keyGestures/KeyboardGestureProcessor$1
instanceKlass javax/swing/Timer$DoPostEvent
instanceKlass com/intellij/openapi/keymap/impl/keyGestures/KeyboardGestureProcessor$$Lambda$286
instanceKlass com/intellij/openapi/actionSystem/AnActionEvent
instanceKlass com/intellij/ui/PlaceProvider
instanceKlass com/intellij/openapi/keymap/impl/keyGestures/StateContext
instanceKlass com/intellij/openapi/keymap/impl/keyGestures/KeyGestureState
instanceKlass com/intellij/openapi/keymap/impl/keyGestures/KeyboardGestureProcessor
instanceKlass com/intellij/openapi/actionSystem/impl/PresentationFactory
instanceKlass java/awt/event/KeyEvent$1
instanceKlass sun/awt/AWTAccessor$KeyEventAccessor
instanceKlass java/awt/VKCollection
instanceKlass com/intellij/openapi/keymap/impl/ActionProcessor
instanceKlass com/intellij/openapi/actionSystem/Shortcut
instanceKlass com/intellij/openapi/keymap/impl/IdeKeyEventDispatcher
instanceKlass java/util/concurrent/RunnableScheduledFuture
instanceKlass com/intellij/util/concurrency/EdtScheduledExecutorService
instanceKlass com/intellij/util/ui/update/Activatable
instanceKlass com/intellij/util/Alarm
instanceKlass com/intellij/ide/IdeEventQueue$IdeEventQueueHolder
instanceKlass com/intellij/openapi/extensions/Extensions$AreaClassConfiguration
instanceKlass com/intellij/openapi/extensions/AreaListener
instanceKlass com/intellij/ide/IdeEventQueue$EventDispatcher
instanceKlass com/intellij/openapi/extensions/impl/ExtensionsAreaImpl$1
instanceKlass com/intellij/openapi/extensions/impl/UndefinedPluginDescriptor
instanceKlass com/intellij/openapi/extensions/EPAvailabilityListenerExtension
instanceKlass com/intellij/openapi/extensions/PluginAware
instanceKlass com/intellij/openapi/util/EmptyRunnable
instanceKlass com/intellij/openapi/extensions/impl/ExtensionPointImpl$$Lambda$285
instanceKlass com/intellij/util/keyFMap/KeyFMap
instanceKlass com/intellij/util/pico/AssignableToComponentAdapter
instanceKlass com/intellij/openapi/application/ModalityInvokator
instanceKlass com/intellij/openapi/ui/DialogWrapper$DoNotAskOption
instanceKlass com/intellij/openapi/extensions/impl/ExtensionComponentAdapter
instanceKlass com/intellij/openapi/application/AccessToken
instanceKlass com/intellij/openapi/extensions/LoadingOrder$Orderable
instanceKlass com/intellij/openapi/diagnostic/ExceptionWithAttachments
instanceKlass com/intellij/openapi/application/ModalityState
instanceKlass com/intellij/util/pico/DefaultPicoContainer$LinkedHashSetWrapper
instanceKlass org/picocontainer/defaults/AbstractMonitoringLifecycleStrategy
instanceKlass com/intellij/openapi/progress/Task
instanceKlass com/intellij/openapi/progress/Progressive
instanceKlass com/intellij/openapi/progress/TaskInfo
instanceKlass org/picocontainer/monitors/DefaultComponentMonitor
instanceKlass org/picocontainer/defaults/DelegatingComponentMonitor
instanceKlass org/picocontainer/defaults/ComponentMonitorStrategy
instanceKlass org/picocontainer/ComponentMonitor
instanceKlass com/intellij/openapi/diagnostic/ControlFlowException
instanceKlass org/picocontainer/defaults/LifecycleStrategy
instanceKlass org/picocontainer/ComponentAdapter
instanceKlass com/intellij/util/pico/DefaultPicoContainer
instanceKlass com/intellij/diagnostic/LoadingPhase$1
instanceKlass com/intellij/openapi/extensions/BaseExtensionPointName
instanceKlass com/intellij/openapi/extensions/Extensions
instanceKlass com/intellij/idea/IdeaApplication$$Lambda$284
instanceKlass com/intellij/openapi/util/UserDataHolderBase
instanceKlass com/intellij/openapi/util/UserDataHolderEx
instanceKlass com/intellij/openapi/application/ex/ApplicationEx
instanceKlass com/intellij/openapi/application/Application
instanceKlass com/intellij/openapi/components/ComponentManager
instanceKlass com/intellij/openapi/application/ApplicationStarter
instanceKlass com/intellij/idea/IdeaApplication
instanceKlass sun/security/ssl/SessionId
instanceKlass javax/net/ssl/ExtendedSSLSession
instanceKlass javax/net/ssl/SSLSession
instanceKlass javax/crypto/KeyGenerator
instanceKlass sun/security/ssl/SSLConfiguration
instanceKlass sun/security/ssl/SSLCipher$SSLWriteCipher
instanceKlass sun/security/ssl/KeyUpdate$KeyUpdateProducer
instanceKlass sun/security/ssl/KeyUpdate$KeyUpdateConsumer
instanceKlass sun/security/ssl/KeyUpdate$KeyUpdateKickstartProducer
instanceKlass sun/security/ssl/KeyUpdate
instanceKlass sun/security/ssl/CertificateStatus$CertificateStatusAbsence
instanceKlass sun/security/ssl/HandshakeAbsence
instanceKlass sun/security/ssl/CertificateStatus$CertificateStatusProducer
instanceKlass sun/security/ssl/CertificateStatus$CertificateStatusConsumer
instanceKlass sun/security/ssl/CertificateStatus
instanceKlass sun/security/ssl/Finished$T13FinishedProducer
instanceKlass sun/security/ssl/Finished$T13FinishedConsumer
instanceKlass sun/security/ssl/Finished$T12FinishedProducer
instanceKlass sun/security/ssl/Finished$T12FinishedConsumer
instanceKlass sun/security/ssl/Finished
instanceKlass sun/security/ssl/ClientKeyExchange$ClientKeyExchangeProducer
instanceKlass sun/security/ssl/ClientKeyExchange$ClientKeyExchangeConsumer
instanceKlass sun/security/ssl/ClientKeyExchange
instanceKlass sun/security/ssl/CertificateVerify$T13CertificateVerifyProducer
instanceKlass sun/security/ssl/CertificateVerify$T13CertificateVerifyConsumer
instanceKlass sun/security/ssl/CertificateVerify$T12CertificateVerifyProducer
instanceKlass sun/security/ssl/CertificateVerify$T12CertificateVerifyConsumer
instanceKlass sun/security/ssl/CertificateVerify$T10CertificateVerifyProducer
instanceKlass sun/security/ssl/CertificateVerify$T10CertificateVerifyConsumer
instanceKlass sun/security/ssl/CertificateVerify$S30CertificateVerifyProducer
instanceKlass sun/security/ssl/CertificateVerify$S30CertificateVerifyConsumer
instanceKlass sun/security/ssl/CertificateVerify
instanceKlass sun/security/ssl/ServerHelloDone$ServerHelloDoneProducer
instanceKlass sun/security/ssl/ServerHelloDone$ServerHelloDoneConsumer
instanceKlass sun/security/ssl/ServerHelloDone
instanceKlass sun/security/ssl/CertificateRequest$T13CertificateRequestProducer
instanceKlass sun/security/ssl/CertificateRequest$T13CertificateRequestConsumer
instanceKlass sun/security/ssl/CertificateRequest$T12CertificateRequestProducer
instanceKlass sun/security/ssl/CertificateRequest$T12CertificateRequestConsumer
instanceKlass sun/security/ssl/CertificateRequest$T10CertificateRequestProducer
instanceKlass sun/security/ssl/CertificateRequest$T10CertificateRequestConsumer
instanceKlass sun/security/ssl/CertificateRequest
instanceKlass sun/security/ssl/ServerKeyExchange$ServerKeyExchangeProducer
instanceKlass sun/security/ssl/ServerKeyExchange$ServerKeyExchangeConsumer
instanceKlass sun/security/ssl/ServerKeyExchange
instanceKlass sun/security/ssl/CertificateMessage$T13CertificateProducer
instanceKlass sun/security/ssl/CertificateMessage$T13CertificateConsumer
instanceKlass sun/security/ssl/CertificateMessage$T12CertificateProducer
instanceKlass sun/security/ssl/CertificateMessage$T12CertificateConsumer
instanceKlass sun/security/ssl/CertificateMessage
instanceKlass sun/security/ssl/EncryptedExtensions$EncryptedExtensionsConsumer
instanceKlass sun/security/ssl/EncryptedExtensions$EncryptedExtensionsProducer
instanceKlass sun/security/ssl/EncryptedExtensions
instanceKlass java/text/FieldPosition$Delegate
instanceKlass sun/security/ssl/NewSessionTicket$NewSessionTicketProducer
instanceKlass sun/security/ssl/NewSessionTicket$NewSessionTicketKickstartProducer
instanceKlass sun/security/ssl/NewSessionTicket$NewSessionTicketConsumer
instanceKlass sun/security/ssl/NewSessionTicket
instanceKlass sun/security/ssl/HelloVerifyRequest$HelloVerifyRequestProducer
instanceKlass sun/security/ssl/HelloVerifyRequest$HelloVerifyRequestConsumer
instanceKlass sun/security/ssl/HelloVerifyRequest
instanceKlass sun/util/locale/provider/JRELocaleProviderAdapter$$Lambda$283
instanceKlass sun/security/ssl/ServerHello$T13HelloRetryRequestConsumer
instanceKlass sun/security/ssl/ServerHello$T13ServerHelloConsumer
instanceKlass com/intellij/util/text/SyncDateFormat
instanceKlass sun/security/ssl/ServerHello$T12ServerHelloConsumer
instanceKlass sun/security/ssl/ServerHello$T13HelloRetryRequestReproducer
instanceKlass sun/security/ssl/ServerHello$T13HelloRetryRequestProducer
instanceKlass sun/security/ssl/ServerHello$T13ServerHelloProducer
instanceKlass sun/security/ssl/ServerHello$T12ServerHelloProducer
instanceKlass com/sun/jna/Function$PostCallRead
instanceKlass sun/security/ssl/ServerHello$ServerHelloConsumer
instanceKlass sun/security/ssl/ServerHello
instanceKlass com/sun/jna/Library$Handler$FunctionInfo
instanceKlass sun/security/ssl/ClientHello$D13ClientHelloConsumer
instanceKlass sun/security/ssl/ClientHello$D12ClientHelloConsumer
instanceKlass sun/security/ssl/ClientHello$T13ClientHelloConsumer
instanceKlass sun/security/ssl/ClientHello$T12ClientHelloConsumer
instanceKlass sun/security/ssl/HandshakeConsumer
instanceKlass sun/security/ssl/ClientHello$ClientHelloProducer
instanceKlass sun/security/ssl/ClientHello$ClientHelloConsumer
instanceKlass sun/security/ssl/ClientHello$ClientHelloKickstartProducer
instanceKlass sun/security/ssl/ClientHello
instanceKlass sun/security/ssl/HelloRequest$HelloRequestProducer
instanceKlass com/sun/jna/internal/ReflectionUtils
instanceKlass sun/security/ssl/HelloRequest$HelloRequestConsumer
instanceKlass sun/security/ssl/HelloRequest$HelloRequestKickstartProducer
instanceKlass sun/security/ssl/SSLProducer
instanceKlass sun/security/ssl/HelloRequest
instanceKlass sun/security/ssl/HandshakeProducer
instanceKlass sun/security/ssl/SSLConsumer
instanceKlass com/sun/jna/FunctionMapper
instanceKlass sun/security/ssl/Authenticator$MacImpl
instanceKlass sun/security/ssl/Authenticator$MAC
instanceKlass sun/security/ssl/Authenticator
instanceKlass sun/security/ssl/SSLCipher$SSLReadCipher
instanceKlass com/sun/jna/VarArgsChecker
instanceKlass sun/security/ssl/InputRecord
instanceKlass sun/security/ssl/SSLRecord
instanceKlass sun/security/ssl/Record
instanceKlass sun/security/ssl/TransportContext
instanceKlass sun/security/ssl/ConnectionContext
instanceKlass sun/security/ssl/HandshakeHash$CacheOnlyHash
instanceKlass sun/security/ssl/HandshakeHash$TranscriptHash
instanceKlass sun/security/ssl/HandshakeHash
instanceKlass sun/security/ssl/SSLTransport
instanceKlass sun/net/www/http/KeepAliveKey
instanceKlass com/sun/jna/NativeLibrary
instanceKlass sun/net/NetworkClient$1
instanceKlass sun/net/NetworkClient
instanceKlass javax/net/ssl/HandshakeCompletedListener
instanceKlass com/sun/jna/Library$Handler
instanceKlass sun/net/www/protocol/http/HttpURLConnection$7
instanceKlass com/intellij/util/text/DateFormatUtil$Kernel32
instanceKlass com/sun/jna/win32/StdCallLibrary
instanceKlass java/net/ResponseCache
instanceKlass sun/net/www/protocol/http/HttpURLConnection$3
instanceKlass com/sun/jna/win32/StdCall
instanceKlass java/net/CookieHandler
instanceKlass com/sun/jna/AltCallingConvention
instanceKlass sun/net/www/protocol/http/HttpURLConnection$2
instanceKlass com/sun/jna/Library
instanceKlass com/intellij/util/text/DateFormatUtil
instanceKlass sun/net/www/protocol/http/HttpURLConnection$$Lambda$282
instanceKlass sun/security/action/GetIntegerAction
instanceKlass javax/net/ssl/KeyManagerFactorySpi
instanceKlass javax/net/ssl/KeyManagerFactory$1
instanceKlass javax/net/ssl/KeyManagerFactory
instanceKlass sun/security/ssl/SSLContextImpl$DefaultManagersHolder$1
instanceKlass sun/security/validator/TrustStoreUtil
instanceKlass sun/security/action/OpenFileInputStreamAction
instanceKlass java/security/KeyStore$1
instanceKlass sun/security/ssl/TrustStoreManager$TrustStoreDescriptor$1
instanceKlass sun/security/ssl/TrustStoreManager$TrustStoreDescriptor
instanceKlass sun/security/ssl/TrustStoreManager$TrustAnchorManager
instanceKlass sun/security/ssl/TrustStoreManager
instanceKlass javax/net/ssl/TrustManagerFactorySpi
instanceKlass javax/net/ssl/TrustManagerFactory$1
instanceKlass javax/net/ssl/TrustManagerFactory
instanceKlass sun/security/ssl/SSLContextImpl$DefaultManagersHolder
instanceKlass javax/net/ssl/SSLSocketFactory$1
instanceKlass javax/net/ssl/HttpsURLConnection$DefaultHostnameVerifier
instanceKlass com/jetbrains/b/b/h
instanceKlass fuck_the_regulations/a2
instanceKlass fuck_the_regulations/a8
instanceKlass com/intellij/ide/a/g/a8
instanceKlass com/intellij/ui/LicensingFacade
instanceKlass com/intellij/ultimate/UltimateVerifier
instanceKlass com/jetbrains/b/b/L
instanceKlass javax/net/SocketFactory
instanceKlass com/intellij/ide/a/g/ax
instanceKlass javax/net/ssl/X509ExtendedTrustManager
instanceKlass javax/net/ssl/X509ExtendedKeyManager
instanceKlass javax/net/ssl/X509KeyManager
instanceKlass javax/net/ssl/KeyManager
instanceKlass com/intellij/util/net/ssl/CertificateManager$1
instanceKlass javax/net/ssl/HostnameVerifier
instanceKlass com/intellij/util/net/ssl/CertificateManager
instanceKlass com/intellij/openapi/components/PersistentStateComponent
instanceKlass com/jetbrains/b/b/Z
instanceKlass com/intellij/ide/a/g/z
instanceKlass com/jetbrains/b/b/S
instanceKlass com/jetbrains/b/b/aw
instanceKlass sun/security/ssl/SSLSessionContextImpl$1
instanceKlass sun/security/ssl/SSLSessionContextImpl
instanceKlass javax/net/ssl/SSLSessionContext
instanceKlass sun/security/ssl/EphemeralKeyManager$EphemeralKeyPair
instanceKlass sun/security/ssl/EphemeralKeyManager
instanceKlass sun/security/ssl/SSLContextImpl$CustomizedSSLProtocols
instanceKlass java/security/spec/NamedParameterSpec
instanceKlass sun/security/util/ECKeySizeParameterSpec
instanceKlass sun/security/util/SecurityProviderConstants
instanceKlass java/security/KeyPairGeneratorSpi
instanceKlass javax/crypto/KeyAgreement
instanceKlass sun/security/ssl/JsseJce$EcAvailability
instanceKlass sun/security/ssl/SSLAlgorithmDecomposer$1
instanceKlass sun/security/ssl/Utilities
instanceKlass sun/security/ssl/JsseJce
instanceKlass sun/security/ssl/SSLCipher$1
instanceKlass sun/security/ssl/SSLCipher$T13GcmWriteCipherGenerator
instanceKlass sun/security/ssl/SSLCipher$T13GcmReadCipherGenerator
instanceKlass sun/security/ssl/SSLCipher$T12GcmWriteCipherGenerator
instanceKlass sun/security/ssl/SSLCipher$T12GcmReadCipherGenerator
instanceKlass javax/crypto/JceSecurityManager$1
instanceKlass sun/security/ssl/SSLCipher$T11BlockWriteCipherGenerator
instanceKlass sun/security/ssl/SSLCipher$T11BlockReadCipherGenerator
instanceKlass sun/security/ssl/SSLCipher$T10BlockWriteCipherGenerator
instanceKlass sun/security/ssl/SSLCipher$T10BlockReadCipherGenerator
instanceKlass sun/security/ssl/SSLCipher$StreamWriteCipherGenerator
instanceKlass sun/security/ssl/SSLCipher$StreamReadCipherGenerator
instanceKlass sun/security/ssl/SSLCipher$NullWriteCipherGenerator
instanceKlass sun/security/ssl/SSLCipher$WriteCipherGenerator
instanceKlass sun/security/ssl/SSLCipher$NullReadCipherGenerator
instanceKlass sun/security/ssl/SSLCipher$ReadCipherGenerator
instanceKlass com/intellij/BundleBase
instanceKlass java/util/AbstractMap$SimpleImmutableEntry
instanceKlass sun/security/ssl/SSLAlgorithmConstraints
instanceKlass sun/security/ssl/SSLLogger
instanceKlass javax/net/ssl/SSLContextSpi
instanceKlass javax/net/ssl/SSLContext
instanceKlass com/intellij/util/containers/ConcurrentRefHashMap$$Lambda$281
instanceKlass com/intellij/util/containers/ConcurrentRefHashMap$2
instanceKlass com/intellij/util/containers/ConcurrentRefHashMap$HardKey
instanceKlass com/intellij/util/containers/ConcurrentRefHashMap$KeyReference
instanceKlass com/intellij/util/containers/ConcurrentFactoryMap$$Lambda$280
instanceKlass com/intellij/util/containers/ConcurrentFactoryMap
instanceKlass com/intellij/AbstractBundle$$Lambda$279
instanceKlass com/intellij/AbstractBundle
instanceKlass com/intellij/notification/NotificationGroup
instanceKlass com/intellij/openapi/updateSettings/impl/UpdateChecker
instanceKlass com/jetbrains/b/b/f
instanceKlass javax/net/ssl/X509TrustManager
instanceKlass javax/net/ssl/TrustManager
instanceKlass com/jetbrains/b/b/I
instanceKlass com/jetbrains/ls/requests/AbstractRequest
instanceKlass com/intellij/ide/a/g/aI$$Lambda$278
instanceKlass com/intellij/ide/a/g/aJ$$Lambda$277
instanceKlass com/intellij/ide/a/g/G$$Lambda$276
instanceKlass java/text/CalendarBuilder
instanceKlass java/text/ParsePosition
instanceKlass com/intellij/ide/a/g/n
instanceKlass com/intellij/ide/a/g/G$$Lambda$275
instanceKlass com/intellij/ide/a/g/aM
instanceKlass com/intellij/ide/a/g/aP
instanceKlass com/intellij/ide/a/g/h
instanceKlass com/intellij/ide/a/g/g
instanceKlass com/intellij/ide/a/g/H
instanceKlass com/intellij/ide/a/g/b
instanceKlass com/intellij/ide/a/g/A
instanceKlass com/intellij/ide/a/g/w
instanceKlass com/intellij/ide/a/g/D
instanceKlass com/intellij/ide/a/g/S
instanceKlass com/intellij/ide/a/g/aN
instanceKlass com/intellij/ide/a/g/aQ
instanceKlass com/intellij/ide/a/g/aF
instanceKlass com/intellij/ide/a/g/ar
instanceKlass com/intellij/ide/a/g/au
instanceKlass com/intellij/ide/a/g/C
instanceKlass java/util/function/IntToLongFunction
instanceKlass java/util/function/IntToDoubleFunction
instanceKlass java/util/function/LongBinaryOperator
instanceKlass java/util/function/DoubleBinaryOperator
instanceKlass java/util/function/IntBinaryOperator
instanceKlass com/intellij/ide/a/g/G$$Lambda$274
instanceKlass com/google/gson/internal/bind/ObjectTypeAdapter$2
instanceKlass com/google/gson/internal/LinkedTreeMap$Node
instanceKlass com/google/gson/internal/LinkedTreeMap$1
instanceKlass com/google/gson/internal/ConstructorConstructor$13
instanceKlass jdk/internal/HotSpotIntrinsicCandidate
instanceKlass com/google/gson/ExclusionStrategy
instanceKlass com/intellij/ide/a/g/aW
instanceKlass com/jetbrains/b/a/a$$Lambda$273
instanceKlass sun/security/provider/certpath/PKIXMasterCertPathValidator
instanceKlass java/security/cert/CertPathValidatorSpi
instanceKlass java/security/cert/CertPathValidator
instanceKlass java/security/cert/PKIXCertPathValidatorResult
instanceKlass java/security/cert/CertPathValidatorResult
instanceKlass sun/security/util/Length
instanceKlass sun/security/util/KeyUtil
instanceKlass sun/security/util/ConstraintsParameters
instanceKlass sun/security/x509/AccessDescription
instanceKlass sun/security/x509/RFC822Name
instanceKlass sun/security/x509/NetscapeCertTypeExtension$MapEntry
instanceKlass java/security/cert/PolicyQualifierInfo
instanceKlass sun/security/x509/CertificatePolicyId
instanceKlass sun/security/x509/PolicyInformation
instanceKlass sun/security/x509/DNSName
instanceKlass sun/security/x509/URIName
instanceKlass sun/security/x509/DistributionPoint
instanceKlass sun/security/util/ECUtil
instanceKlass java/security/interfaces/ECPublicKey
instanceKlass java/security/interfaces/ECKey
instanceKlass java/security/AlgorithmParametersSpi
instanceKlass sun/security/provider/JavaKeyStore$TrustedCertEntry
instanceKlass sun/security/util/KeyStoreDelegator$$Lambda$272
instanceKlass java/security/KeyStoreSpi
instanceKlass java/security/KeyStore
instanceKlass sun/security/util/AnchorCertificates$1
instanceKlass sun/security/util/AnchorCertificates
instanceKlass sun/security/util/DisabledAlgorithmConstraints$1
instanceKlass sun/security/util/DisabledAlgorithmConstraints$Constraint
instanceKlass sun/security/util/DisabledAlgorithmConstraints$Constraints
instanceKlass sun/security/util/AbstractAlgorithmConstraints$1
instanceKlass sun/security/util/AlgorithmDecomposer
instanceKlass sun/security/util/AbstractAlgorithmConstraints
instanceKlass java/security/AlgorithmConstraints
instanceKlass sun/security/provider/certpath/PolicyNodeImpl
instanceKlass java/security/cert/PolicyNode
instanceKlass java/math/MutableBigInteger
instanceKlass java/security/AlgorithmParameters
instanceKlass com/intellij/ide/a/g/aT
instanceKlass com/intellij/ide/a/g/f
instanceKlass com/intellij/ide/a/g/c
instanceKlass com/intellij/ide/a/g/G
instanceKlass java/util/stream/DoubleStream
instanceKlass java/util/stream/LongStream
instanceKlass java/util/stream/IntStream
instanceKlass com/intellij/ide/a/g/x
instanceKlass java/util/function/IntFunction
instanceKlass com/intellij/ide/plugins/PluginManagerCore$$Lambda$271
instanceKlass java/util/Comparator$$Lambda$270
instanceKlass com/intellij/util/graph/DFSTBuilder$$Lambda$269
instanceKlass java/util/function/ToIntFunction
instanceKlass java/lang/invoke/LambdaForm$DMH
instanceKlass com/intellij/util/graph/DFSTBuilder$Tarjan$Frame
instanceKlass com/intellij/util/containers/IntStack
instanceKlass com/intellij/util/graph/DFSTBuilder$Tarjan
instanceKlass com/intellij/util/graph/DFSTBuilder
instanceKlass com/intellij/util/containers/EmptyIterator
instanceKlass com/intellij/util/graph/GraphGenerator
instanceKlass com/intellij/util/graph/Graph
instanceKlass com/intellij/util/graph/OutboundSemiGraph
instanceKlass com/intellij/util/graph/CachingSemiGraph
instanceKlass com/intellij/util/graph/GraphGenerator$SemiGraph
instanceKlass com/intellij/ide/plugins/PluginManagerCore$2
instanceKlass com/intellij/ide/plugins/PluginManagerCore$$Lambda$268
instanceKlass com/intellij/ide/plugins/LoadDescriptorsContext$$Lambda$267
instanceKlass com/intellij/util/messages/ListenerDescriptor
instanceKlass com/intellij/ui/RetrievableIcon
instanceKlass com/intellij/ide/plugins/PluginManagerCore$$Lambda$266
instanceKlass com/intellij/util/IconUtil$$Lambda$265
instanceKlass sun/invoke/util/VerifyAccess$1
instanceKlass com/intellij/util/FileIconKey
instanceKlass com/intellij/openapi/util/UserDataHolder
instanceKlass com/intellij/util/IconUtil
instanceKlass org/apache/batik/ext/awt/image/rendered/PadRed$ZeroRecter
instanceKlass org/apache/batik/ext/awt/image/rendered/TileLRUMember
instanceKlass sun/java2d/pipe/AlphaPaintPipe$TileContext
instanceKlass com/intellij/util/xmlb/MapBinding$$Lambda$264
instanceKlass java/lang/invoke/LambdaForm$DMH
instanceKlass org/apache/batik/ext/awt/MultipleGradientPaintContext
instanceKlass java/awt/TexturePaint
instanceKlass java/awt/MultipleGradientPaint
instanceKlass java/awt/GradientPaint
instanceKlass sun/java2d/marlin/ArrayCacheConst
instanceKlass sun/reflect/generics/reflectiveObjects/LazyReflectiveObjectGenerator
instanceKlass sun/java2d/marlin/DHelpers
instanceKlass sun/reflect/generics/reflectiveObjects/ParameterizedTypeImpl
instanceKlass com/intellij/util/xmlb/annotations/AbstractCollection
instanceKlass com/intellij/util/xmlb/annotations/XMap
instanceKlass com/intellij/util/xmlb/annotations/MapAnnotation
instanceKlass com/intellij/util/xmlb/annotations/CollectionBean
instanceKlass sun/java2d/marlin/DDasher$LengthIterator
instanceKlass sun/java2d/marlin/DDasher
instanceKlass sun/java2d/marlin/DStroker
instanceKlass sun/java2d/marlin/Renderer
instanceKlass sun/awt/geom/PathConsumer2D
instanceKlass sun/java2d/marlin/MarlinTileGenerator
instanceKlass sun/java2d/pipe/AATileGenerator
instanceKlass sun/java2d/marlin/DRenderer
instanceKlass sun/java2d/marlin/MarlinRenderer
instanceKlass sun/java2d/marlin/OffHeapArray$$Lambda$263
instanceKlass sun/java2d/marlin/OffHeapArray
instanceKlass sun/java2d/marlin/MarlinCache
instanceKlass sun/java2d/marlin/IntArrayCache$Reference
instanceKlass sun/java2d/marlin/DHelpers$IndexStack
instanceKlass sun/java2d/marlin/DTransformingPathConsumer2D$PathClipFilter
instanceKlass sun/java2d/marlin/ByteArrayCache$Reference
instanceKlass sun/java2d/marlin/DoubleArrayCache$Reference
instanceKlass sun/java2d/marlin/DHelpers$PolyStack
instanceKlass sun/java2d/marlin/DTransformingPathConsumer2D$ClosedPathDetector
instanceKlass sun/java2d/marlin/DTransformingPathConsumer2D$PathTracer
instanceKlass sun/java2d/marlin/DTransformingPathConsumer2D$DeltaTransformFilter
instanceKlass sun/java2d/marlin/DTransformingPathConsumer2D$DeltaScaleFilter
instanceKlass sun/java2d/marlin/DTransformingPathConsumer2D$Path2DWrapper
instanceKlass sun/java2d/marlin/DTransformingPathConsumer2D
instanceKlass sun/java2d/marlin/DTransformingPathConsumer2D$CurveClipSplitter
instanceKlass sun/java2d/marlin/DTransformingPathConsumer2D$CurveBasicMonotonizer
instanceKlass sun/java2d/marlin/DMarlinRenderingEngine$NormalizingPathIterator
instanceKlass sun/java2d/marlin/DRendererContext$PathConsumer2DAdapter
instanceKlass sun/java2d/marlin/ByteArrayCache
instanceKlass sun/java2d/marlin/DoubleArrayCache
instanceKlass sun/java2d/marlin/IntArrayCache
instanceKlass sun/java2d/marlin/DPathSimplifier
instanceKlass sun/java2d/marlin/DCollinearSimplifier
instanceKlass sun/java2d/marlin/DPathConsumer2D
instanceKlass sun/java2d/marlin/DCurve
instanceKlass sun/java2d/marlin/IRendererContext
instanceKlass sun/java2d/ReentrantContext
instanceKlass org/apache/batik/ext/awt/RenderingHintsKeyExt
instanceKlass org/apache/batik/ext/awt/image/rendered/TileBlock
instanceKlass org/apache/batik/ext/awt/image/PadMode
instanceKlass org/apache/batik/ext/awt/image/rendered/LRUCache$LRUObj
instanceKlass org/apache/batik/ext/awt/image/rendered/TileMap
instanceKlass org/apache/batik/util/DoublyLinkedList
instanceKlass org/apache/batik/util/DoublyLinkedList$Node
instanceKlass org/apache/batik/ext/awt/image/rendered/LRUCache
instanceKlass com/intellij/serialization/PropertyAccessor
instanceKlass org/apache/batik/ext/awt/image/rendered/TileStore
instanceKlass org/apache/batik/ext/awt/image/rendered/TileCache
instanceKlass com/intellij/openapi/components/ComponentConfig
instanceKlass org/apache/batik/ext/awt/image/rendered/TileGenerator
instanceKlass sun/java2d/cmm/CMSManager
instanceKlass org/apache/batik/ext/awt/image/GraphicsUtil
instanceKlass org/apache/batik/ext/awt/image/rendered/AbstractRed
instanceKlass java/awt/image/renderable/RenderContext
instanceKlass org/apache/batik/ext/awt/image/renderable/AbstractRable
instanceKlass org/apache/batik/ext/awt/image/renderable/PaintRable
instanceKlass org/apache/batik/ext/awt/geom/RectListManager$RectXComparator
instanceKlass org/apache/batik/ext/awt/geom/RectListManager
instanceKlass java/awt/geom/RectIterator
instanceKlass org/apache/batik/ext/awt/image/rendered/CachableRed
instanceKlass org/apache/batik/gvt/renderer/StaticRenderer
instanceKlass org/apache/batik/util/Platform
instanceKlass org/apache/batik/gvt/renderer/ImageRenderer
instanceKlass org/apache/batik/gvt/renderer/Renderer
instanceKlass org/apache/batik/gvt/renderer/ConcreteImageRendererFactory
instanceKlass org/apache/batik/parser/AWTTransformProducer
instanceKlass org/apache/batik/ext/awt/geom/ExtendedPathIterator
instanceKlass org/apache/batik/ext/awt/geom/ExtendedGeneralPath
instanceKlass org/apache/batik/ext/awt/geom/ExtendedShape
instanceKlass org/apache/batik/dom/svg/SVGAnimatedPathDataSupport
instanceKlass org/apache/batik/parser/DefaultPathHandler
instanceKlass org/apache/batik/parser/AWTPathProducer
instanceKlass java/awt/PaintContext
instanceKlass org/apache/batik/ext/awt/geom/Linear
instanceKlass org/apache/batik/ext/awt/geom/Segment
instanceKlass java/awt/geom/Path2D$Iterator
instanceKlass java/awt/geom/PathIterator
instanceKlass org/apache/batik/ext/awt/geom/SegmentList
instanceKlass org/apache/batik/dom/util/XLinkSupport
instanceKlass org/apache/batik/ext/awt/MultipleGradientPaint$ColorSpaceEnum
instanceKlass org/apache/batik/ext/awt/MultipleGradientPaint$CycleMethodEnum
instanceKlass org/apache/batik/ext/awt/MultipleGradientPaint
instanceKlass org/apache/batik/bridge/AbstractSVGGradientElementBridge$Stop
instanceKlass org/apache/batik/css/engine/value/ComputedValue
instanceKlass org/apache/batik/bridge/URIResolver
instanceKlass org/apache/batik/dom/svg/AbstractSVGTransformList$TransformListBuilder
instanceKlass org/apache/batik/parser/DefaultTransformListHandler
instanceKlass com/intellij/openapi/components/ServiceDescriptor
instanceKlass org/apache/batik/gvt/CompositeShapePainter
instanceKlass org/apache/batik/gvt/StrokeShapePainter
instanceKlass org/apache/batik/gvt/FillShapePainter
instanceKlass com/intellij/ide/plugins/PluginXmlPathResolver
instanceKlass com/intellij/ide/plugins/PluginManagerCore$$Lambda$260
instanceKlass org/apache/xmlgraphics/java2d/color/ColorSpaceOrigin
instanceKlass java/io/RandomAccessFile$1
instanceKlass org/apache/batik/bridge/PaintServer
instanceKlass org/apache/batik/parser/AWTPolylineProducer
instanceKlass org/apache/batik/parser/ShapeProducer
instanceKlass org/apache/batik/dom/svg/AbstractSVGItem
instanceKlass org/apache/batik/dom/svg/AbstractSVGPointList$PointsListBuilder
instanceKlass org/apache/batik/parser/DefaultPointsHandler
instanceKlass org/apache/batik/dom/svg/ListBuilder
instanceKlass org/apache/batik/dom/svg/SVGItem
instanceKlass org/apache/batik/parser/PointsHandler
instanceKlass org/apache/batik/dom/svg/ListHandler
instanceKlass org/apache/batik/dom/svg/AbstractSVGList
instanceKlass org/apache/batik/css/parser/ScannerUtilities
instanceKlass org/apache/batik/css/parser/Scanner
instanceKlass com/intellij/ide/plugins/PluginManagerCore$$Lambda$259
instanceKlass org/apache/batik/bridge/SVGSVGElementBridge$SVGSVGElementViewport
instanceKlass org/apache/batik/parser/DefaultPreserveAspectRatioHandler
instanceKlass java/lang/invoke/LambdaForm$MH
instanceKlass java/lang/invoke/LambdaForm$DMH
instanceKlass org/apache/batik/dom/svg/AbstractSVGPreserveAspectRatio
instanceKlass java/lang/invoke/LambdaForm$DMH
instanceKlass com/intellij/ide/plugins/PluginManagerCore$$Lambda$258
instanceKlass org/apache/batik/parser/DefaultNumberListHandler
instanceKlass java/lang/invoke/LambdaForm$DMH
instanceKlass com/intellij/openapi/extensions/ExtensionPointListener
instanceKlass org/apache/batik/parser/NumberListHandler
instanceKlass org/picocontainer/MutablePicoContainer
instanceKlass org/apache/batik/dom/svg/SVGOMRect
instanceKlass com/intellij/openapi/extensions/impl/ExtensionPointImpl
instanceKlass org/apache/batik/parser/FragmentIdentifierHandler
instanceKlass org/apache/batik/parser/TransformListHandler
instanceKlass org/apache/batik/parser/PreserveAspectRatioHandler
instanceKlass com/intellij/openapi/extensions/ExtensionPoint
instanceKlass org/apache/batik/bridge/ViewBox
instanceKlass org/picocontainer/PicoContainer
instanceKlass org/picocontainer/Disposable
instanceKlass org/picocontainer/Startable
instanceKlass org/apache/batik/css/engine/StyleDeclaration
instanceKlass com/intellij/openapi/extensions/impl/ExtensionsAreaImpl
instanceKlass org/apache/batik/css/dom/CSSOMStyleDeclaration
instanceKlass org/apache/batik/css/engine/StyleDeclarationProvider
instanceKlass com/intellij/ide/plugins/IdeaPluginDescriptorImpl$$Lambda$257
instanceKlass org/apache/batik/css/dom/CSSOMStyleDeclaration$ModificationHandler
instanceKlass org/apache/batik/css/dom/CSSOMStyleDeclaration$ValueProvider
instanceKlass com/intellij/ide/plugins/IdeaPluginDescriptorImpl$$Lambda$256
instanceKlass com/intellij/openapi/extensions/PluginId$$Lambda$255
instanceKlass org/apache/batik/css/engine/CSSStyleSheetNode
instanceKlass org/apache/batik/css/engine/CSSEngine$1
instanceKlass com/intellij/util/containers/hash/LinkedHashMap$LinkedHashIterator
instanceKlass org/apache/batik/css/engine/StyleMap
instanceKlass com/intellij/util/containers/hash/LinkedHashMap$Entry
instanceKlass org/apache/batik/bridge/CSSUtilities
instanceKlass java/util/DualPivotQuicksort
instanceKlass org/apache/batik/parser/UnitProcessor$UnitResolver
instanceKlass com/intellij/util/containers/hash/HashUtil
instanceKlass org/apache/batik/parser/DefaultLengthHandler
instanceKlass com/intellij/util/containers/hash/EqualityPolicy$2
instanceKlass org/apache/batik/parser/DefaultErrorHandler
instanceKlass com/intellij/util/containers/hash/EqualityPolicy$1
instanceKlass com/intellij/util/containers/hash/EqualityPolicy
instanceKlass org/apache/batik/parser/ErrorHandler
instanceKlass org/apache/batik/parser/AbstractParser
instanceKlass org/apache/batik/parser/Parser
instanceKlass org/apache/batik/anim/dom/AbstractSVGLength$DefaultContext
instanceKlass com/intellij/util/xmlb/MapBinding
instanceKlass org/apache/batik/anim/dom/AbstractSVGLength
instanceKlass org/jdom/ContentList$CLIterator
instanceKlass org/apache/batik/bridge/UnitProcessor$DefaultContext
instanceKlass org/apache/batik/parser/UnitProcessor
instanceKlass org/apache/batik/parser/ClockHandler
instanceKlass org/apache/batik/bridge/SVGUtilities
instanceKlass com/intellij/util/xmlb/AccessorBindingWrapper
instanceKlass org/apache/batik/gvt/filter/GraphicsNodeRable
instanceKlass com/intellij/util/xmlb/TextBinding
instanceKlass org/apache/batik/gvt/AbstractGraphicsNode
instanceKlass com/intellij/openapi/util/JDOMExternalizable
instanceKlass com/intellij/util/xmlb/BasePrimitiveBinding
instanceKlass com/intellij/util/xmlb/MultiNodeBinding
instanceKlass com/intellij/serialization/ClassUtil
instanceKlass com/intellij/util/xmlb/annotations/Text
instanceKlass com/intellij/util/xmlb/annotations/Transient
instanceKlass sun/reflect/annotation/AnnotationParser$$Lambda$254
instanceKlass org/apache/batik/bridge/SVGDocumentBridge
instanceKlass com/intellij/util/xmlb/annotations/XCollection
instanceKlass org/apache/batik/css/parser/CSSSACMediaList
instanceKlass org/apache/batik/bridge/BridgeContext$CSSEngineUserAgentWrapper
instanceKlass org/apache/batik/css/engine/StringIntMap$Entry
instanceKlass org/apache/batik/css/engine/StringIntMap
instanceKlass org/apache/batik/css/engine/sac/CSSConditionFactory
instanceKlass com/intellij/util/xmlb/Converter
instanceKlass com/intellij/util/xmlb/annotations/Attribute
instanceKlass org/apache/batik/css/engine/CSSEngine$DocumentAdapter
instanceKlass org/apache/batik/css/parser/CSSLexicalUnit
instanceKlass com/intellij/serialization/FieldAccessor
instanceKlass com/intellij/serialization/MutableAccessor
instanceKlass com/intellij/util/xmlb/annotations/OptionTag
instanceKlass com/intellij/ide/plugins/PluginDependency
instanceKlass com/intellij/ide/plugins/IdeaVersionBean
instanceKlass com/intellij/ide/plugins/PluginVendor
instanceKlass com/intellij/ide/plugins/ProductDescriptor
instanceKlass com/intellij/serialization/PropertyCollector$NameAndIsSetter
instanceKlass com/intellij/util/xmlb/BeanBinding$XmlSerializerPropertyCollector$$Lambda$253
instanceKlass com/intellij/util/xmlb/annotations/Property
instanceKlass com/intellij/util/xmlb/annotations/Tag
instanceKlass com/intellij/serialization/PropertyCollector
instanceKlass com/intellij/util/xmlb/NestedBinding
instanceKlass com/intellij/util/xmlb/Accessor
instanceKlass com/intellij/util/xmlb/NotNullDeserializeBinding
instanceKlass com/intellij/util/xmlb/Binding
instanceKlass com/intellij/util/xmlb/XmlSerializerImpl$XmlSerializerBase
instanceKlass com/intellij/util/xmlb/Serializer
instanceKlass com/intellij/util/xmlb/XmlSerializerImpl
instanceKlass com/intellij/util/xmlb/XmlSerializer$1
instanceKlass com/intellij/util/xmlb/SerializationFilter
instanceKlass com/intellij/util/xmlb/XmlSerializer
instanceKlass com/intellij/ide/plugins/OptimizedPluginBean
instanceKlass com/intellij/openapi/application/ApplicationManager
instanceKlass com/intellij/openapi/extensions/PluginId
instanceKlass com/intellij/openapi/util/NullableLazyValue
instanceKlass com/intellij/ide/plugins/IdeaPluginDescriptorImpl$$Lambda$252
instanceKlass com/intellij/openapi/util/io/NullAppendable
instanceKlass com/intellij/util/xmlb/JDOMXIncluder$1
instanceKlass com/intellij/util/xmlb/JDOMXIncluder
instanceKlass com/intellij/ide/plugins/PluginManagerCore$LoadingContext
instanceKlass java/lang/invoke/LambdaForm$MH
instanceKlass java/lang/invoke/LambdaForm$DMH
instanceKlass org/apache/batik/css/engine/value/AbstractValue
instanceKlass java/lang/invoke/LambdaForm$DMH
instanceKlass com/intellij/util/concurrency/BoundedTaskExecutor$1$$Lambda$251
instanceKlass java/lang/invoke/LambdaForm$DMH
instanceKlass com/intellij/util/concurrency/BoundedTaskExecutor$1
instanceKlass com/intellij/util/concurrency/BoundedTaskExecutor$$Lambda$250
instanceKlass java/util/function/LongUnaryOperator
instanceKlass java/lang/invoke/LambdaForm$DMH
instanceKlass java/lang/invoke/LambdaForm$MH
instanceKlass java/lang/invoke/LambdaForm$DMH
instanceKlass org/apache/batik/css/engine/value/svg/SVGValueConstants
instanceKlass com/intellij/ide/plugins/PluginManagerCore$$Lambda$249
instanceKlass org/apache/batik/css/engine/value/ValueConstants
instanceKlass java/lang/invoke/LambdaForm$DMH
instanceKlass com/intellij/ide/plugins/IdeaPluginDescriptorImpl
instanceKlass org/apache/batik/css/engine/value/StringMap$Entry
instanceKlass com/intellij/ide/plugins/LoadDescriptorsContext$$Lambda$248
instanceKlass org/apache/batik/css/engine/value/StringMap
instanceKlass com/intellij/ide/plugins/LoadDescriptorsContext
instanceKlass org/apache/batik/css/engine/value/AbstractValueFactory
instanceKlass sun/security/provider/certpath/BuildStep
instanceKlass sun/security/provider/certpath/AdjacencyList
instanceKlass org/apache/batik/css/engine/value/Value
instanceKlass sun/security/util/SignatureUtil
instanceKlass sun/security/rsa/RSAPadding
instanceKlass org/apache/batik/css/engine/CSSNavigableDocumentListener
instanceKlass sun/security/rsa/RSACore
instanceKlass org/apache/batik/css/engine/value/ShorthandManager$PropertyHandler
instanceKlass org/apache/batik/css/engine/Rule
instanceKlass org/apache/batik/css/engine/StyleSheet
instanceKlass fuck_the_regulations/eT
instanceKlass org/apache/batik/css/engine/value/ShorthandManager
instanceKlass org/apache/batik/css/engine/value/ValueManager
instanceKlass fuck_the_regulations/aQ
instanceKlass org/apache/batik/css/parser/ExtendedParserWrapper
instanceKlass fuck_the_regulations/az
instanceKlass fuck_the_regulations/ae
instanceKlass org/apache/batik/css/parser/DefaultErrorHandler
instanceKlass org/w3c/css/sac/ErrorHandler
instanceKlass org/w3c/css/sac/CombinatorCondition
instanceKlass fuck_the_regulations/bv
instanceKlass fuck_the_regulations/ag
instanceKlass org/w3c/css/sac/LangCondition
instanceKlass org/w3c/css/sac/AttributeCondition
instanceKlass org/apache/batik/css/parser/DefaultConditionFactory
instanceKlass org/w3c/css/sac/ConditionFactory
instanceKlass org/w3c/css/sac/SiblingSelector
instanceKlass fuck_the_regulations/aP
instanceKlass org/w3c/css/sac/ConditionalSelector
instanceKlass org/w3c/css/sac/DescendantSelector
instanceKlass org/w3c/css/sac/ElementSelector
instanceKlass org/apache/batik/css/parser/DefaultSelectorFactory
instanceKlass org/w3c/css/sac/SelectorFactory
instanceKlass fuck_the_regulations/dl
instanceKlass org/apache/batik/css/parser/DefaultDocumentHandler
instanceKlass org/w3c/css/sac/DocumentHandler
instanceKlass org/w3c/css/sac/SelectorList
instanceKlass org/w3c/css/sac/Condition
instanceKlass org/w3c/css/sac/SimpleSelector
instanceKlass org/w3c/css/sac/Selector
instanceKlass org/w3c/css/sac/SACMediaList
instanceKlass org/w3c/css/sac/LexicalUnit
instanceKlass org/apache/batik/css/parser/Parser
instanceKlass org/apache/batik/css/parser/ExtendedParser
instanceKlass org/w3c/css/sac/Parser
instanceKlass org/apache/batik/parser/LengthListHandler
instanceKlass org/apache/batik/parser/LengthHandler
instanceKlass org/apache/batik/parser/AngleHandler
instanceKlass fuck_the_regulations/b9
instanceKlass fuck_the_regulations/fM
instanceKlass fuck_the_regulations/bn
instanceKlass org/apache/batik/dom/svg/AbstractSVGTransform
instanceKlass fuck_the_regulations/y
instanceKlass fuck_the_regulations/dh
instanceKlass fuck_the_regulations/fm
instanceKlass fuck_the_regulations/cz
instanceKlass org/apache/batik/anim/AbstractAnimation
instanceKlass org/apache/batik/anim/timing/TimedElement
instanceKlass org/apache/batik/util/SMILConstants
instanceKlass org/apache/batik/anim/dom/AnimatableElement
instanceKlass org/apache/batik/dom/svg/SVGAnimationContext
instanceKlass org/w3c/dom/smil/ElementTimeControl
instanceKlass fuck_the_regulations/f
instanceKlass fuck_the_regulations/bf
instanceKlass fuck_the_regulations/b6
instanceKlass org/apache/batik/dom/svg/SVGTextContent
instanceKlass fuck_the_regulations/c0
instanceKlass fuck_the_regulations/bZ
instanceKlass org/apache/batik/dom/svg/SVGSVGContext
instanceKlass fuck_the_regulations/au
instanceKlass fuck_the_regulations/et
instanceKlass org/apache/batik/dom/svg/SVGPathContext
instanceKlass fuck_the_regulations/aZ
instanceKlass org/apache/batik/gvt/filter/Mask
instanceKlass org/apache/batik/bridge/MaskBridge
instanceKlass org/apache/batik/bridge/MarkerBridge
instanceKlass org/apache/batik/bridge/PaintBridge
instanceKlass org/apache/batik/gvt/ShapePainter
instanceKlass org/apache/batik/ext/awt/image/spi/RegistryEntry
instanceKlass org/apache/batik/ext/awt/image/spi/ImageTagRegistry
instanceKlass org/apache/batik/ext/awt/image/spi/ErrorConstants
instanceKlass fuck_the_regulations/bz
instanceKlass fuck_the_regulations/bC
instanceKlass org/apache/batik/ext/awt/image/spi/BrokenLinkProvider
instanceKlass fuck_the_regulations/fk
instanceKlass fuck_the_regulations/bj
instanceKlass fuck_the_regulations/aF
instanceKlass org/apache/batik/ext/awt/image/renderable/FilterChainRable
instanceKlass org/apache/batik/bridge/FilterBridge
instanceKlass fuck_the_regulations/eF
instanceKlass fuck_the_regulations/cs
instanceKlass org/apache/batik/ext/awt/image/renderable/TurbulenceRable
instanceKlass fuck_the_regulations/dr
instanceKlass fuck_the_regulations/dF
instanceKlass fuck_the_regulations/ef
instanceKlass org/apache/batik/ext/awt/image/Light
instanceKlass org/apache/batik/ext/awt/image/renderable/ConvolveMatrixRable
instanceKlass fuck_the_regulations/db
instanceKlass org/apache/batik/ext/awt/image/renderable/FilterColorInterpolation
instanceKlass org/apache/batik/ext/awt/image/renderable/PadRable
instanceKlass sun/security/rsa/RSAUtil$1
instanceKlass java/security/interfaces/RSAPrivateCrtKey
instanceKlass sun/security/pkcs/PKCS8Key
instanceKlass java/security/interfaces/RSAPrivateKey
instanceKlass org/apache/batik/bridge/FilterPrimitiveBridge
instanceKlass java/security/interfaces/DSAPublicKey
instanceKlass java/security/interfaces/DSAKey
instanceKlass sun/security/x509/X509CertImpl$$Lambda$247
instanceKlass sun/security/util/UntrustedCertificates$1
instanceKlass sun/security/util/UntrustedCertificates
instanceKlass sun/security/provider/certpath/Vertex
instanceKlass java/util/TreeMap$PrivateEntryIterator
instanceKlass org/apache/batik/util/SoftReferenceCache
instanceKlass sun/security/provider/certpath/ForwardBuilder$PKIXCertComparator
instanceKlass org/apache/batik/ext/awt/image/renderable/ClipRable
instanceKlass org/apache/batik/ext/awt/image/renderable/Filter
instanceKlass java/awt/image/renderable/RenderableImage
instanceKlass org/apache/batik/bridge/GenericBridge
instanceKlass org/apache/batik/bridge/ClipBridge
instanceKlass sun/text/normalizer/Trie2$UTrie2Header
instanceKlass sun/text/normalizer/Trie2$1
instanceKlass sun/text/normalizer/Trie2$ValueMapper
instanceKlass sun/text/normalizer/Trie2
instanceKlass sun/text/normalizer/VersionInfo
instanceKlass sun/text/normalizer/ICUBinary$1
instanceKlass sun/text/normalizer/ICUBinary
instanceKlass sun/text/normalizer/NormalizerImpl$IsAcceptable
instanceKlass sun/text/normalizer/ICUBinary$Authenticate
instanceKlass sun/text/normalizer/NormalizerImpl
instanceKlass sun/text/normalizer/Norm2AllModes$Norm2AllModesSingleton
instanceKlass sun/text/normalizer/Norm2AllModes$NFKCSingleton
instanceKlass sun/text/normalizer/Norm2AllModes
instanceKlass sun/text/normalizer/Normalizer2
instanceKlass sun/text/normalizer/NormalizerBase$ModeImpl
instanceKlass org/apache/batik/gvt/font/GVTFontFace
instanceKlass sun/text/normalizer/NormalizerBase$NFKDModeImpl
instanceKlass sun/text/normalizer/NormalizerBase$1
instanceKlass sun/text/normalizer/NormalizerBase$Mode
instanceKlass sun/text/normalizer/NormalizerBase
instanceKlass java/text/Normalizer
instanceKlass sun/security/provider/certpath/Builder
instanceKlass org/apache/batik/bridge/AbstractSVGBridge
instanceKlass org/apache/batik/anim/dom/SVGAnimationTargetContext
instanceKlass sun/security/provider/certpath/ForwardState
instanceKlass sun/security/provider/certpath/State
instanceKlass org/apache/batik/bridge/GraphicsNodeBridge
instanceKlass sun/security/provider/certpath/PKIX$CertStoreComparator
instanceKlass org/apache/batik/bridge/BridgeUpdateHandler
instanceKlass sun/security/provider/certpath/PKIX$ValidatorParams
instanceKlass org/apache/batik/dom/svg/SVGContext
instanceKlass sun/security/provider/certpath/PKIX
instanceKlass java/security/cert/CertPathBuilderSpi
instanceKlass java/security/cert/CertPathBuilderResult
instanceKlass java/security/cert/CertPathBuilder
instanceKlass java/security/cert/CertStoreSpi
instanceKlass java/security/cert/CRLSelector
instanceKlass java/security/cert/CollectionCertStoreParameters
instanceKlass java/security/cert/CertStoreParameters
instanceKlass java/security/cert/PKIXCertPathChecker
instanceKlass java/security/cert/CertPathChecker
instanceKlass java/security/cert/CertStore
instanceKlass org/apache/batik/bridge/SVGBridgeExtension
instanceKlass java/security/cert/TrustAnchor
instanceKlass java/security/cert/PKIXParameters
instanceKlass java/security/cert/CertPathParameters
instanceKlass org/apache/batik/gvt/GraphicsNode
instanceKlass sun/security/x509/GeneralSubtrees
instanceKlass org/apache/batik/bridge/GVTBuilder
instanceKlass sun/security/provider/certpath/CertPathHelper
instanceKlass org/apache/batik/bridge/UserAgentViewport
instanceKlass org/apache/batik/bridge/Viewport
instanceKlass java/security/cert/X509CertSelector
instanceKlass org/apache/batik/util/XMLResourceDescriptor
instanceKlass sun/security/x509/CRLExtensions
instanceKlass sun/security/pkcs/SignerInfo
instanceKlass sun/security/pkcs/PKCS9Attribute
instanceKlass sun/security/x509/AVAKeyword
instanceKlass sun/security/x509/X509CRLImpl$X509IssuerSerial
instanceKlass java/security/cert/X509CRLEntry
instanceKlass org/apache/batik/dom/svg/SVGDocumentFactory
instanceKlass org/apache/batik/bridge/DocumentLoader
instanceKlass org/apache/batik/bridge/BridgeExtension
instanceKlass org/apache/batik/css/engine/CSSEngineListener
instanceKlass sun/security/pkcs/ContentInfo
instanceKlass sun/security/pkcs/PKCS7
instanceKlass org/apache/batik/css/engine/CSSEngineUserAgent
instanceKlass org/apache/batik/bridge/DocumentBridge
instanceKlass org/apache/batik/bridge/Bridge
instanceKlass org/apache/batik/util/SVGFeatureStrings
instanceKlass java/security/SignatureSpi
instanceKlass org/apache/batik/bridge/ExternalResourceSecurity
instanceKlass org/apache/batik/bridge/FontFamilyResolver
instanceKlass org/apache/batik/bridge/ScriptSecurity
instanceKlass com/jetbrains/b/b/a
instanceKlass org/apache/batik/bridge/UserAgentAdapter
instanceKlass com/jetbrains/b/b/D
instanceKlass com/jetbrains/b/b/g
instanceKlass com/jetbrains/b/b/i
instanceKlass com/jetbrains/b/b/c
instanceKlass com/jetbrains/b/b/T
instanceKlass kotlin/SynchronizedLazyImpl
instanceKlass java/security/PrivateKey
instanceKlass kotlin/UNINITIALIZED_VALUE
instanceKlass kotlin/SafePublicationLazyImpl$Companion
instanceKlass kotlin/SafePublicationLazyImpl
instanceKlass kotlin/Lazy
instanceKlass kotlin/LazyKt$WhenMappings
instanceKlass kotlin/LazyKt__LazyJVMKt
instanceKlass com/jetbrains/b/b/O
instanceKlass sun/security/util/MemoryCache$CacheEntry
instanceKlass sun/security/x509/X509AttributeName
instanceKlass sun/security/x509/GeneralName
instanceKlass sun/security/x509/GeneralNames
instanceKlass sun/security/x509/KeyIdentifier
instanceKlass sun/security/x509/OIDMap$OIDInfo
instanceKlass sun/security/x509/PKIXExtensions
instanceKlass sun/security/x509/OIDMap
instanceKlass sun/security/x509/Extension
instanceKlass java/security/cert/Extension
instanceKlass sun/security/x509/CertificateExtensions
instanceKlass sun/security/rsa/RSAUtil
instanceKlass java/security/interfaces/RSAPublicKey
instanceKlass java/security/interfaces/RSAKey
instanceKlass java/security/spec/RSAPrivateKeySpec
instanceKlass java/security/spec/RSAPublicKeySpec
instanceKlass java/security/KeyFactorySpi
instanceKlass java/security/KeyFactory
instanceKlass java/security/spec/EncodedKeySpec
instanceKlass sun/security/util/BitArray
instanceKlass sun/security/x509/X509Key
instanceKlass java/security/PublicKey
instanceKlass kotlin/reflect/jvm/internal/KPropertyImpl$Companion
instanceKlass sun/security/x509/CertificateX509Key
instanceKlass sun/security/x509/CertificateValidity
instanceKlass sun/security/x509/AVA
instanceKlass sun/security/util/DerIndefLenConverter
instanceKlass sun/security/x509/RDN
instanceKlass javax/security/auth/x500/X500Principal
instanceKlass sun/security/x509/X500Name$1
instanceKlass kotlin/reflect/jvm/internal/KCallableImpl
instanceKlass sun/security/x509/X500Name
instanceKlass sun/security/x509/GeneralNameInterface
instanceKlass sun/security/x509/CertificateAlgorithmId
instanceKlass sun/security/x509/SerialNumber
instanceKlass sun/security/x509/CertificateSerialNumber
instanceKlass sun/security/x509/CertificateVersion
instanceKlass sun/security/x509/X509CertInfo
instanceKlass sun/security/x509/CertAttrSet
instanceKlass sun/security/x509/AlgorithmId
instanceKlass kotlin/reflect/jvm/internal/pcollections/MapEntry
instanceKlass kotlin/reflect/jvm/internal/ReflectProperties$Val$1
instanceKlass sun/security/util/IOUtils
instanceKlass sun/security/util/DerInputStream
instanceKlass kotlin/reflect/jvm/internal/ReflectProperties$Val
instanceKlass sun/security/util/DerValue
instanceKlass kotlin/reflect/jvm/internal/ReflectProperties
instanceKlass kotlin/jvm/internal/Lambda
instanceKlass kotlin/text/Regex$Companion
instanceKlass kotlin/text/Regex
instanceKlass sun/security/util/Cache$EqualByteArray
instanceKlass kotlin/jvm/internal/DefaultConstructorMarker
instanceKlass kotlin/reflect/jvm/internal/KDeclarationContainerImpl$Companion
instanceKlass sun/security/util/Cache
instanceKlass java/security/cert/CertificateFactorySpi
instanceKlass java/security/cert/CertPath
instanceKlass kotlin/reflect/jvm/internal/impl/resolve/scopes/ResolutionScope
instanceKlass java/security/cert/CRL
instanceKlass java/security/cert/CertificateFactory
instanceKlass kotlin/reflect/jvm/internal/KClassifierImpl
instanceKlass kotlin/reflect/jvm/internal/pcollections/ConsPStack
instanceKlass kotlin/reflect/jvm/internal/pcollections/IntTree
instanceKlass kotlin/reflect/jvm/internal/pcollections/IntTreePMap
instanceKlass kotlin/reflect/jvm/internal/pcollections/HashPMap
instanceKlass kotlin/reflect/jvm/internal/KClassCacheKt
instanceKlass java/security/cert/CertSelector
instanceKlass com/jetbrains/b/a/a
instanceKlass com/jetbrains/b/b/ay
instanceKlass kotlin/reflect/jvm/internal/KDeclarationContainerImpl
instanceKlass kotlin/jvm/internal/ClassBasedDeclarationContainer
instanceKlass com/jetbrains/b/b/p
instanceKlass kotlin/jvm/internal/FunctionBase
instanceKlass kotlin/reflect/KMutableProperty0
instanceKlass kotlin/reflect/KMutableProperty1
instanceKlass kotlin/reflect/KMutableProperty2
instanceKlass kotlin/reflect/KMutableProperty
instanceKlass kotlin/reflect/KProperty2
instanceKlass kotlin/jvm/functions/Function2
instanceKlass kotlin/reflect/KProperty0
instanceKlass kotlin/jvm/functions/Function0
instanceKlass kotlin/reflect/KClass
instanceKlass kotlin/reflect/KClassifier
instanceKlass kotlin/jvm/internal/ReflectionFactory
instanceKlass kotlin/jvm/internal/Reflection
instanceKlass kotlin/jvm/internal/CallableReference$NoReceiver
instanceKlass kotlin/reflect/KProperty$Getter
instanceKlass kotlin/reflect/KFunction
instanceKlass kotlin/reflect/KProperty$Accessor
instanceKlass com/jetbrains/b/b/j
instanceKlass java/util/Base64$Encoder
instanceKlass java/util/Base64$Decoder
instanceKlass java/util/Base64
instanceKlass kotlin/jvm/internal/CallableReference
instanceKlass com/jetbrains/b/b/H
instanceKlass kotlin/reflect/KProperty1
instanceKlass kotlin/jvm/functions/Function1
instanceKlass kotlin/Function
instanceKlass kotlin/reflect/KProperty
instanceKlass kotlin/reflect/KCallable
instanceKlass kotlin/reflect/KAnnotatedElement
instanceKlass kotlin/reflect/KDeclarationContainer
instanceKlass com/intellij/ui/svg/MyTranscoder$Companion
instanceKlass org/apache/batik/transcoder/DefaultErrorHandler
instanceKlass org/apache/batik/gvt/renderer/ImageRendererFactory
instanceKlass org/apache/batik/gvt/renderer/RendererFactory
instanceKlass com/sun/crypto/provider/PBKDF2KeyImpl$$Lambda$246
instanceKlass org/apache/batik/bridge/UserAgent
instanceKlass org/apache/batik/bridge/BridgeContext
instanceKlass org/apache/batik/css/engine/CSSContext
instanceKlass org/apache/batik/bridge/ErrorConstants
instanceKlass org/apache/batik/transcoder/TranscodingHints$Key
instanceKlass org/apache/batik/dom/util/DocumentFactory
instanceKlass org/apache/batik/transcoder/ErrorHandler
instanceKlass org/apache/batik/transcoder/TranscoderSupport
instanceKlass org/apache/batik/transcoder/Transcoder
instanceKlass org/apache/batik/transcoder/TranscoderInput
instanceKlass org/apache/batik/util/ParsedURLData
instanceKlass org/apache/batik/Version
instanceKlass org/apache/batik/util/AbstractParsedURLProtocolHandler
instanceKlass org/apache/batik/util/ParsedURLProtocolHandler
instanceKlass org/apache/batik/util/ParsedURL
instanceKlass org/apache/batik/parser/PathHandler
instanceKlass org/w3c/dom/svg/SVGPathSegList
instanceKlass org/w3c/dom/svg/SVGPathSegLinetoVerticalRel
instanceKlass org/w3c/dom/svg/SVGPathSegArcRel
instanceKlass org/w3c/dom/svg/SVGPathSegCurvetoCubicAbs
instanceKlass org/w3c/dom/svg/SVGPathSegLinetoVerticalAbs
instanceKlass org/w3c/dom/svg/SVGPathSegArcAbs
instanceKlass org/w3c/dom/svg/SVGPathSegCurvetoCubicRel
instanceKlass org/w3c/dom/svg/SVGPathSegLinetoRel
instanceKlass org/w3c/dom/svg/SVGPathSegLinetoAbs
instanceKlass org/w3c/dom/svg/SVGPathSegMovetoRel
instanceKlass org/w3c/dom/svg/SVGPathSegMovetoAbs
instanceKlass org/w3c/dom/svg/SVGPathSegClosePath
instanceKlass org/w3c/dom/svg/SVGPathSegCurvetoCubicSmoothAbs
instanceKlass org/w3c/dom/svg/SVGPathSegCurvetoCubicSmoothRel
instanceKlass org/w3c/dom/svg/SVGPathSegCurvetoQuadraticRel
instanceKlass org/w3c/dom/svg/SVGPathSegLinetoHorizontalRel
instanceKlass org/w3c/dom/svg/SVGPathSegLinetoHorizontalAbs
instanceKlass org/w3c/dom/svg/SVGPathSegCurvetoQuadraticAbs
instanceKlass org/w3c/dom/svg/SVGPathSegCurvetoQuadraticSmoothAbs
instanceKlass org/w3c/dom/svg/SVGPathSegCurvetoQuadraticSmoothRel
instanceKlass org/w3c/dom/svg/SVGPathSeg
instanceKlass org/apache/batik/dom/svg/SVGPathSegConstants
instanceKlass org/w3c/dom/svg/SVGPathElement
instanceKlass org/w3c/dom/svg/SVGAnimatedPathData
instanceKlass org/w3c/dom/svg/SVGUseElement
instanceKlass org/w3c/dom/svg/SVGGElement
instanceKlass org/w3c/dom/svg/SVGPointList
instanceKlass org/w3c/dom/svg/SVGPolygonElement
instanceKlass org/w3c/dom/svg/SVGAnimatedPoints
instanceKlass org/w3c/dom/svg/SVGAnimatedNumber
instanceKlass org/w3c/dom/svg/SVGStopElement
instanceKlass org/apache/batik/util/CleanerThread$ReferenceCleared
instanceKlass org/w3c/dom/svg/SVGAnimatedEnumeration
instanceKlass org/w3c/dom/svg/SVGLinearGradientElement
instanceKlass org/w3c/dom/svg/SVGGradientElement
instanceKlass org/w3c/dom/svg/SVGUnitTypes
instanceKlass org/w3c/dom/svg/SVGURIReference
instanceKlass org/w3c/dom/svg/SVGTransformList
instanceKlass org/w3c/dom/svg/SVGAnimatedTransformList
instanceKlass org/apache/batik/dom/svg/SVGMotionAnimatableElement
instanceKlass org/w3c/dom/svg/SVGDefsElement
instanceKlass org/w3c/dom/svg/SVGTransformable
instanceKlass org/w3c/dom/svg/SVGPreserveAspectRatio
instanceKlass org/apache/batik/anim/dom/AbstractSVGAnimatedValue
instanceKlass org/apache/batik/anim/dom/AnimatedLiveAttributeValue
instanceKlass org/apache/batik/dom/AbstractParentNode$ChildNodes
instanceKlass org/apache/batik/dom/AbstractElement$Entry
instanceKlass org/apache/batik/dom/AbstractElement$NamedNodeHashMap
instanceKlass org/apache/batik/anim/dom/AttributeInitializer
instanceKlass org/apache/batik/anim/dom/TraitInformation
instanceKlass org/apache/batik/util/DoublyIndexedTable$Entry
instanceKlass org/apache/batik/util/DoublyIndexedTable
instanceKlass org/w3c/dom/svg/SVGAnimatedBoolean
instanceKlass org/w3c/dom/svg/SVGAnimatedPreserveAspectRatio
instanceKlass org/w3c/dom/svg/SVGAnimatedRect
instanceKlass org/w3c/dom/svg/SVGNumber
instanceKlass org/w3c/dom/svg/SVGTransform
instanceKlass org/w3c/dom/svg/SVGLength
instanceKlass org/w3c/dom/svg/SVGAngle
instanceKlass org/w3c/dom/svg/SVGPoint
instanceKlass org/w3c/dom/svg/SVGMatrix
instanceKlass org/w3c/dom/svg/SVGAnimatedLength
instanceKlass org/w3c/dom/svg/SVGRect
instanceKlass org/w3c/dom/svg/SVGAnimatedString
instanceKlass org/w3c/dom/css/CSSValue
instanceKlass org/w3c/dom/css/CSSStyleDeclaration
instanceKlass org/apache/batik/dom/svg/LiveAttributeValue
instanceKlass org/apache/batik/parser/UnitProcessor$Context
instanceKlass org/apache/batik/anim/values/AnimatableValue
instanceKlass org/w3c/dom/NamedNodeMap
instanceKlass org/w3c/dom/TypeInfo
instanceKlass org/apache/batik/css/engine/CSSNavigableNode
instanceKlass org/apache/batik/anim/dom/AnimationTarget
instanceKlass org/apache/batik/dom/svg/ExtendedTraitAccess
instanceKlass org/apache/batik/dom/svg/TraitAccess
instanceKlass org/apache/batik/css/engine/CSSStylableElement
instanceKlass org/w3c/dom/svg/SVGSVGElement
instanceKlass org/w3c/dom/svg/SVGZoomAndPan
instanceKlass org/w3c/dom/svg/SVGFitToViewBox
instanceKlass org/w3c/dom/svg/SVGLocatable
instanceKlass org/w3c/dom/svg/SVGStylable
instanceKlass org/w3c/dom/svg/SVGExternalResourcesRequired
instanceKlass org/w3c/dom/svg/SVGLangSpace
instanceKlass org/w3c/dom/svg/SVGTests
instanceKlass org/w3c/dom/svg/SVGElement
instanceKlass org/apache/batik/xml/XMLCharacters
instanceKlass org/apache/batik/anim/dom/SVGOMDocument$AnimAttrListener
instanceKlass org/apache/batik/dom/xbl/GenericXBLManager
instanceKlass org/apache/batik/dom/AbstractNode$1
instanceKlass org/apache/batik/anim/dom/AnimatedAttributeListener
instanceKlass org/w3c/dom/events/EventListener
instanceKlass org/w3c/dom/EntityReference
instanceKlass org/w3c/dom/ProcessingInstruction
instanceKlass org/w3c/dom/CDATASection
instanceKlass org/w3c/dom/Comment
instanceKlass org/w3c/dom/Text
instanceKlass org/w3c/dom/CharacterData
instanceKlass org/w3c/dom/DocumentFragment
instanceKlass org/w3c/dom/xpath/XPathNSResolver
instanceKlass org/apache/batik/dom/xbl/XBLManager
instanceKlass org/w3c/dom/DOMError
instanceKlass org/w3c/dom/xpath/XPathExpression
instanceKlass org/apache/batik/w3c/dom/ElementTraversal
instanceKlass org/w3c/dom/DOMConfiguration
instanceKlass org/w3c/dom/Attr
instanceKlass org/w3c/dom/NodeList
instanceKlass org/w3c/dom/events/Event
instanceKlass org/apache/batik/dom/AbstractNode
instanceKlass org/apache/batik/dom/xbl/XBLManagerData
instanceKlass org/apache/batik/dom/xbl/NodeXBL
instanceKlass org/apache/batik/dom/ExtendedNode
instanceKlass org/apache/batik/dom/events/NodeEventTarget
instanceKlass org/w3c/dom/events/EventTarget
instanceKlass org/w3c/dom/xpath/XPathEvaluator
instanceKlass org/w3c/dom/traversal/DocumentTraversal
instanceKlass org/w3c/dom/views/DocumentView
instanceKlass org/w3c/dom/css/DocumentCSS
instanceKlass org/w3c/dom/stylesheets/DocumentStyle
instanceKlass org/apache/batik/dom/svg/IdContainer
instanceKlass org/apache/batik/css/engine/CSSNavigableDocument
instanceKlass org/apache/batik/util/SVGConstants
instanceKlass org/apache/batik/constants/XMLConstants
instanceKlass org/apache/batik/util/CSSConstants
instanceKlass org/w3c/dom/svg/SVGDocument
instanceKlass org/w3c/dom/events/DocumentEvent
instanceKlass kotlin/text/StringsKt__IndentKt
instanceKlass org/apache/xerces/impl/Constants$ArrayEnumeration
instanceKlass org/apache/xerces/impl/Constants
instanceKlass org/apache/xerces/util/XMLChar
instanceKlass org/apache/batik/dom/util/HashTableStack$Link
instanceKlass org/apache/batik/dom/util/HashTableStack
instanceKlass org/apache/xerces/parsers/AbstractSAXParser$LocatorProxy
instanceKlass org/xml/sax/ext/Locator2
instanceKlass org/apache/xerces/util/XMLSymbols
instanceKlass org/apache/xerces/impl/XMLEntityManager$EncodingInfo
instanceKlass org/apache/xerces/util/URI
instanceKlass org/apache/xerces/xni/parser/XMLInputSource
instanceKlass org/apache/xerces/util/ErrorHandlerWrapper
instanceKlass org/apache/xerces/impl/ExternalSubsetResolver
instanceKlass org/apache/xerces/util/EntityResolverWrapper
instanceKlass org/xml/sax/ext/EntityResolver2
instanceKlass org/xml/sax/InputSource
instanceKlass java/util/LinkedList$ListItr
instanceKlass org/apache/batik/util/Service
instanceKlass org/apache/batik/dom/DomExtension
instanceKlass org/apache/batik/anim/dom/SVGDOMImplementation$VkernElementFactory
instanceKlass org/apache/batik/anim/dom/SVGDOMImplementation$ViewElementFactory
instanceKlass org/apache/batik/anim/dom/SVGDOMImplementation$UseElementFactory
instanceKlass org/apache/batik/anim/dom/SVGDOMImplementation$TspanElementFactory
instanceKlass org/apache/batik/anim/dom/SVGDOMImplementation$TrefElementFactory
instanceKlass org/apache/batik/anim/dom/SVGDOMImplementation$TitleElementFactory
instanceKlass org/apache/batik/anim/dom/SVGDOMImplementation$TextPathElementFactory
instanceKlass org/apache/batik/anim/dom/SVGDOMImplementation$TextElementFactory
instanceKlass org/apache/batik/anim/dom/SVGDOMImplementation$SymbolElementFactory
instanceKlass org/apache/batik/anim/dom/SVGDOMImplementation$SwitchElementFactory
instanceKlass org/apache/batik/anim/dom/SVGDOMImplementation$SvgElementFactory
instanceKlass org/apache/batik/anim/dom/SVGDOMImplementation$StyleElementFactory
instanceKlass org/apache/batik/anim/dom/SVGDOMImplementation$StopElementFactory
instanceKlass org/apache/batik/anim/dom/SVGDOMImplementation$ScriptElementFactory
instanceKlass org/apache/batik/anim/dom/SVGDOMImplementation$SetElementFactory
instanceKlass org/apache/batik/anim/dom/SVGDOMImplementation$RectElementFactory
instanceKlass org/apache/batik/anim/dom/SVGDOMImplementation$RadialGradientElementFactory
instanceKlass org/apache/batik/anim/dom/SVGDOMImplementation$PolylineElementFactory
instanceKlass org/apache/batik/anim/dom/SVGDOMImplementation$PolygonElementFactory
instanceKlass org/apache/batik/anim/dom/SVGDOMImplementation$PatternElementFactory
instanceKlass org/apache/batik/anim/dom/SVGDOMImplementation$PathElementFactory
instanceKlass org/apache/batik/anim/dom/SVGDOMImplementation$MpathElementFactory
instanceKlass org/apache/batik/anim/dom/SVGDOMImplementation$MissingGlyphElementFactory
instanceKlass org/apache/batik/anim/dom/SVGDOMImplementation$MetadataElementFactory
instanceKlass org/apache/batik/anim/dom/SVGDOMImplementation$MaskElementFactory
instanceKlass org/apache/batik/anim/dom/SVGDOMImplementation$MarkerElementFactory
instanceKlass org/apache/batik/anim/dom/SVGDOMImplementation$LinearGradientElementFactory
instanceKlass org/apache/batik/anim/dom/SVGDOMImplementation$LineElementFactory
instanceKlass org/apache/batik/anim/dom/SVGDOMImplementation$ImageElementFactory
instanceKlass org/apache/batik/anim/dom/SVGDOMImplementation$HkernElementFactory
instanceKlass org/apache/batik/anim/dom/SVGDOMImplementation$GlyphRefElementFactory
instanceKlass org/apache/batik/anim/dom/SVGDOMImplementation$GlyphElementFactory
instanceKlass org/apache/batik/anim/dom/SVGDOMImplementation$GElementFactory
instanceKlass org/apache/batik/anim/dom/SVGDOMImplementation$ForeignObjectElementFactory
instanceKlass org/apache/batik/anim/dom/SVGDOMImplementation$FontFaceUriElementFactory
instanceKlass org/apache/batik/anim/dom/SVGDOMImplementation$FontFaceSrcElementFactory
instanceKlass org/apache/batik/anim/dom/SVGDOMImplementation$FontFaceNameElementFactory
instanceKlass org/apache/batik/anim/dom/SVGDOMImplementation$FontFaceFormatElementFactory
instanceKlass org/apache/batik/anim/dom/SVGDOMImplementation$FontFaceElementFactory
instanceKlass org/apache/batik/anim/dom/SVGDOMImplementation$FontElementFactory
instanceKlass org/apache/batik/anim/dom/SVGDOMImplementation$FilterElementFactory
instanceKlass org/apache/batik/anim/dom/SVGDOMImplementation$FeTurbulenceElementFactory
instanceKlass org/apache/batik/anim/dom/SVGDOMImplementation$FeTileElementFactory
instanceKlass org/apache/batik/anim/dom/SVGDOMImplementation$FeSpotLightElementFactory
instanceKlass org/apache/batik/anim/dom/SVGDOMImplementation$FeSpecularLightingElementFactory
instanceKlass org/apache/batik/anim/dom/SVGDOMImplementation$FePointLightElementFactory
instanceKlass org/apache/batik/anim/dom/SVGDOMImplementation$FeOffsetElementFactory
instanceKlass org/apache/batik/anim/dom/SVGDOMImplementation$FeMorphologyElementFactory
instanceKlass org/apache/batik/anim/dom/SVGDOMImplementation$FeMergeNodeElementFactory
instanceKlass org/apache/batik/anim/dom/SVGDOMImplementation$FeMergeElementFactory
instanceKlass org/apache/batik/anim/dom/SVGDOMImplementation$FeImageElementFactory
instanceKlass org/apache/batik/anim/dom/SVGDOMImplementation$FeGaussianBlurElementFactory
instanceKlass org/apache/batik/anim/dom/SVGDOMImplementation$FeFuncBElementFactory
instanceKlass org/apache/batik/anim/dom/SVGDOMImplementation$FeFuncGElementFactory
instanceKlass org/apache/batik/anim/dom/SVGDOMImplementation$FeFuncRElementFactory
instanceKlass org/apache/batik/anim/dom/SVGDOMImplementation$FeFuncAElementFactory
instanceKlass org/apache/batik/anim/dom/SVGDOMImplementation$FeFloodElementFactory
instanceKlass org/apache/batik/anim/dom/SVGDOMImplementation$FeDistantLightElementFactory
instanceKlass org/apache/batik/anim/dom/SVGDOMImplementation$FeDisplacementMapElementFactory
instanceKlass org/apache/batik/anim/dom/SVGDOMImplementation$FeDiffuseLightingElementFactory
instanceKlass org/apache/batik/anim/dom/SVGDOMImplementation$FeConvolveMatrixElementFactory
instanceKlass org/apache/batik/anim/dom/SVGDOMImplementation$FeCompositeElementFactory
instanceKlass org/apache/batik/anim/dom/SVGDOMImplementation$FeComponentTransferElementFactory
instanceKlass org/apache/batik/anim/dom/SVGDOMImplementation$FeColorMatrixElementFactory
instanceKlass org/apache/batik/anim/dom/SVGDOMImplementation$FeBlendElementFactory
instanceKlass org/apache/batik/anim/dom/SVGDOMImplementation$EllipseElementFactory
instanceKlass org/apache/batik/anim/dom/SVGDOMImplementation$DescElementFactory
instanceKlass com/sun/crypto/provider/PBKDF2KeyImpl$1
instanceKlass org/apache/batik/anim/dom/SVGDOMImplementation$DefsElementFactory
instanceKlass javax/crypto/MacSpi
instanceKlass org/apache/batik/anim/dom/SVGDOMImplementation$DefinitionSrcElementFactory
instanceKlass org/apache/batik/anim/dom/SVGDOMImplementation$CursorElementFactory
instanceKlass javax/crypto/Mac
instanceKlass org/apache/batik/anim/dom/SVGDOMImplementation$ColorProfileElementFactory
instanceKlass org/apache/batik/anim/dom/SVGDOMImplementation$ClipPathElementFactory
instanceKlass com/sun/crypto/provider/PBKDF2KeyImpl
instanceKlass javax/crypto/interfaces/PBEKey
instanceKlass org/apache/batik/anim/dom/SVGDOMImplementation$CircleElementFactory
instanceKlass org/apache/batik/anim/dom/SVGDOMImplementation$AnimateTransformElementFactory
instanceKlass org/apache/batik/anim/dom/SVGDOMImplementation$AnimateMotionElementFactory
instanceKlass javax/crypto/spec/PBEKeySpec
instanceKlass org/apache/batik/anim/dom/SVGDOMImplementation$AnimateColorElementFactory
instanceKlass javax/crypto/spec/SecretKeySpec
instanceKlass org/apache/batik/anim/dom/SVGDOMImplementation$AnimateElementFactory
instanceKlass org/apache/batik/anim/dom/SVGDOMImplementation$AltGlyphItemElementFactory
instanceKlass org/apache/batik/anim/dom/SVGDOMImplementation$AltGlyphDefElementFactory
instanceKlass org/apache/batik/anim/dom/SVGDOMImplementation$AltGlyphElementFactory
instanceKlass org/apache/batik/anim/dom/SVGDOMImplementation$AElementFactory
instanceKlass org/apache/batik/dom/ExtensibleDOMImplementation$ElementFactory
instanceKlass org/apache/batik/dom/events/DocumentEventSupport$EventFactory
instanceKlass com/intellij/ide/b/b
instanceKlass org/w3c/dom/css/ViewCSS
instanceKlass org/w3c/dom/views/AbstractView
instanceKlass org/apache/batik/css/engine/CSSEngine
instanceKlass org/w3c/dom/DocumentType
instanceKlass org/w3c/dom/Element
instanceKlass org/apache/batik/dom/AbstractDOMImplementation
instanceKlass org/apache/batik/dom/StyleSheetFactory
instanceKlass org/w3c/dom/css/DOMImplementationCSS
instanceKlass org/w3c/dom/DOMImplementation
instanceKlass org/apache/batik/dom/util/CSSStyleDeclarationFactory
instanceKlass com/intellij/openapi/application/ApplicationListener
instanceKlass com/intellij/ui/svg/SaxSvgDocumentFactory$Companion
instanceKlass org/apache/xerces/parsers/AbstractSAXParser$AttributesProxy
instanceKlass org/xml/sax/ext/Attributes2
instanceKlass org/apache/xerces/impl/msg/XMLMessageFormatter
instanceKlass org/apache/xerces/impl/XMLVersionDetector
instanceKlass org/apache/xerces/impl/validation/ValidationManager
instanceKlass org/apache/xerces/impl/dv/dtd/NMTOKENDatatypeValidator
instanceKlass org/apache/xerces/impl/dv/dtd/NOTATIONDatatypeValidator
instanceKlass org/apache/xerces/impl/dv/dtd/ENTITYDatatypeValidator
instanceKlass org/apache/xerces/impl/dv/dtd/ListDatatypeValidator
instanceKlass com/intellij/a/a/b
instanceKlass org/apache/xerces/impl/dv/dtd/IDREFDatatypeValidator
instanceKlass org/apache/xerces/impl/dv/dtd/IDDatatypeValidator
instanceKlass org/apache/xerces/impl/dv/dtd/StringDatatypeValidator
instanceKlass com/intellij/ide/a/g/a9
instanceKlass org/apache/xerces/impl/dv/DatatypeValidator
instanceKlass com/intellij/a/a/c
instanceKlass org/apache/xerces/impl/dv/SecuritySupport$3
instanceKlass org/apache/xerces/impl/dv/SecuritySupport$2
instanceKlass org/apache/xerces/impl/dv/SecuritySupport$1
instanceKlass org/apache/xerces/impl/dv/SecuritySupport$4
instanceKlass org/apache/xerces/impl/dv/SecuritySupport
instanceKlass org/apache/xerces/impl/dv/ObjectFactory
instanceKlass org/apache/xerces/impl/dv/DTDDVFactory
instanceKlass com/intellij/a/e/p
instanceKlass org/apache/xerces/impl/dtd/DTDGrammarBucket
instanceKlass com/intellij/ide/a/q
instanceKlass org/apache/xerces/impl/dtd/XMLAttributeDecl
instanceKlass org/apache/xerces/impl/dtd/XMLSimpleType
instanceKlass org/apache/xerces/impl/dtd/XMLElementDecl
instanceKlass org/apache/xerces/impl/validation/ValidationState
instanceKlass com/intellij/ide/a/g/d
instanceKlass org/apache/xerces/impl/dtd/DTDGrammar
instanceKlass org/apache/xerces/xni/grammars/Grammar
instanceKlass org/apache/xerces/impl/validation/EntityState
instanceKlass org/apache/xerces/impl/dv/ValidationContext
instanceKlass org/apache/xerces/impl/dtd/XMLEntityDecl
instanceKlass com/intellij/ide/a/g/as
instanceKlass org/apache/xerces/impl/dtd/XMLDTDProcessor
instanceKlass org/apache/xerces/xni/parser/XMLDTDContentModelFilter
instanceKlass org/apache/xerces/xni/parser/XMLDTDFilter
instanceKlass com/intellij/ide/a/o
instanceKlass java/time/Instant
instanceKlass java/time/temporal/TemporalAdjuster
instanceKlass java/time/temporal/Temporal
instanceKlass java/time/temporal/TemporalAccessor
instanceKlass java/io/ObjectOutput
instanceKlass java/io/ObjectStreamConstants
instanceKlass java/io/ObjectInput
instanceKlass org/apache/xerces/impl/XMLDocumentScannerImpl$TrailingMiscDispatcher
instanceKlass com/intellij/ide/a/g/k
instanceKlass org/apache/xerces/impl/XMLDocumentScannerImpl$DTDDispatcher
instanceKlass org/apache/xerces/impl/XMLDocumentScannerImpl$PrologDispatcher
instanceKlass com/intellij/a/e/e
instanceKlass org/apache/xerces/impl/XMLDocumentScannerImpl$XMLDeclDispatcher
instanceKlass com/intellij/ide/a/b/g
instanceKlass org/apache/xerces/util/NamespaceSupport
instanceKlass org/apache/xerces/util/XMLAttributesImpl$Attribute
instanceKlass com/intellij/ide/a/s
instanceKlass com/intellij/ide/a/g/aR
instanceKlass com/intellij/a/a/g
instanceKlass com/intellij/ide/a/g/R
instanceKlass org/apache/xerces/util/XMLAttributesImpl
instanceKlass org/apache/xerces/impl/XMLDocumentFragmentScannerImpl$FragmentContentDispatcher
instanceKlass java/util/function/UnaryOperator
instanceKlass org/apache/xerces/xni/QName
instanceKlass org/apache/xerces/impl/XMLDocumentFragmentScannerImpl$ElementStack
instanceKlass com/jetbrains/a/a
instanceKlass com/intellij/ide/a/y
instanceKlass org/apache/xerces/xni/grammars/XMLDTDDescription
instanceKlass org/apache/xerces/xni/grammars/XMLGrammarDescription
instanceKlass com/intellij/ide/a/v
instanceKlass org/apache/xerces/xni/XMLAttributes
instanceKlass org/apache/xerces/impl/XMLDocumentFragmentScannerImpl$Dispatcher
instanceKlass com/intellij/ide/a/g/an
instanceKlass org/apache/xerces/xni/XMLString
instanceKlass org/apache/xerces/impl/XMLScanner
instanceKlass com/jetbrains/ls/requests/AbstractRequest$UserIdentification
instanceKlass org/apache/xerces/impl/XMLEntityHandler
instanceKlass com/intellij/openapi/application/PermanentInstallationID
instanceKlass org/apache/xerces/impl/XMLErrorReporter
instanceKlass com/jetbrains/b/b/V
instanceKlass org/apache/xerces/impl/XMLEntityManager$CharacterBuffer
instanceKlass org/apache/xerces/impl/XMLEntityManager$CharacterBufferPool
instanceKlass java/net/InetAddress$CachedLocalHost
instanceKlass org/apache/xerces/impl/XMLEntityManager$ByteBufferPool
instanceKlass org/apache/xerces/util/AugmentationsImpl$AugmentationsItemsContainer
instanceKlass org/apache/xerces/util/AugmentationsImpl
instanceKlass org/apache/xerces/util/XMLResourceIdentifierImpl
instanceKlass org/apache/xerces/impl/XMLEntityManager$1
instanceKlass org/apache/xerces/impl/XMLEntityScanner
instanceKlass com/jetbrains/b/b/aY
instanceKlass org/apache/xerces/impl/XMLEntityManager$Entity
instanceKlass org/apache/xerces/xni/XMLResourceIdentifier
instanceKlass com/jetbrains/b/b/P
instanceKlass com/intellij/concurrency/JobScheduler
instanceKlass com/intellij/ide/a/g/aI$$Lambda$245
instanceKlass com/intellij/a/b/d
instanceKlass org/apache/xerces/xni/Augmentations
instanceKlass org/jetbrains/ide/PooledThreadExecutor
instanceKlass org/apache/xerces/impl/XMLEntityManager
instanceKlass com/intellij/a/c/a/b
instanceKlass org/apache/xerces/util/SymbolTable$Entry
instanceKlass org/apache/xerces/xni/grammars/XMLGrammarPool
instanceKlass org/apache/xerces/util/SymbolTable
instanceKlass com/intellij/a/d/a/c
instanceKlass org/apache/xerces/xni/NamespaceContext
instanceKlass com/intellij/a/d/j
instanceKlass java/net/DatagramSocket
instanceKlass org/apache/xerces/xni/parser/XMLDocumentScanner
instanceKlass com/intellij/a/d/a/d
instanceKlass org/apache/xerces/util/MessageFormatter
instanceKlass org/apache/xerces/impl/dtd/XMLDTDValidator
instanceKlass com/intellij/a/d/a/b
instanceKlass org/apache/xerces/impl/dtd/XMLDTDValidatorFilter
instanceKlass com/intellij/ide/a/g/aI$$Lambda$244
instanceKlass com/intellij/a/f/c
instanceKlass java/lang/invoke/LambdaForm$DMH
instanceKlass com/intellij/a/a/h
instanceKlass org/apache/xerces/xni/parser/XMLDTDScanner
instanceKlass org/apache/xerces/xni/parser/XMLDTDContentModelSource
instanceKlass com/intellij/a/d/c
instanceKlass com/intellij/ide/a/g/aC
instanceKlass org/apache/xerces/xni/XMLLocator
instanceKlass org/apache/xerces/util/ParserConfigurationSettings
instanceKlass org/apache/xerces/parsers/XML11Configurable
instanceKlass com/intellij/a/f/a/b
instanceKlass org/apache/xerces/xni/parser/XMLPullParserConfiguration
instanceKlass com/intellij/a/b/b
instanceKlass org/apache/xerces/xni/parser/XMLParserConfiguration
instanceKlass com/intellij/a/d/b
instanceKlass com/intellij/a/g/SimpleFactory
instanceKlass com/intellij/a/g/Log
instanceKlass com/intellij/a/g/Logger
instanceKlass com/intellij/ide/a/g/ab
instanceKlass org/apache/xerces/parsers/SecuritySupport$6
instanceKlass org/apache/xerces/parsers/SecuritySupport$7
instanceKlass org/apache/xerces/parsers/SecuritySupport$3
instanceKlass org/apache/xerces/parsers/SecuritySupport$2
instanceKlass org/apache/xerces/parsers/SecuritySupport$1
instanceKlass org/apache/xerces/parsers/SecuritySupport$4
instanceKlass com/intellij/ide/a/e/l
instanceKlass org/apache/xerces/parsers/SecuritySupport
instanceKlass org/apache/xerces/parsers/ObjectFactory
instanceKlass javax/swing/WindowConstants
instanceKlass com/intellij/ide/a/e/R
instanceKlass com/intellij/ide/a/e/u
instanceKlass org/apache/xerces/xni/parser/XMLErrorHandler
instanceKlass org/xml/sax/Attributes
instanceKlass org/xml/sax/AttributeList
instanceKlass org/apache/xerces/xni/parser/XMLEntityResolver
instanceKlass com/intellij/ide/a/r
instanceKlass com/intellij/ide/a/p
instanceKlass org/xml/sax/Locator
instanceKlass com/intellij/ide/a/B
instanceKlass org/apache/xerces/parsers/XMLParser
instanceKlass org/apache/xerces/xni/XMLDTDContentModelHandler
instanceKlass com/intellij/ide/a/z
instanceKlass com/intellij/a/a/a
instanceKlass com/intellij/ide/a/A
instanceKlass com/intellij/a/b/c
instanceKlass com/intellij/ide/a/t
instanceKlass org/xml/sax/Parser
instanceKlass org/xml/sax/XMLReader
instanceKlass com/intellij/a/d/i
instanceKlass com/intellij/a/d/l
instanceKlass org/apache/xerces/jaxp/TeeXMLDocumentFilterImpl
instanceKlass com/intellij/a/c/d
instanceKlass com/intellij/a/g/LoggerFactory
instanceKlass org/apache/xerces/impl/xs/XMLSchemaValidator
instanceKlass org/apache/xerces/impl/xs/XSElementDeclHelper
instanceKlass org/apache/xerces/impl/RevalidationHandler
instanceKlass com/intellij/ide/a/x
instanceKlass org/apache/xerces/impl/xs/identity/FieldActivator
instanceKlass org/apache/xerces/xni/parser/XMLDocumentFilter
instanceKlass org/apache/xerces/xni/parser/XMLDocumentSource
instanceKlass org/apache/xerces/xni/XMLDocumentHandler
instanceKlass org/apache/xerces/xni/parser/XMLComponent
instanceKlass org/apache/xerces/xni/parser/XMLComponentManager
instanceKlass org/apache/xerces/xni/parser/XMLDTDSource
instanceKlass org/apache/xerces/xni/XMLDTDHandler
instanceKlass com/intellij/idea/StartupUtil$$Lambda$243
instanceKlass java/util/Comparator$$Lambda$242
instanceKlass org/xml/sax/DocumentHandler
instanceKlass com/intellij/ide/gdpr/ConsentOptions$$Lambda$241
instanceKlass org/apache/xerces/xs/PSVIProvider
instanceKlass org/apache/xerces/jaxp/JAXPConstants
instanceKlass javax/xml/parsers/SAXParser
instanceKlass com/intellij/ide/gdpr/ConsentBase
instanceKlass javax/xml/parsers/FactoryFinder$1
instanceKlass jdk/xml/internal/SecuritySupport$$Lambda$240
instanceKlass javax/xml/parsers/FactoryFinder$$Lambda$239
instanceKlass javax/xml/parsers/FactoryFinder
instanceKlass sun/reflect/generics/tree/ClassSignature
instanceKlass sun/reflect/generics/tree/Signature
instanceKlass sun/reflect/generics/tree/FormalTypeParameter
instanceKlass com/intellij/ui/svg/SaxDocumentFactory$Companion
instanceKlass sun/reflect/generics/repository/AbstractRepository
instanceKlass com/google/gson/internal/Primitives
instanceKlass com/google/gson/annotations/SerializedName
instanceKlass org/xml/sax/helpers/DefaultHandler
instanceKlass org/xml/sax/ErrorHandler
instanceKlass org/xml/sax/ContentHandler
instanceKlass org/xml/sax/DTDHandler
instanceKlass org/xml/sax/EntityResolver
instanceKlass com/google/gson/internal/ConstructorConstructor$3
instanceKlass com/intellij/openapi/util/io/win32/FileInfo
instanceKlass org/xml/sax/ext/LexicalHandler
instanceKlass jdk/internal/vm/annotation/ForceInline
instanceKlass com/google/gson/annotations/JsonAdapter
instanceKlass com/intellij/util/loader/NativeLibraryLoader
instanceKlass org/w3c/dom/Document
instanceKlass org/w3c/dom/Node
instanceKlass com/intellij/openapi/util/io/win32/IdeaWin32
instanceKlass com/google/gson/internal/$Gson$Types$GenericArrayTypeImpl
instanceKlass com/intellij/util/SVGLoader
instanceKlass com/sun/jna/Native$2
instanceKlass com/google/gson/internal/JsonReaderInternalAccess
instanceKlass com/sun/jna/Structure$FFIType$FFITypes
instanceKlass com/sun/jna/Native$ffi_callback
instanceKlass com/intellij/ide/gdpr/ConsentAttributes
instanceKlass com/sun/jna/JNIEnv
instanceKlass com/intellij/ui/scale/UserScaleContext$1
instanceKlass com/sun/jna/PointerType
instanceKlass com/intellij/openapi/util/IconLoader$CachedImageIcon$MyUrlResolver$$Lambda$238
instanceKlass com/google/gson/internal/bind/ReflectiveTypeAdapterFactory$BoundField
instanceKlass java/lang/invoke/LambdaForm$DMH
instanceKlass com/sun/jna/NativeMapped
instanceKlass com/google/gson/internal/bind/ReflectiveTypeAdapterFactory
instanceKlass com/sun/jna/WString
instanceKlass com/sun/jna/CallbackProxy
instanceKlass com/google/gson/internal/bind/JsonAdapterAnnotationTypeAdapterFactory
instanceKlass com/google/gson/internal/bind/MapTypeAdapterFactory
instanceKlass com/google/gson/internal/bind/CollectionTypeAdapterFactory
instanceKlass com/google/gson/internal/bind/ArrayTypeAdapter$1
instanceKlass com/sun/jna/Callback
instanceKlass com/google/gson/internal/bind/SqlDateTypeAdapter$1
instanceKlass com/intellij/openapi/util/IconLoader$CachedImageIcon$MyScaledIconsCache
instanceKlass com/google/gson/internal/bind/TimeTypeAdapter$1
instanceKlass com/intellij/ui/icons/LazyImageIcon$1
instanceKlass com/intellij/openapi/util/IconLoader$CachedImageIcon$MyUrlResolver
instanceKlass com/sun/jna/Structure$ByValue
instanceKlass com/google/gson/internal/bind/DateTypeAdapter$1
instanceKlass com/intellij/ui/scale/UserScaleContext$UpdateListener
instanceKlass com/intellij/ui/scale/AbstractScaleContextAware
instanceKlass java/util/concurrent/atomic/AtomicLongArray
instanceKlass com/intellij/ui/scale/ScaleContextAware
instanceKlass com/intellij/ui/icons/MenuBarIconProvider
instanceKlass com/intellij/ui/icons/DarkIconProvider
instanceKlass com/google/gson/internal/bind/ObjectTypeAdapter$1
instanceKlass com/intellij/openapi/util/ScalableIcon
instanceKlass com/intellij/ui/icons/CopyableIcon
instanceKlass com/google/gson/internal/bind/TypeAdapters$30
instanceKlass com/google/gson/internal/bind/TypeAdapters$34
instanceKlass com/google/gson/internal/bind/TypeAdapters$26
instanceKlass java/util/Currency
instanceKlass com/google/gson/internal/bind/TypeAdapters$35
instanceKlass com/sun/jna/FromNativeConverter
instanceKlass com/sun/jna/ToNativeConverter
instanceKlass java/util/concurrent/atomic/AtomicIntegerArray
instanceKlass com/sun/jna/ToNativeContext
instanceKlass com/google/gson/internal/bind/TypeAdapters$33
instanceKlass java/util/BitSet
instanceKlass com/sun/jna/Structure
instanceKlass java/lang/SecurityManager$$Lambda$237
instanceKlass java/lang/SecurityManager$$Lambda$236
instanceKlass com/google/gson/internal/bind/TypeAdapters$32
instanceKlass java/lang/SecurityManager$$Lambda$235
instanceKlass java/lang/SecurityManager$$Lambda$234
instanceKlass java/lang/SecurityManager$$Lambda$233
instanceKlass java/lang/SecurityManager$$Lambda$232
instanceKlass com/sun/jna/Pointer
instanceKlass java/util/stream/ForEachOps$ForEachOp
instanceKlass java/util/stream/ForEachOps
instanceKlass java/lang/SecurityManager$$Lambda$231
instanceKlass java/lang/invoke/LambdaForm$DMH
instanceKlass java/lang/SecurityManager$$Lambda$230
instanceKlass java/lang/SecurityManager$$Lambda$229
instanceKlass java/lang/SecurityManager$$Lambda$228
instanceKlass java/lang/invoke/LambdaForm$DMH
instanceKlass java/lang/SecurityManager$$Lambda$227
instanceKlass com/google/gson/internal/bind/TypeAdapters
instanceKlass com/google/gson/internal/JavaVersion
instanceKlass com/google/gson/internal/reflect/ReflectionAccessor
instanceKlass com/google/gson/internal/ObjectConstructor
instanceKlass com/google/gson/internal/ConstructorConstructor
instanceKlass java/lang/reflect/ParameterizedType
instanceKlass java/lang/reflect/WildcardType
instanceKlass com/google/gson/internal/$Gson$Types
instanceKlass com/google/gson/internal/$Gson$Preconditions
instanceKlass com/google/gson/reflect/TypeToken
instanceKlass java/lang/ClassLoader$NativeLibrary$Unloader
instanceKlass javax/swing/ImageIcon$2
instanceKlass com/google/gson/stream/JsonWriter
instanceKlass javax/swing/ImageIcon$1
instanceKlass com/intellij/openapi/util/IconLoader$$Lambda$226
instanceKlass com/google/gson/stream/JsonReader
instanceKlass com/google/gson/Gson
instanceKlass com/intellij/openapi/util/IconLoader$IconTransform
instanceKlass com/google/gson/JsonElement
instanceKlass com/google/gson/internal/Excluder
instanceKlass com/google/gson/TypeAdapterFactory
instanceKlass com/google/gson/FieldNamingStrategy
instanceKlass com/google/gson/TypeAdapter
instanceKlass com/google/gson/GsonBuilder
instanceKlass com/intellij/openapi/util/IconPathPatcher
instanceKlass java/io/DeleteOnExitHook$1
instanceKlass java/io/DeleteOnExitHook
instanceKlass java/io/File$TempDirectory
instanceKlass com/intellij/openapi/vfs/CharsetToolkit
instanceKlass com/intellij/ide/gdpr/ConsentOptions$InstanceHolder$1
instanceKlass com/intellij/ide/gdpr/ConsentOptions$IOBackend
instanceKlass com/intellij/ide/gdpr/ConsentOptions$InstanceHolder
instanceKlass com/intellij/ide/gdpr/ConsentOptions
instanceKlass com/sun/jna/Platform
instanceKlass com/intellij/idea/StartupUtil$$Lambda$225
instanceKlass com/sun/jna/Native$5
instanceKlass com/intellij/util/text/StringTokenizer
instanceKlass com/sun/jna/Native$1
instanceKlass java/util/logging/Logger$SystemLoggerHelper$1
instanceKlass java/util/logging/Logger$SystemLoggerHelper
instanceKlass com/intellij/openapi/util/Comparing
instanceKlass java/util/prefs/AbstractPreferences$1
instanceKlass java/util/prefs/NodeChangeListener
instanceKlass java/util/prefs/PreferenceChangeListener
instanceKlass javax/swing/ImageIcon
instanceKlass java/util/logging/LogManager$4
instanceKlass java/util/prefs/WindowsPreferences$$Lambda$224
instanceKlass com/intellij/openapi/util/IconLoader
instanceKlass java/util/prefs/WindowsPreferencesFactory
instanceKlass java/util/prefs/PreferencesFactory
instanceKlass java/util/prefs/Preferences$2
instanceKlass java/util/prefs/Preferences$1
instanceKlass com/intellij/ide/Prefs$$Lambda$223
instanceKlass com/intellij/ide/Prefs$Setter
instanceKlass java/lang/invoke/LambdaForm$DMH
instanceKlass com/intellij/ide/Prefs$$Lambda$222
instanceKlass com/intellij/ide/Prefs$Getter
instanceKlass java/lang/invoke/LambdaForm$DMH
instanceKlass java/util/prefs/Preferences
instanceKlass com/intellij/ide/Prefs
instanceKlass jdk/internal/logger/DefaultLoggerFinder$1
instanceKlass jdk/internal/logger/BootstrapLogger$BootstrapExecutors
instanceKlass jdk/internal/logger/LoggerFinderLoader
instanceKlass java/lang/System$LoggerFinder$$Lambda$221
instanceKlass com/intellij/ide/gdpr/Locations
instanceKlass com/intellij/ide/gdpr/Version
instanceKlass java/util/stream/Streams
instanceKlass java/util/stream/Stream$Builder
instanceKlass java/util/stream/Streams$AbstractStreamBuilderImpl
instanceKlass com/intellij/ide/gdpr/EndUserAgreement
instanceKlass java/util/logging/Level$KnownLevel$$Lambda$220
instanceKlass java/util/logging/Level$$Lambda$219
instanceKlass com/intellij/idea/StartupUtil$$Lambda$218
instanceKlass java/util/Hashtable$Enumerator
instanceKlass java/util/logging/LogManager$LoggerContext$1
instanceKlass java/util/logging/LogManager$VisitedLoggers
instanceKlass com/intellij/openapi/ui/DialogWrapper
instanceKlass java/util/logging/LogManager$2
instanceKlass java/util/logging/LogManager$LoggingProviderAccess
instanceKlass com/intellij/ui/AppUIUtil
instanceKlass java/util/logging/LogManager$LogNode
instanceKlass java/util/logging/LogManager$LoggerContext
instanceKlass java/util/logging/LogManager$1
instanceKlass com/intellij/ide/plugins/PluginManagerCore$Holder
instanceKlass java/util/logging/Logger$ConfigurationData
instanceKlass java/util/logging/Logger$LoggerBundle
instanceKlass java/util/logging/Level
instanceKlass java/util/logging/Handler
instanceKlass java/util/logging/Logger
instanceKlass java/util/Collections$UnmodifiableMap$UnmodifiableEntrySet$UnmodifiableEntry
instanceKlass java/util/Collections$UnmodifiableMap$UnmodifiableEntrySet$1
instanceKlass java/lang/StringCoding$StringDecoder
instanceKlass com/intellij/util/concurrency/FixedFuture
instanceKlass com/sun/jna/Callback$UncaughtExceptionHandler
instanceKlass com/sun/jna/FromNativeContext
instanceKlass java/text/DigitList
instanceKlass sun/font/TrueTypeFont$DirectoryEntry
instanceKlass com/sun/jna/Native
instanceKlass sun/font/TrueTypeFont$1
instanceKlass sun/font/TrueTypeFont$TTDisposerRecord
instanceKlass com/sun/jna/Version
instanceKlass sun/font/SunFontManager$5
instanceKlass sun/util/locale/provider/JRELocaleProviderAdapter$$Lambda$217
instanceKlass sun/font/SunFontManager$FamilyDescription
instanceKlass java/text/DecimalFormatSymbols
instanceKlass sun/util/locale/provider/JRELocaleProviderAdapter$$Lambda$216
instanceKlass sun/management/NotificationEmitterSupport$ListenerInfo
instanceKlass java/lang/management/MemoryUsage
instanceKlass com/sun/jmx/mbeanserver/Util
instanceKlass javax/management/ObjectName$Property
instanceKlass com/sun/jmx/mbeanserver/GetPropertyAction
instanceKlass com/intellij/jna/JnaLoader
instanceKlass com/intellij/util/EnvironmentUtil
instanceKlass sun/util/locale/provider/JRELocaleProviderAdapter$$Lambda$215
instanceKlass java/text/DateFormatSymbols
instanceKlass com/intellij/util/io/URLUtil
instanceKlass com/intellij/idea/StartupUtil$$Lambda$214
instanceKlass sun/management/Sensor
instanceKlass sun/management/MemoryPoolImpl
instanceKlass com/intellij/ide/startup/StartupActionScriptManager$ActionCommand
instanceKlass com/intellij/idea/StartupUtil$$Lambda$213
instanceKlass com/intellij/ide/startup/StartupActionScriptManager
instanceKlass java/lang/management/ManagementFactory$$Lambda$212
instanceKlass com/intellij/idea/StartupUtil$$Lambda$211
instanceKlass java/lang/management/ManagementFactory$PlatformMBeanFinder$$Lambda$210
instanceKlass java/lang/management/MemoryPoolMXBean
instanceKlass com/intellij/idea/StartupUtil$$Lambda$209
instanceKlass com/intellij/idea/StartupUtil$$Lambda$208
instanceKlass java/util/concurrent/FutureTask$WaitNode
instanceKlass java/util/concurrent/FutureTask
instanceKlass com/intellij/openapi/util/LowMemoryWatcherManager$$Lambda$207
instanceKlass com/intellij/util/concurrency/SequentialTaskExecutor
instanceKlass com/intellij/openapi/util/LowMemoryWatcherManager$2
instanceKlass com/intellij/openapi/util/LowMemoryWatcherManager$1
instanceKlass javax/management/NotificationListener
instanceKlass com/intellij/util/Consumer
instanceKlass com/intellij/openapi/util/LowMemoryWatcherManager
instanceKlass com/intellij/util/concurrency/AppDelayQueue$$Lambda$206
instanceKlass java/util/concurrent/SynchronousQueue$TransferStack$SNode
instanceKlass java/util/concurrent/SynchronousQueue$Transferer
instanceKlass com/intellij/util/concurrency/CountingThreadFactory
instanceKlass java/util/concurrent/ThreadPoolExecutor$AbortPolicy
instanceKlass java/util/concurrent/RejectedExecutionHandler
instanceKlass com/intellij/util/concurrency/AppScheduledExecutorService$Holder
instanceKlass com/intellij/util/concurrency/SchedulingWrapper
instanceKlass com/intellij/util/concurrency/AppExecutorUtil
instanceKlass java/text/DontCareFieldPosition$1
instanceKlass java/text/Format$FieldDelegate
instanceKlass java/text/FieldPosition
instanceKlass org/apache/log4j/spi/LoggingEvent
instanceKlass com/intellij/idea/IdeaLogger$$Lambda$205
instanceKlass org/apache/log4j/spi/ThrowableRenderer
instanceKlass com/intellij/idea/IdeaLogger$$Lambda$204
instanceKlass com/intellij/openapi/diagnostic/ApplicationInfoProvider
instanceKlass com/intellij/diagnostic/DefaultIdeaErrorLogger
instanceKlass com/intellij/openapi/diagnostic/ErrorLogger
instanceKlass java/util/Date
instanceKlass java/util/Calendar$Builder
instanceKlass sun/util/locale/provider/JRELocaleProviderAdapter$$Lambda$203
instanceKlass java/util/zip/Checksum$1
instanceKlass java/util/zip/CRC32
instanceKlass java/util/zip/Checksum
instanceKlass org/jdom/adapters/DOMAdapter
instanceKlass org/apache/log4j/spi/Filter
instanceKlass com/intellij/idea/LoggerFactory
instanceKlass com/intellij/idea/StartupUtil$$Lambda$202
instanceKlass com/intellij/openapi/util/ShutDownTracker$ShutDownTrackerHolder
instanceKlass com/intellij/openapi/util/ShutDownTracker
instanceKlass com/intellij/idea/StartupUtil$2
instanceKlass java/nio/file/attribute/UserDefinedFileAttributeView
instanceKlass java/nio/file/attribute/AclFileAttributeView
instanceKlass java/nio/file/attribute/DosFileAttributeView
instanceKlass java/nio/file/attribute/PosixFileAttributeView
instanceKlass java/nio/file/attribute/FileOwnerAttributeView
instanceKlass java/nio/channels/spi/AbstractSelector$1
instanceKlass sun/nio/ch/WindowsSelectorImpl$MapEntry
instanceKlass java/io/FileOutputStream$1
instanceKlass io/netty/channel/ChannelFutureListener$3
instanceKlass io/netty/channel/ChannelFutureListener$2
instanceKlass io/netty/channel/ChannelFutureListener$1
instanceKlass io/netty/channel/AbstractChannel$AbstractUnsafe$2
instanceKlass io/netty/bootstrap/ServerBootstrap$ServerBootstrapAcceptor$1
instanceKlass io/netty/bootstrap/AbstractBootstrap$2
instanceKlass io/netty/util/concurrent/DefaultFutureListeners
instanceKlass io/netty/bootstrap/ServerBootstrap$1$1
instanceKlass java/lang/invoke/ConstantBootstraps
instanceKlass io/netty/bootstrap/AbstractBootstrap$1
instanceKlass io/netty/util/internal/ThreadExecutorMap$2
instanceKlass io/netty/util/concurrent/SingleThreadEventExecutor$5
instanceKlass io/netty/util/internal/shaded/org/jctools/util/UnsafeRefArrayAccess
instanceKlass io/netty/util/internal/shaded/org/jctools/queues/LinkedArrayQueueUtil
instanceKlass io/netty/channel/AbstractChannel$AbstractUnsafe$1
instanceKlass java/lang/Class$AnnotationData
instanceKlass io/netty/channel/ChannelHandler$Sharable
instanceKlass io/netty/util/NetUtil$1
instanceKlass io/netty/util/internal/SocketUtils$11
instanceKlass io/netty/util/internal/SocketUtils
instanceKlass sun/net/util/IPAddressUtil
instanceKlass io/netty/util/NetUtil
instanceKlass io/netty/buffer/ByteBufUtil$2
instanceKlass io/netty/buffer/PooledByteBufAllocatorMetric
instanceKlass io/netty/buffer/PoolChunkList
instanceKlass io/netty/buffer/PoolChunkListMetric
instanceKlass io/netty/buffer/PoolSubpage
instanceKlass io/netty/buffer/PoolSubpageMetric
instanceKlass io/netty/buffer/PoolArena
instanceKlass io/netty/buffer/PoolArenaMetric
instanceKlass io/netty/buffer/PooledByteBufAllocator$1
instanceKlass io/netty/buffer/ByteBufAllocatorMetric
instanceKlass io/netty/buffer/AbstractByteBufAllocator
instanceKlass io/netty/buffer/ByteBufAllocatorMetricProvider
instanceKlass io/netty/util/CharsetUtil
instanceKlass io/netty/util/ByteProcessor
instanceKlass io/netty/buffer/ByteBuf
instanceKlass io/netty/util/ReferenceCounted
instanceKlass io/netty/buffer/ByteBufUtil
instanceKlass io/netty/channel/RecvByteBufAllocator$Handle
instanceKlass io/netty/channel/DefaultMaxMessagesRecvByteBufAllocator
instanceKlass io/netty/channel/MaxMessagesRecvByteBufAllocator
instanceKlass io/netty/channel/WriteBufferWaterMark
instanceKlass io/netty/buffer/ByteBufAllocator
instanceKlass io/netty/channel/DefaultMessageSizeEstimator$HandleImpl
instanceKlass io/netty/channel/DefaultMessageSizeEstimator
instanceKlass io/netty/channel/MessageSizeEstimator
instanceKlass io/netty/channel/RecvByteBufAllocator
instanceKlass io/netty/channel/DefaultChannelConfig
instanceKlass io/netty/channel/nio/AbstractNioChannel$1
instanceKlass io/netty/channel/ChannelHandlerMask$Skip
instanceKlass io/netty/channel/ChannelHandlerMask$2
instanceKlass io/netty/channel/ChannelHandlerMask
instanceKlass io/netty/channel/AbstractChannelHandlerContext$Tasks
instanceKlass io/netty/channel/SingleThreadEventLoop$NonWakeupRunnable
instanceKlass io/netty/channel/AbstractChannelHandlerContext$AbstractWriteTask
instanceKlass io/netty/channel/VoidChannelPromise$1
instanceKlass javax/security/cert/Certificate
instanceKlass java/security/cert/X509Extension
instanceKlass io/netty/util/AsciiString
instanceKlass io/netty/util/internal/EmptyArrays
instanceKlass io/netty/util/ResourceLeak
instanceKlass io/netty/util/ResourceLeakTracker
instanceKlass io/netty/util/ResourceLeakDetector
instanceKlass io/netty/channel/MessageSizeEstimator$Handle
instanceKlass io/netty/channel/ChannelOutboundHandler
instanceKlass io/netty/channel/AbstractChannelHandlerContext
instanceKlass io/netty/util/ResourceLeakHint
instanceKlass io/netty/channel/ChannelHandlerContext
instanceKlass io/netty/channel/DefaultChannelPipeline$PendingHandlerCallback
instanceKlass io/netty/channel/ChannelProgressivePromise
instanceKlass io/netty/channel/ChannelProgressiveFuture
instanceKlass io/netty/channel/DefaultChannelPipeline
instanceKlass io/netty/channel/ChannelOutboundBuffer$Entry
instanceKlass java/util/concurrent/atomic/AtomicLongFieldUpdater$CASUpdater$1
instanceKlass java/util/concurrent/atomic/AtomicLongFieldUpdater
instanceKlass io/netty/channel/ChannelOutboundBuffer
instanceKlass io/netty/util/internal/MacAddressUtil
instanceKlass io/netty/channel/DefaultChannelId
instanceKlass io/netty/channel/ChannelFlushPromiseNotifier$FlushCheckpoint
instanceKlass io/netty/channel/ChannelFutureListener
instanceKlass io/netty/channel/ChannelMetadata
instanceKlass java/util/concurrent/atomic/AtomicReferenceArray
instanceKlass io/netty/util/ConstantPool
instanceKlass io/netty/util/AbstractConstant
instanceKlass io/netty/util/Constant
instanceKlass io/netty/channel/socket/ServerSocketChannelConfig
instanceKlass io/netty/channel/ChannelConfig
instanceKlass io/netty/channel/nio/AbstractNioChannel$NioUnsafe
instanceKlass io/netty/channel/AbstractChannel$AbstractUnsafe
instanceKlass io/netty/channel/Channel$Unsafe
instanceKlass io/netty/channel/ChannelId
instanceKlass io/netty/channel/ChannelPipeline
instanceKlass io/netty/channel/ChannelInboundInvoker
instanceKlass io/netty/util/Attribute
instanceKlass io/netty/channel/ReflectiveChannelFactory
instanceKlass io/netty/util/DefaultAttributeMap
instanceKlass io/netty/channel/socket/ServerSocketChannel
instanceKlass io/netty/channel/ServerChannel
instanceKlass io/netty/bootstrap/AbstractBootstrapConfig
instanceKlass io/netty/channel/ChannelFactory
instanceKlass io/netty/bootstrap/ChannelFactory
instanceKlass io/netty/channel/Channel
instanceKlass io/netty/channel/ChannelOutboundInvoker
instanceKlass io/netty/util/AttributeMap
instanceKlass io/netty/bootstrap/AbstractBootstrap
instanceKlass com/intellij/util/io/NettyKt
instanceKlass io/netty/channel/ChannelHandlerAdapter
instanceKlass io/netty/channel/ChannelInboundHandler
instanceKlass kotlin/jvm/internal/Intrinsics
instanceKlass io/netty/util/concurrent/MultithreadEventExecutorGroup$1
instanceKlass io/netty/util/concurrent/DefaultEventExecutorChooserFactory$GenericEventExecutorChooser
instanceKlass io/netty/channel/nio/NioEventLoop$SelectorTuple
instanceKlass io/netty/channel/nio/NioEventLoop$4
instanceKlass io/netty/channel/nio/NioEventLoop$3
instanceKlass sun/nio/ch/OptionKey
instanceKlass sun/nio/ch/SocketOptionRegistry$LazyInitialization
instanceKlass sun/nio/ch/SocketOptionRegistry$RegistryKey
instanceKlass sun/nio/ch/SocketOptionRegistry
instanceKlass java/util/stream/Collectors$$Lambda$201
instanceKlass java/util/stream/Collectors$$Lambda$200
instanceKlass java/util/stream/Collectors$$Lambda$199
instanceKlass java/util/stream/Collectors$$Lambda$198
instanceKlass sun/net/ext/ExtendedSocketOptions$$Lambda$197
instanceKlass sun/nio/ch/ExtendedSocketOption$1
instanceKlass sun/nio/ch/ExtendedSocketOption
instanceKlass sun/nio/ch/SocketChannelImpl$DefaultOptionsHolder
instanceKlass java/nio/BufferMismatch
instanceKlass java/net/ServerSocket$2
instanceKlass jdk/internal/misc/JavaNetSocketAccess
instanceKlass java/net/ServerSocket
instanceKlass jdk/net/ExtendedSocketOptions$PlatformSocketOptions$1
instanceKlass jdk/net/ExtendedSocketOptions$PlatformSocketOptions
instanceKlass jdk/net/SocketFlow
instanceKlass jdk/net/ExtendedSocketOptions$ExtSocketOption
instanceKlass jdk/net/ExtendedSocketOptions
instanceKlass sun/net/ext/ExtendedSocketOptions
instanceKlass sun/nio/ch/Net$1
instanceKlass java/net/ProtocolFamily
instanceKlass sun/nio/ch/Net
instanceKlass sun/nio/ch/SelChImpl
instanceKlass java/nio/channels/NetworkChannel
instanceKlass sun/nio/ch/PipeImpl$Initializer$LoopbackConnector
instanceKlass sun/nio/ch/PipeImpl$Initializer
instanceKlass java/nio/channels/Pipe
instanceKlass sun/nio/ch/NativeObject
instanceKlass sun/nio/ch/PollArrayWrapper
instanceKlass sun/nio/ch/WindowsSelectorImpl$FinishLock
instanceKlass sun/nio/ch/WindowsSelectorImpl$StartLock
instanceKlass sun/nio/ch/WindowsSelectorImpl$SubSelector
instanceKlass java/nio/channels/SelectionKey
instanceKlass sun/nio/ch/Util$2
instanceKlass io/netty/channel/nio/NioEventLoop$1
instanceKlass io/netty/util/internal/shaded/org/jctools/queues/CircularArrayOffsetCalculator
instanceKlass io/netty/util/internal/shaded/org/jctools/util/Pow2
instanceKlass io/netty/util/internal/shaded/org/jctools/util/RangeUtil
instanceKlass io/netty/util/internal/shaded/org/jctools/util/UnsafeAccess
instanceKlass io/netty/util/internal/PlatformDependent$Mpsc$1
instanceKlass io/netty/util/internal/PlatformDependent$Mpsc
instanceKlass io/netty/util/internal/CleanerJava9$1
instanceKlass io/netty/util/internal/CleanerJava9
instanceKlass io/netty/util/internal/PlatformDependent$2
instanceKlass io/netty/util/internal/PlatformDependent$1
instanceKlass sun/management/Util
instanceKlass javax/management/ObjectName
instanceKlass javax/management/QueryExp
instanceKlass javax/management/MBeanServer
instanceKlass javax/management/MBeanServerConnection
instanceKlass java/lang/management/OperatingSystemMXBean
instanceKlass java/lang/management/CompilationMXBean
instanceKlass java/lang/management/ThreadMXBean
instanceKlass java/lang/management/MemoryMXBean
instanceKlass java/lang/management/ClassLoadingMXBean
instanceKlass io/netty/util/internal/PlatformDependent0$6
instanceKlass io/netty/util/internal/PlatformDependent0$5
instanceKlass io/netty/util/internal/PlatformDependent0$4
instanceKlass io/netty/util/internal/PlatformDependent0$3
instanceKlass io/netty/util/internal/PlatformDependent0$2
instanceKlass io/netty/util/internal/ReflectionUtil
instanceKlass io/netty/util/internal/PlatformDependent0$1
instanceKlass io/netty/util/internal/PlatformDependent0
instanceKlass io/netty/util/internal/PlatformDependent$ThreadLocalRandomProvider
instanceKlass io/netty/util/internal/Cleaner
instanceKlass io/netty/util/internal/shaded/org/jctools/queues/QueueProgressIndicators
instanceKlass io/netty/util/internal/shaded/org/jctools/queues/IndexedQueueSizeUtil$IndexedQueue
instanceKlass io/netty/util/internal/LongCounter
instanceKlass io/netty/util/internal/shaded/org/jctools/queues/MessagePassingQueue
instanceKlass io/netty/util/internal/PlatformDependent
instanceKlass io/netty/util/internal/ThreadExecutorMap$1
instanceKlass io/netty/channel/DefaultSelectStrategy
instanceKlass io/netty/channel/SelectStrategy
instanceKlass io/netty/channel/nio/NioEventLoop$2
instanceKlass java/util/concurrent/Semaphore
instanceKlass java/util/concurrent/atomic/AtomicIntegerFieldUpdater$AtomicIntegerFieldUpdaterImpl$1
instanceKlass java/util/concurrent/atomic/AtomicIntegerFieldUpdater
instanceKlass io/netty/util/concurrent/SingleThreadEventExecutor$2
instanceKlass io/netty/util/concurrent/SingleThreadEventExecutor$1
instanceKlass io/netty/util/IntSupplier
instanceKlass java/nio/channels/Selector
instanceKlass io/netty/channel/ChannelPromise
instanceKlass io/netty/channel/ChannelFuture
instanceKlass io/netty/util/concurrent/ThreadProperties
instanceKlass io/netty/util/internal/ThreadExecutorMap$3
instanceKlass io/netty/util/internal/UnpaddedInternalThreadLocalMap
instanceKlass io/netty/util/concurrent/FastThreadLocal
instanceKlass io/netty/util/internal/ThreadExecutorMap
instanceKlass io/netty/util/internal/StringUtil
instanceKlass io/netty/util/concurrent/DefaultThreadFactory
instanceKlass io/netty/util/concurrent/GlobalEventExecutor$TaskRunner
instanceKlass java/util/concurrent/Executors$RunnableAdapter
instanceKlass java/util/concurrent/Executors
instanceKlass io/netty/util/concurrent/GlobalEventExecutor$1
instanceKlass io/netty/util/internal/PriorityQueueNode
instanceKlass io/netty/util/concurrent/AbstractScheduledEventExecutor$1
instanceKlass io/netty/util/internal/PriorityQueue
instanceKlass io/netty/util/concurrent/ScheduledFuture
instanceKlass java/util/concurrent/RunnableFuture
instanceKlass io/netty/util/concurrent/ProgressivePromise
instanceKlass io/netty/util/concurrent/ProgressiveFuture
instanceKlass io/netty/util/internal/ThrowableUtil
instanceKlass io/netty/util/concurrent/DefaultPromise$CauseHolder
instanceKlass java/util/concurrent/atomic/AtomicReferenceFieldUpdater$AtomicReferenceFieldUpdaterImpl$1
instanceKlass java/util/concurrent/atomic/AtomicReferenceFieldUpdater
instanceKlass io/netty/util/concurrent/AbstractFuture
instanceKlass io/netty/util/concurrent/EventExecutorChooserFactory$EventExecutorChooser
instanceKlass io/netty/util/concurrent/DefaultEventExecutorChooserFactory
instanceKlass io/netty/util/concurrent/ThreadPerTaskExecutor
instanceKlass io/netty/util/concurrent/RejectedExecutionHandlers$1
instanceKlass io/netty/util/concurrent/RejectedExecutionHandler
instanceKlass io/netty/util/concurrent/RejectedExecutionHandlers
instanceKlass io/netty/channel/DefaultSelectStrategyFactory
instanceKlass io/netty/channel/SelectStrategyFactory
instanceKlass sun/nio/ch/DefaultSelectorProvider
instanceKlass java/nio/channels/spi/SelectorProvider$1
instanceKlass java/nio/channels/spi/SelectorProvider
instanceKlass io/netty/util/internal/ObjectUtil
instanceKlass io/netty/util/internal/SystemPropertyUtil
instanceKlass io/netty/util/NettyRuntime$AvailableProcessorsHolder
instanceKlass io/netty/util/NettyRuntime
instanceKlass org/apache/log4j/CategoryKey
instanceKlass org/slf4j/helpers/NamedLoggerBase
instanceKlass org/slf4j/spi/LocationAwareLogger
instanceKlass org/slf4j/impl/Log4jLoggerFactory
instanceKlass org/slf4j/impl/StaticLoggerBinder
instanceKlass org/slf4j/spi/LoggerFactoryBinder
instanceKlass com/intellij/util/lang/ClassPath$MyEnumeration
instanceKlass org/slf4j/helpers/Util
instanceKlass org/slf4j/helpers/NOPLoggerFactory
instanceKlass java/util/concurrent/LinkedBlockingQueue$Node
instanceKlass org/slf4j/Logger
instanceKlass org/slf4j/helpers/SubstituteLoggerFactory
instanceKlass org/slf4j/event/LoggingEvent
instanceKlass org/slf4j/ILoggerFactory
instanceKlass org/slf4j/LoggerFactory
instanceKlass io/netty/util/internal/logging/AbstractInternalLogger
instanceKlass io/netty/util/internal/logging/InternalLogger
instanceKlass io/netty/util/internal/logging/InternalLoggerFactory
instanceKlass io/netty/channel/EventLoop
instanceKlass io/netty/util/concurrent/OrderedEventExecutor
instanceKlass io/netty/util/concurrent/FutureListener
instanceKlass io/netty/util/concurrent/GenericFutureListener
instanceKlass io/netty/util/concurrent/Promise
instanceKlass io/netty/util/concurrent/EventExecutor
instanceKlass io/netty/util/concurrent/EventExecutorChooserFactory
instanceKlass io/netty/util/concurrent/Future
instanceKlass java/util/concurrent/ScheduledFuture
instanceKlass java/util/concurrent/Delayed
instanceKlass io/netty/util/concurrent/AbstractEventExecutorGroup
instanceKlass io/netty/channel/EventLoopGroup
instanceKlass io/netty/util/concurrent/EventExecutorGroup
instanceKlass java/util/concurrent/ScheduledExecutorService
instanceKlass org/jetbrains/io/BuiltInServerKt
instanceKlass org/jetbrains/io/BuiltInServerThreadFactory
instanceKlass com/intellij/idea/SocketLock$$Lambda$196
instanceKlass com/intellij/util/PlatformUtils
instanceKlass org/jetbrains/io/BuiltInServer$Companion
instanceKlass sun/security/provider/AbstractDrbg$NonceProvider
instanceKlass sun/security/provider/AbstractDrbg$SeederHolder$$Lambda$195
instanceKlass java/lang/invoke/LambdaForm$DMH
instanceKlass java/lang/invoke/LambdaForm$DMH
instanceKlass java/nio/file/Files$AcceptAllFilter
instanceKlass java/net/NetworkInterface$2
instanceKlass java/net/DefaultInterface
instanceKlass java/net/InterfaceAddress
instanceKlass java/net/NetworkInterface$1
instanceKlass sun/security/provider/SeedGenerator$1
instanceKlass sun/security/provider/SeedGenerator
instanceKlass sun/security/provider/AbstractDrbg$SeederHolder
instanceKlass java/security/DrbgParameters$NextBytes
instanceKlass java/util/UUID$Holder
instanceKlass java/util/UUID
instanceKlass sun/net/util/SocketExceptions$1
instanceKlass sun/net/util/SocketExceptions
instanceKlass java/awt/Event
instanceKlass java/awt/Cursor$CursorDisposer
instanceKlass java/awt/event/MouseEvent$1
instanceKlass sun/awt/AWTAccessor$MouseEventAccessor
instanceKlass java/awt/EventQueue$5
instanceKlass javax/swing/event/HyperlinkListener
instanceKlass javax/swing/text/Document
instanceKlass javax/swing/text/html/CSS$ShorthandMarginParser
instanceKlass javax/swing/text/StyleContext$KeyEnumeration
instanceKlass java/lang/invoke/LambdaForm$MH
instanceKlass java/lang/invoke/LambdaForm$MH
instanceKlass java/lang/invoke/LambdaForm$MH
instanceKlass java/lang/invoke/LambdaForm$MH
instanceKlass java/lang/invoke/LambdaForm$MH
instanceKlass java/lang/invoke/LambdaForm$MH
instanceKlass java/lang/invoke/LambdaForm$MH
instanceKlass java/lang/invoke/LambdaForm$MH
instanceKlass java/lang/invoke/LambdaForm$MH
instanceKlass java/lang/invoke/LambdaForm$MH
instanceKlass javax/swing/text/html/CSS$LengthUnit
instanceKlass javax/swing/text/html/CSSParser
instanceKlass javax/swing/text/html/StyleSheet$CssParser
instanceKlass javax/swing/text/html/CSSParser$CSSParserCallback
instanceKlass javax/swing/text/html/HTMLEditorKit$1
instanceKlass javax/swing/text/html/StyleSheet$SelectorMapping
instanceKlass java/util/Collections$3
instanceKlass javax/swing/text/StyleContext$SmallAttributeSet
instanceKlass javax/swing/text/html/CSS$CssValue
instanceKlass javax/swing/text/html/CSS$Value
instanceKlass javax/swing/text/html/CSS$Attribute
instanceKlass javax/swing/text/html/CSS
instanceKlass javax/swing/text/StyleContext$NamedStyle
instanceKlass javax/swing/text/Style
instanceKlass javax/swing/text/StyleContext$FontKey
instanceKlass javax/swing/text/Position$Bias
instanceKlass java/awt/event/MouseAdapter
instanceKlass java/awt/event/MouseWheelListener
instanceKlass java/awt/event/MouseListener
instanceKlass java/awt/event/MouseMotionListener
instanceKlass javax/swing/text/SimpleAttributeSet$EmptyAttributeSet
instanceKlass javax/swing/text/SimpleAttributeSet
instanceKlass javax/swing/text/MutableAttributeSet
instanceKlass javax/swing/text/AttributeSet
instanceKlass javax/swing/text/StyledEditorKit$AttributeTracker
instanceKlass javax/swing/text/html/HTML$Attribute
instanceKlass javax/swing/text/AttributeSet$ParagraphAttribute
instanceKlass javax/swing/text/AttributeSet$ColorAttribute
instanceKlass javax/swing/text/AttributeSet$FontAttribute
instanceKlass javax/swing/text/AttributeSet$CharacterAttribute
instanceKlass javax/swing/text/StyleConstants
instanceKlass javax/swing/text/StyleContext
instanceKlass javax/swing/text/AbstractDocument$AttributeContext
instanceKlass javax/swing/text/html/HTML
instanceKlass javax/swing/text/html/HTML$Tag
instanceKlass javax/swing/text/LayeredHighlighter$LayerPainter
instanceKlass javax/swing/text/Highlighter$HighlightPainter
instanceKlass javax/swing/event/CaretListener
instanceKlass javax/swing/text/html/HTMLEditorKit$HTMLFactory
instanceKlass javax/swing/text/StyledEditorKit$StyledViewFactory
instanceKlass javax/swing/text/ViewFactory
instanceKlass javax/swing/ArrayTable
instanceKlass sun/awt/image/BufImgSurfaceData$ICMColorData
instanceKlass java/lang/invoke/LambdaForm$MH
instanceKlass com/intellij/util/ui/StartupUiUtil$$Lambda$194
instanceKlass java/lang/invoke/LambdaForm$DMH
instanceKlass sun/awt/GlobalCursorManager$NativeUpdater
instanceKlass sun/awt/GlobalCursorManager
instanceKlass javax/swing/SwingHeavyWeight
instanceKlass java/awt/SplashScreen
instanceKlass java/awt/peer/LightweightPeer
instanceKlass java/lang/invoke/LambdaForm$MH
instanceKlass java/lang/invoke/LambdaForm$MH
instanceKlass java/lang/invoke/LambdaForm$MH
instanceKlass java/lang/invoke/LambdaForm$MH
instanceKlass java/lang/invoke/LambdaForm$MH
instanceKlass java/lang/invoke/LambdaForm$MH
instanceKlass java/lang/invoke/LambdaForm$MH
instanceKlass java/lang/invoke/LambdaForm$MH
instanceKlass java/lang/invoke/LambdaForm$MH
instanceKlass java/lang/invoke/LambdaForm$MH
instanceKlass java/lang/invoke/LambdaForm$MH
instanceKlass java/lang/invoke/LambdaForm$MH
instanceKlass java/lang/invoke/LambdaForm$MH
instanceKlass java/lang/invoke/LambdaForm$MH
instanceKlass java/lang/invoke/LambdaForm$MH
instanceKlass java/lang/invoke/LambdaForm$MH
instanceKlass sun/awt/FontConfiguration$2
instanceKlass sun/awt/Win32FontManager$2
instanceKlass sun/font/SunFontManager$3
instanceKlass sun/font/FontFamily
instanceKlass sun/font/Font2DHandle
instanceKlass sun/font/CompositeFontDescriptor
instanceKlass java/lang/Short$ShortCache
instanceKlass sun/awt/FontDescriptor
instanceKlass sun/awt/FontConfiguration
instanceKlass sun/font/SunFontManager$FontRegistrationInfo
instanceKlass java/lang/invoke/LambdaForm$MH
instanceKlass java/lang/invoke/LambdaForm$MH
instanceKlass java/lang/invoke/LambdaForm$MH
instanceKlass java/lang/invoke/LambdaForm$MH
instanceKlass java/lang/invoke/LambdaForm$MH
instanceKlass java/lang/invoke/LambdaForm$MH
instanceKlass java/lang/invoke/LambdaForm$MH
instanceKlass java/lang/invoke/LambdaForm$MH
instanceKlass java/lang/invoke/LambdaForm$MH
instanceKlass java/lang/invoke/LambdaForm$MH
instanceKlass java/lang/invoke/LambdaForm$MH
instanceKlass java/lang/invoke/LambdaForm$MH
instanceKlass java/lang/invoke/LambdaForm$MH
instanceKlass java/lang/invoke/LambdaForm$MH
instanceKlass java/lang/invoke/LambdaForm$MH
instanceKlass java/lang/invoke/LambdaForm$MH
instanceKlass sun/font/SunFontManager$2
instanceKlass sun/awt/Win32FontManager$1
instanceKlass sun/font/FontManagerFactory$1
instanceKlass sun/font/FontManagerFactory
instanceKlass sun/font/GlyphList
instanceKlass sun/font/StrikeCache$1
instanceKlass sun/font/StrikeCache
instanceKlass sun/font/FontStrike
instanceKlass sun/font/CharToGlyphMapper
instanceKlass sun/font/StrikeMetrics
instanceKlass sun/font/Font2D
instanceKlass sun/font/FontManagerNativeLibrary$1
instanceKlass sun/font/FontManagerNativeLibrary
instanceKlass sun/font/SunFontManager$1
instanceKlass sun/font/SunFontManager$T1Filter
instanceKlass sun/font/SunFontManager$TTFilter
instanceKlass java/io/FilenameFilter
instanceKlass sun/font/SunFontManager
instanceKlass sun/java2d/FontSupport
instanceKlass sun/awt/NativeLibLoader$1
instanceKlass sun/awt/NativeLibLoader
instanceKlass sun/awt/PlatformFont
instanceKlass java/awt/peer/FontPeer
instanceKlass sun/java2d/StateTracker$2
instanceKlass sun/java2d/StateTracker$1
instanceKlass sun/java2d/StateTracker
instanceKlass sun/java2d/SurfaceDataProxy
instanceKlass sun/awt/image/SurfaceManager$FlushableCacheData
instanceKlass sun/java2d/DefaultDisposerRecord
instanceKlass sun/java2d/loops/GraphicsPrimitiveMgr$PrimitiveSpec
instanceKlass sun/java2d/loops/RenderLoops
instanceKlass sun/java2d/windows/GDIRenderer
instanceKlass sun/java2d/loops/GraphicsPrimitiveMgr$2
instanceKlass sun/java2d/loops/GraphicsPrimitiveMgr$1
instanceKlass sun/java2d/loops/GeneralRenderer
instanceKlass sun/java2d/loops/CustomComponent
instanceKlass sun/java2d/pipe/ValidatePipe
instanceKlass java/awt/BasicStroke
instanceKlass java/awt/Stroke
instanceKlass java/awt/geom/Path2D
instanceKlass java/awt/AlphaComposite
instanceKlass sun/awt/ConstrainableGraphics
instanceKlass sun/java2d/loops/CompositeType
instanceKlass sun/java2d/loops/GraphicsPrimitiveMgr
instanceKlass sun/java2d/loops/GraphicsPrimitive
instanceKlass sun/java2d/loops/XORComposite
instanceKlass sun/java2d/ScreenUpdateManager
instanceKlass sun/awt/windows/WComponentPeer$2
instanceKlass java/awt/SequencedEvent$2
instanceKlass java/awt/SequencedEvent$1
instanceKlass sun/awt/AWTAccessor$SequencedEventAccessor
instanceKlass java/awt/Frame$1
instanceKlass sun/awt/AWTAccessor$FrameAccessor
instanceKlass javax/swing/RootPaneContainer
instanceKlass sun/awt/ModalExclude
instanceKlass sun/awt/ExtendedKeyCodes
instanceKlass sun/awt/RepaintArea
instanceKlass sun/awt/windows/WWindowPeer$GuiDisposedListener
instanceKlass sun/awt/windows/WWindowPeer$ActiveWindowListener
instanceKlass java/awt/peer/CanvasPeer
instanceKlass java/awt/peer/PanelPeer
instanceKlass java/awt/peer/WindowPeer
instanceKlass java/awt/peer/ContainerPeer
instanceKlass java/lang/annotation/Documented
instanceKlass java/lang/Deprecated
instanceKlass java/lang/Process
instanceKlass com/intellij/util/lang/JavaVersion
instanceKlass com/intellij/Patches
instanceKlass com/intellij/ui/ScreenUtil
instanceKlass com/intellij/util/ui/UIUtil$6
instanceKlass com/intellij/util/ui/UIUtil$$Lambda$193
instanceKlass com/intellij/openapi/util/Ref
instanceKlass com/intellij/ui/JBColor$$Lambda$192
instanceKlass com/intellij/ui/JBColor$$Lambda$191
instanceKlass com/intellij/ui/DarculaColors
instanceKlass com/intellij/ui/JBColor$$Lambda$190
instanceKlass com/intellij/util/NotNullProducer
instanceKlass com/intellij/util/Producer
instanceKlass sun/net/www/protocol/jar/URLJarFileCallBack
instanceKlass java/util/ResourceBundle$Control$1
instanceKlass java/util/ResourceBundle$ResourceBundleControlProviderHolder$$Lambda$189
instanceKlass java/util/ServiceLoader$ProviderSpliterator
instanceKlass java/util/spi/ResourceBundleControlProvider
instanceKlass java/util/ResourceBundle$ResourceBundleControlProviderHolder$$Lambda$188
instanceKlass java/util/ResourceBundle$ResourceBundleControlProviderHolder
instanceKlass com/intellij/util/ConcurrencyUtil
instanceKlass com/intellij/util/containers/LockFreeCopyOnWriteArrayList
instanceKlass com/intellij/openapi/util/registry/RegistryValue
instanceKlass com/intellij/openapi/util/registry/Registry
instanceKlass com/intellij/util/containers/ConcurrentIntObjectHashMap$CollectionView
instanceKlass com/intellij/util/containers/ConcurrentIntObjectHashMap$CounterCell
instanceKlass com/intellij/util/containers/JBIterable$Stateful
instanceKlass com/intellij/util/containers/TreeTraversal$P$1
instanceKlass com/intellij/util/containers/TreeTraversal$P$$Lambda$187
instanceKlass com/intellij/util/containers/JBIterator$2
instanceKlass com/intellij/util/containers/TreeTraversal$P
instanceKlass com/intellij/util/containers/JBIterator$Op
instanceKlass com/intellij/util/containers/TreeTraversal$2$1WrappedTree
instanceKlass com/intellij/util/containers/JBIterable$$Lambda$186
instanceKlass com/intellij/util/containers/FilteredTraverserBase$$Lambda$185
instanceKlass com/intellij/util/containers/FilteredTraverserBase$$Lambda$184
instanceKlass com/intellij/util/ReflectionUtil$$Lambda$183
instanceKlass sun/misc/Unsafe
instanceKlass com/intellij/util/concurrency/AtomicFieldUpdater
instanceKlass com/intellij/util/containers/ConcurrentIntObjectHashMap$Node
instanceKlass com/intellij/util/containers/IntObjectMap$Entry
instanceKlass com/intellij/util/containers/ConcurrentIntObjectHashMap
instanceKlass com/intellij/util/containers/ConcurrentIntKeyRefValueHashMap$IntReference
instanceKlass com/intellij/util/containers/ConcurrentIntKeyRefValueHashMap
instanceKlass com/intellij/openapi/util/Key
instanceKlass com/intellij/util/ui/JBValue
instanceKlass com/intellij/ui/DocumentAdapter
instanceKlass javax/swing/AbstractAction
instanceKlass javax/swing/Action
instanceKlass javax/swing/event/DocumentListener
instanceKlass javax/swing/event/UndoableEditListener
instanceKlass javax/swing/Timer
instanceKlass javax/swing/text/EditorKit
instanceKlass javax/swing/ScrollPaneConstants
instanceKlass java/awt/Composite
instanceKlass java/awt/image/ImageFilter
instanceKlass javax/swing/JFormattedTextField$AbstractFormatterFactory
instanceKlass javax/swing/JFormattedTextField$AbstractFormatter
instanceKlass java/awt/event/ActionListener
instanceKlass com/intellij/util/ui/ImageUtil
instanceKlass jdk/internal/math/FDBigInteger
instanceKlass com/intellij/ui/icons/IconLoadMeasurer$$Lambda$182
instanceKlass java/util/function/IntUnaryOperator
instanceKlass com/intellij/ui/icons/IconLoadMeasurer
instanceKlass java/awt/image/BufferedImage$1
instanceKlass java/awt/image/SampleModel
instanceKlass java/awt/image/DataBuffer$1
instanceKlass sun/awt/image/SunWritableRaster$DataStealer
instanceKlass java/awt/image/DataBuffer
instanceKlass java/awt/image/Raster
instanceKlass java/lang/invoke/LambdaForm$MH
instanceKlass java/lang/invoke/LambdaForm$DMH
instanceKlass sun/awt/image/ImageWatched$WeakLink$$Lambda$181
instanceKlass java/lang/invoke/LambdaForm$DMH
instanceKlass sun/awt/image/ImageDecoder
instanceKlass java/awt/MediaEntry
instanceKlass java/awt/MediaTracker
instanceKlass sun/awt/image/ImageFetcher$1
instanceKlass sun/awt/image/FetcherInfo
instanceKlass sun/awt/image/ImageConsumerQueue
instanceKlass sun/awt/image/ImageWatched$Link
instanceKlass sun/awt/image/ImageWatched
instanceKlass java/awt/image/ImageConsumer
instanceKlass sun/awt/image/NativeLibLoader$1
instanceKlass sun/awt/image/NativeLibLoader
instanceKlass sun/awt/image/InputStreamImageSource
instanceKlass sun/awt/image/ImageFetchable
instanceKlass java/awt/image/ImageProducer
instanceKlass com/intellij/ui/icons/ImageDescriptor$1
instanceKlass com/intellij/util/containers/SingletonIteratorBase
instanceKlass com/intellij/util/ImageLoader$ImageConverterChain$2
instanceKlass com/intellij/util/ImageLoader$2
instanceKlass com/intellij/util/ImageLoader$Dimension2DDouble
instanceKlass com/intellij/util/containers/ConcurrentRefValueHashMap$ValueReference
instanceKlass com/intellij/util/containers/ConcurrentRefValueHashMap
instanceKlass com/intellij/ui/icons/ImageDescriptor
instanceKlass com/intellij/util/ImageLoader$ImageDescriptorListBuilder
instanceKlass com/intellij/util/ImageLoader$ImageDescriptorList
instanceKlass com/intellij/util/ImageLoader$ImageConverter
instanceKlass com/intellij/util/ImageLoader
instanceKlass com/intellij/ui/scale/ScaleContext$1
instanceKlass gnu/trove/HashFunctions
instanceKlass gnu/trove/TDoubleObjectProcedure
instanceKlass gnu/trove/TDoubleHashingStrategy
instanceKlass com/intellij/ui/scale/Scale$$Lambda$180
instanceKlass com/intellij/ui/scale/Scale
instanceKlass com/intellij/ui/scale/UserScaleContext
instanceKlass com/intellij/ui/Splash$$Lambda$179
instanceKlass java/awt/Window$WindowDisposerRecord
instanceKlass java/awt/BorderLayout
instanceKlass java/awt/LayoutManager2
instanceKlass sun/awt/image/SurfaceManager$ProxiedGraphicsConfig
instanceKlass java/awt/Cursor$1
instanceKlass sun/awt/AWTAccessor$CursorAccessor
instanceKlass java/awt/Cursor
instanceKlass com/intellij/ui/ProgressSlideAndImage
instanceKlass java/awt/Component$3
instanceKlass java/awt/ComponentOrientation
instanceKlass com/intellij/openapi/application/impl/ApplicationInfoImpl$$Lambda$178
instanceKlass gnu/trove/TIntProcedure
instanceKlass gnu/trove/TIntArrayList
instanceKlass com/intellij/openapi/util/BuildNumber
instanceKlass com/intellij/openapi/application/impl/ApplicationInfoImpl$UpdateUrlsImpl
instanceKlass com/intellij/openapi/application/ApplicationNamesInfo$ApplicationNamesInfoHolder
instanceKlass sun/util/calendar/CalendarUtils
instanceKlass sun/util/calendar/CalendarDate
instanceKlass sun/util/resources/Bundles$CacheKeyReference
instanceKlass sun/util/resources/Bundles$CacheKey
instanceKlass sun/util/resources/Bundles
instanceKlass sun/util/resources/LocaleData$LocaleDataStrategy
instanceKlass sun/util/resources/Bundles$Strategy
instanceKlass sun/util/resources/LocaleData$1
instanceKlass sun/util/locale/provider/AvailableLanguageTags
instanceKlass sun/util/cldr/CLDRLocaleProviderAdapter$$Lambda$177
instanceKlass sun/util/resources/cldr/provider/CLDRLocaleDataMetaInfo
instanceKlass sun/util/cldr/CLDRLocaleProviderAdapter$1
instanceKlass sun/util/locale/StringTokenIterator
instanceKlass sun/util/locale/ParseStatus
instanceKlass sun/util/cldr/CLDRBaseLocaleDataMetaInfo
instanceKlass sun/util/locale/provider/LocaleDataMetaInfo
instanceKlass sun/util/locale/provider/LocaleProviderAdapter$1
instanceKlass sun/util/resources/LocaleData
instanceKlass sun/util/locale/provider/LocaleResources
instanceKlass sun/util/locale/LanguageTag
instanceKlass sun/util/locale/provider/ResourceBundleBasedAdapter
instanceKlass sun/util/locale/provider/LocaleProviderAdapter
instanceKlass sun/util/locale/provider/CalendarDataUtility$CalendarWeekParameterGetter
instanceKlass sun/util/locale/provider/LocaleServiceProviderPool$LocalizedObjectGetter
instanceKlass sun/util/locale/provider/LocaleServiceProviderPool
instanceKlass java/util/spi/LocaleServiceProvider
instanceKlass sun/util/locale/provider/CalendarDataUtility
instanceKlass java/util/Locale$1
instanceKlass sun/util/calendar/ZoneInfoFile$ZoneOffsetTransitionRule
instanceKlass sun/util/calendar/ZoneInfoFile$1
instanceKlass sun/util/calendar/ZoneInfoFile
instanceKlass java/util/TimeZone
instanceKlass sun/util/calendar/CalendarSystem
instanceKlass gnu/trove/TObjectIntProcedure
instanceKlass com/intellij/util/xmlb/JDOMXIncluder$PathResolver
instanceKlass com/intellij/util/graph/InboundSemiGraph
instanceKlass com/intellij/openapi/extensions/ExtensionsArea
instanceKlass com/intellij/ide/plugins/IdeaPluginDescriptor
instanceKlass com/intellij/openapi/extensions/PluginDescriptor
instanceKlass com/intellij/ide/plugins/PluginManagerCore
instanceKlass org/jdom/ContentList$FilterListIterator
instanceKlass org/jdom/filter2/AbstractFilter
instanceKlass org/jdom/filter2/Filter
instanceKlass org/jdom/filter/AbstractFilter
instanceKlass org/jdom/internal/ArrayCopy
instanceKlass org/jdom/AttributeList$ALIterator
instanceKlass org/jdom/AttributeList$1
instanceKlass org/jdom/Verifier
instanceKlass org/jdom/Namespace
instanceKlass com/sun/org/apache/xerces/internal/util/XMLChar
instanceKlass com/intellij/openapi/util/SafeJdomFactory$BaseSafeJdomFactory
instanceKlass com/intellij/openapi/util/SafeJdomFactory
instanceKlass com/intellij/openapi/util/SafeStAXStreamBuilder
instanceKlass com/sun/xml/internal/stream/util/BufferAllocator
instanceKlass com/sun/xml/internal/stream/util/ThreadLocalBufferAllocator
instanceKlass com/sun/xml/internal/stream/Entity
instanceKlass com/sun/org/apache/xerces/internal/util/XMLSymbols
instanceKlass com/sun/org/apache/xerces/internal/utils/XMLLimitAnalyzer
instanceKlass com/sun/org/apache/xerces/internal/impl/msg/XMLMessageFormatter
instanceKlass com/sun/org/apache/xerces/internal/util/MessageFormatter
instanceKlass com/sun/org/apache/xerces/internal/impl/XMLErrorReporter
instanceKlass com/sun/org/apache/xerces/internal/impl/XMLEntityScanner
instanceKlass com/sun/org/apache/xerces/internal/xni/XMLLocator
instanceKlass com/sun/xml/internal/stream/XMLEntityStorage
instanceKlass com/sun/org/apache/xerces/internal/impl/XMLEntityManager$CharacterBuffer
instanceKlass com/sun/org/apache/xerces/internal/impl/XMLEntityManager$CharacterBufferPool
instanceKlass com/sun/org/apache/xerces/internal/impl/XMLEntityManager
instanceKlass com/sun/org/apache/xerces/internal/xni/parser/XMLEntityResolver
instanceKlass com/sun/org/apache/xerces/internal/util/NamespaceContextWrapper
instanceKlass javax/xml/namespace/NamespaceContext
instanceKlass com/sun/org/apache/xerces/internal/xni/grammars/XMLDTDDescription
instanceKlass com/sun/org/apache/xerces/internal/xni/grammars/XMLGrammarDescription
instanceKlass com/sun/org/apache/xerces/internal/impl/XMLDocumentScannerImpl$TrailingMiscDriver
instanceKlass com/sun/org/apache/xerces/internal/impl/XMLDocumentScannerImpl$PrologDriver
instanceKlass com/sun/org/apache/xerces/internal/impl/XMLDocumentScannerImpl$XMLDeclDriver
instanceKlass com/sun/org/apache/xerces/internal/util/NamespaceSupport
instanceKlass com/sun/org/apache/xerces/internal/xni/NamespaceContext
instanceKlass com/sun/org/apache/xerces/internal/util/AugmentationsImpl$AugmentationsItemsContainer
instanceKlass com/sun/org/apache/xerces/internal/util/AugmentationsImpl
instanceKlass com/sun/org/apache/xerces/internal/xni/Augmentations
instanceKlass com/sun/org/apache/xerces/internal/util/XMLAttributesImpl$Attribute
instanceKlass com/sun/org/apache/xerces/internal/util/XMLAttributesImpl
instanceKlass com/sun/org/apache/xerces/internal/xni/XMLAttributes
instanceKlass com/sun/org/apache/xerces/internal/impl/XMLDocumentFragmentScannerImpl$FragmentContentDriver
instanceKlass com/sun/org/apache/xerces/internal/impl/XMLDocumentFragmentScannerImpl$Driver
instanceKlass com/sun/org/apache/xerces/internal/impl/XMLDocumentFragmentScannerImpl$ElementStack2
instanceKlass com/sun/org/apache/xerces/internal/xni/QName
instanceKlass com/sun/org/apache/xerces/internal/impl/XMLDocumentFragmentScannerImpl$ElementStack
instanceKlass com/sun/org/apache/xerces/internal/util/XMLResourceIdentifierImpl
instanceKlass com/sun/org/apache/xerces/internal/xni/XMLResourceIdentifier
instanceKlass com/sun/org/apache/xerces/internal/xni/XMLString
instanceKlass com/sun/org/apache/xerces/internal/impl/XMLScanner
instanceKlass com/sun/xml/internal/stream/XMLBufferListener
instanceKlass com/sun/org/apache/xerces/internal/impl/XMLEntityHandler
instanceKlass com/sun/org/apache/xerces/internal/xni/parser/XMLComponent
instanceKlass com/sun/org/apache/xerces/internal/xni/parser/XMLDocumentScanner
instanceKlass com/sun/org/apache/xerces/internal/xni/parser/XMLDocumentSource
instanceKlass com/sun/org/apache/xerces/internal/util/SymbolTable$Entry
instanceKlass com/sun/org/apache/xerces/internal/util/SymbolTable
instanceKlass com/sun/org/apache/xerces/internal/impl/XMLStreamReaderImpl
instanceKlass javax/xml/stream/XMLStreamReader
instanceKlass javax/xml/stream/XMLStreamConstants
instanceKlass com/sun/org/apache/xerces/internal/xni/parser/XMLInputSource
instanceKlass javax/xml/stream/FactoryFinder$$Lambda$176
instanceKlass javax/xml/parsers/SAXParserFactory
instanceKlass jdk/xml/internal/JdkXmlUtils
instanceKlass com/sun/org/apache/xerces/internal/utils/XMLSecurityPropertyManager
instanceKlass jdk/xml/internal/SecuritySupport$$Lambda$175
instanceKlass com/sun/org/apache/xerces/internal/utils/XMLSecurityManager
instanceKlass com/sun/org/apache/xerces/internal/impl/PropertyManager
instanceKlass jdk/xml/internal/SecuritySupport$$Lambda$174
instanceKlass javax/xml/stream/FactoryFinder$$Lambda$173
instanceKlass javax/xml/stream/FactoryFinder$$Lambda$172
instanceKlass jdk/xml/internal/SecuritySupport$$Lambda$171
instanceKlass jdk/xml/internal/SecuritySupport
instanceKlass javax/xml/stream/FactoryFinder
instanceKlass javax/xml/stream/XMLInputFactory
instanceKlass com/intellij/openapi/util/RecursionManager$2
instanceKlass com/intellij/util/containers/RefHashMap$MyMap$1
instanceKlass com/intellij/util/containers/RefHashMap$HardKey
instanceKlass com/intellij/util/containers/RefHashMap$Key
instanceKlass gnu/trove/TObjectCanonicalHashingStrategy
instanceKlass gnu/trove/TObjectIdentityHashingStrategy
instanceKlass com/intellij/util/containers/ConcurrentLongObjectMap
instanceKlass com/intellij/util/containers/ObjectIntMap
instanceKlass com/intellij/util/containers/ConcurrentList
instanceKlass com/intellij/util/containers/ConcurrentIntObjectMap
instanceKlass com/intellij/util/containers/IntObjectMap
instanceKlass com/intellij/util/containers/ContainerUtilRt
instanceKlass com/intellij/openapi/util/Getter
instanceKlass com/intellij/openapi/util/RecursionManager$$Lambda$170
instanceKlass com/intellij/openapi/util/RecursionManager$CalculationStack
instanceKlass com/intellij/openapi/util/RecursionGuard
instanceKlass com/intellij/openapi/util/RecursionGuard$StackStamp
instanceKlass com/intellij/openapi/util/RecursionManager
instanceKlass org/jdom/JDOMInterner$2
instanceKlass org/jdom/JDOMInterner$1
instanceKlass gnu/trove/TObjectProcedure
instanceKlass com/intellij/openapi/util/Conditions$1
instanceKlass com/intellij/util/containers/Interner
instanceKlass org/jdom/JDOMInterner
instanceKlass com/intellij/openapi/util/JDOMUtil$EmptyTextFilter
instanceKlass com/intellij/openapi/util/JDOMUtil$$Lambda$169
instanceKlass java/lang/invoke/LambdaForm$DMH
instanceKlass org/jdom/CloneBase
instanceKlass org/jdom/Parent
instanceKlass org/jdom/NamespaceAware
instanceKlass org/jdom/filter/Filter
instanceKlass org/jdom/output/XMLOutputter
instanceKlass com/intellij/openapi/util/JDOMUtil
instanceKlass com/intellij/openapi/application/ApplicationNamesInfo
instanceKlass com/intellij/openapi/application/ex/ApplicationInfoEx$UpdateUrls
instanceKlass java/util/Calendar
instanceKlass java/awt/GraphicsConfiguration
instanceKlass sun/font/FontManagerForSGE
instanceKlass sun/font/FontManager
instanceKlass java/awt/geom/RectangularShape
instanceKlass java/awt/Shape
instanceKlass java/awt/GraphicsDevice
instanceKlass com/intellij/util/Function$2
instanceKlass com/intellij/util/NullableFunction$1
instanceKlass com/intellij/util/Function$1
instanceKlass com/intellij/util/Function$Mono
instanceKlass com/intellij/util/Functions$7
instanceKlass com/intellij/util/Functions$6
instanceKlass com/intellij/util/Functions$5
instanceKlass com/intellij/util/Functions$4
instanceKlass com/intellij/util/Functions
instanceKlass com/intellij/openapi/util/Condition$3
instanceKlass com/intellij/openapi/util/Condition$2
instanceKlass com/intellij/openapi/util/Condition$1
instanceKlass com/intellij/openapi/util/Conditions
instanceKlass com/intellij/util/containers/FilteredTraverserBase$Cond
instanceKlass com/intellij/util/containers/JBIterator
instanceKlass com/intellij/util/ObjectUtils$Sentinel
instanceKlass com/intellij/util/ObjectUtils
instanceKlass com/intellij/util/NotNullizer
instanceKlass com/intellij/util/containers/Convertor
instanceKlass com/intellij/openapi/util/Condition
instanceKlass com/intellij/util/containers/JBIterable
instanceKlass com/intellij/util/containers/TreeTraversal$GuidedIt$Guide
instanceKlass com/intellij/util/containers/FilteredTraverserBase$Meta
instanceKlass com/intellij/util/containers/TreeTraversal
instanceKlass com/intellij/util/containers/FilteredTraverserBase
instanceKlass com/intellij/util/ReflectionUtil$$Lambda$168
instanceKlass com/intellij/util/ReflectionUtil
instanceKlass com/intellij/ui/JreHiDpiUtil
instanceKlass com/intellij/ui/scale/JBUIScale$$Lambda$167
instanceKlass com/intellij/ui/scale/JBUIScale$$Lambda$166
instanceKlass com/intellij/util/LazyInitializer
instanceKlass com/intellij/ui/scale/JBUIScale$$Lambda$165
instanceKlass com/intellij/openapi/util/NotNullFactory
instanceKlass com/intellij/openapi/util/Factory
instanceKlass com/intellij/openapi/util/Pair
instanceKlass com/intellij/util/LazyInitializer$NullableValue
instanceKlass com/intellij/ui/scale/JBUIScale
instanceKlass java/awt/Window$1
instanceKlass sun/awt/AWTAccessor$WindowAccessor
instanceKlass java/awt/event/WindowListener
instanceKlass com/intellij/openapi/progress/ProgressIndicator
instanceKlass com/intellij/idea/SplashManager
instanceKlass com/sun/java/swing/plaf/windows/WindowsLookAndFeel$$Lambda$164
instanceKlass com/sun/java/swing/plaf/windows/WindowsLookAndFeel$$Lambda$163
instanceKlass com/sun/java/swing/plaf/windows/WindowsLookAndFeel$SkinIcon
instanceKlass javax/swing/BorderFactory
instanceKlass com/sun/java/swing/plaf/windows/WindowsLookAndFeel$$Lambda$162
instanceKlass com/sun/java/swing/plaf/windows/WindowsLookAndFeel$1
instanceKlass com/sun/java/swing/plaf/windows/WindowsIconFactory$RadioButtonMenuItemIcon
instanceKlass javax/swing/plaf/basic/BasicIconFactory$CheckBoxMenuItemIcon
instanceKlass javax/swing/plaf/basic/BasicIconFactory$MenuItemCheckIcon
instanceKlass javax/swing/plaf/basic/BasicIconFactory
instanceKlass java/awt/ItemSelectable
instanceKlass javax/swing/MenuElement
instanceKlass com/sun/java/swing/plaf/windows/WindowsIconFactory$VistaMenuItemCheckIconFactory$VistaMenuItemCheckIcon
instanceKlass com/sun/java/swing/plaf/windows/WindowsIconFactory$MenuItemCheckIcon
instanceKlass com/sun/java/swing/plaf/windows/WindowsIconFactory$VistaMenuItemCheckIconFactory
instanceKlass sun/swing/MenuItemCheckIconFactory
instanceKlass sun/util/ResourceBundleEnumeration
instanceKlass javax/swing/UIDefaults$1
instanceKlass com/sun/java/swing/plaf/windows/WindowsLookAndFeel$$Lambda$161
instanceKlass com/sun/java/swing/plaf/windows/WindowsLookAndFeel$$Lambda$160
instanceKlass com/sun/java/swing/plaf/windows/WindowsLookAndFeel$$Lambda$159
instanceKlass com/sun/java/swing/plaf/windows/WindowsLookAndFeel$$Lambda$158
instanceKlass com/sun/java/swing/plaf/windows/WindowsLookAndFeel$2
instanceKlass com/sun/java/swing/plaf/windows/WindowsLookAndFeel$$Lambda$157
instanceKlass com/sun/java/swing/plaf/windows/WindowsLookAndFeel$$Lambda$156
instanceKlass com/sun/java/swing/plaf/windows/WindowsLookAndFeel$$Lambda$155
instanceKlass com/sun/java/swing/plaf/windows/WindowsLookAndFeel$$Lambda$154
instanceKlass com/sun/java/swing/plaf/windows/WindowsLookAndFeel$$Lambda$153
instanceKlass com/sun/java/swing/plaf/windows/WindowsLookAndFeel$$Lambda$152
instanceKlass com/sun/java/swing/plaf/windows/WindowsLookAndFeel$$Lambda$151
instanceKlass com/sun/java/swing/plaf/windows/WindowsLookAndFeel$$Lambda$150
instanceKlass com/sun/java/swing/plaf/windows/WindowsLookAndFeel$$Lambda$149
instanceKlass com/sun/java/swing/plaf/windows/WindowsLookAndFeel$$Lambda$148
instanceKlass com/sun/java/swing/plaf/windows/WindowsLookAndFeel$$Lambda$147
instanceKlass com/sun/java/swing/plaf/windows/WindowsLookAndFeel$$Lambda$146
instanceKlass com/sun/java/swing/plaf/windows/WindowsLookAndFeel$$Lambda$145
instanceKlass com/sun/java/swing/plaf/windows/WindowsLookAndFeel$$Lambda$144
instanceKlass com/sun/java/swing/plaf/windows/WindowsLookAndFeel$$Lambda$143
instanceKlass com/sun/java/swing/plaf/windows/WindowsLookAndFeel$$Lambda$142
instanceKlass com/sun/java/swing/plaf/windows/WindowsLookAndFeel$$Lambda$141
instanceKlass com/sun/java/swing/plaf/windows/WindowsLookAndFeel$$Lambda$140
instanceKlass com/sun/java/swing/plaf/windows/WindowsLookAndFeel$$Lambda$139
instanceKlass com/sun/java/swing/plaf/windows/WindowsLookAndFeel$$Lambda$138
instanceKlass com/sun/java/swing/plaf/windows/WindowsLookAndFeel$ActiveWindowsIcon
instanceKlass com/sun/java/swing/plaf/windows/WindowsLookAndFeel$$Lambda$137
instanceKlass com/sun/java/swing/plaf/windows/WindowsIconFactory$FrameButtonIcon
instanceKlass com/sun/java/swing/plaf/windows/WindowsIconFactory
instanceKlass com/sun/java/swing/plaf/windows/WindowsLookAndFeel$$Lambda$136
instanceKlass com/sun/java/swing/plaf/windows/WindowsLookAndFeel$LazyWindowsIcon
instanceKlass java/lang/invoke/LambdaForm$MH
instanceKlass java/lang/invoke/LambdaForm$MH
instanceKlass java/lang/invoke/LambdaForm$DMH
instanceKlass java/lang/invoke/LambdaForm$MH
instanceKlass java/lang/invoke/LambdaForm$DMH
instanceKlass java/lang/invoke/LambdaForm$MH
instanceKlass java/lang/invoke/LambdaForm$DMH
instanceKlass java/lang/invoke/LambdaForm$MH
instanceKlass java/lang/invoke/LambdaForm$MH
instanceKlass java/lang/invoke/LambdaForm$MH
instanceKlass java/lang/invoke/LambdaForm$MH
instanceKlass java/lang/invoke/LambdaForm$MH
instanceKlass java/lang/invoke/LambdaForm$MH
instanceKlass java/lang/invoke/LambdaForm$MH
instanceKlass java/lang/invoke/LambdaForm$MH
instanceKlass java/lang/invoke/LambdaForm$MH
instanceKlass java/util/EventListenerProxy
instanceKlass java/lang/invoke/LambdaForm$MH
instanceKlass java/lang/invoke/LambdaForm$MH
instanceKlass java/lang/invoke/LambdaForm$MH
instanceKlass java/lang/invoke/LambdaForm$MH
instanceKlass java/lang/invoke/LambdaForm$MH
instanceKlass java/lang/invoke/LambdaForm$MH
instanceKlass java/lang/invoke/LambdaForm$MH
instanceKlass java/lang/invoke/LambdaForm$MH
instanceKlass java/lang/invoke/LambdaForm$MH
instanceKlass java/lang/invoke/LambdaForm$MH
instanceKlass java/lang/invoke/LambdaForm$MH
instanceKlass java/lang/invoke/LambdaForm$MH
instanceKlass java/lang/invoke/LambdaForm$MH
instanceKlass java/lang/invoke/LambdaForm$MH
instanceKlass java/lang/invoke/LambdaForm$MH
instanceKlass java/lang/invoke/LambdaForm$DMH
instanceKlass java/lang/invoke/LambdaForm$MH
instanceKlass java/lang/invoke/LambdaForm$DMH
instanceKlass java/lang/invoke/LambdaForm$MH
instanceKlass java/lang/invoke/LambdaForm$DMH
instanceKlass java/lang/invoke/LambdaForm$MH
instanceKlass java/lang/invoke/LambdaForm$DMH
instanceKlass java/lang/invoke/LambdaForm$MH
instanceKlass java/lang/invoke/LambdaForm$MH
instanceKlass java/lang/invoke/LambdaForm$MH
instanceKlass java/lang/invoke/LambdaForm$MH
instanceKlass java/lang/invoke/LambdaForm$MH
instanceKlass java/lang/invoke/LambdaForm$MH
instanceKlass java/lang/invoke/LambdaForm$MH
instanceKlass com/sun/java/swing/plaf/windows/XPStyle$Skin
instanceKlass com/sun/java/swing/plaf/windows/WindowsLookAndFeel$XPColorValue$XPColorValueKey
instanceKlass java/awt/geom/Point2D
instanceKlass com/sun/java/swing/plaf/windows/WindowsLookAndFeel$XPValue
instanceKlass sun/swing/plaf/DesktopProperty
instanceKlass com/sun/java/swing/plaf/windows/WindowsTreeUI$ExpandedIcon
instanceKlass javax/swing/Icon
instanceKlass com/sun/java/swing/plaf/windows/WindowsLookAndFeel$$Lambda$135
instanceKlass com/sun/java/swing/plaf/windows/WindowsLookAndFeel$$Lambda$134
instanceKlass com/sun/java/swing/plaf/windows/WindowsLookAndFeel$$Lambda$133
instanceKlass com/sun/java/swing/plaf/windows/WindowsLookAndFeel$$Lambda$132
instanceKlass java/lang/Character$CharacterCache
instanceKlass javax/swing/plaf/basic/BasicLookAndFeel$$Lambda$131
instanceKlass javax/swing/plaf/basic/BasicLookAndFeel$$Lambda$130
instanceKlass javax/swing/plaf/basic/BasicLookAndFeel$$Lambda$129
instanceKlass javax/swing/plaf/basic/BasicLookAndFeel$$Lambda$128
instanceKlass java/lang/invoke/LambdaForm$DMH
instanceKlass javax/swing/plaf/basic/BasicLookAndFeel$$Lambda$127
instanceKlass javax/swing/plaf/basic/BasicLookAndFeel$$Lambda$126
instanceKlass javax/swing/UIDefaults$LazyInputMap
instanceKlass javax/swing/plaf/basic/BasicLookAndFeel$$Lambda$125
instanceKlass javax/swing/plaf/basic/BasicLookAndFeel$$Lambda$124
instanceKlass javax/swing/plaf/basic/BasicLookAndFeel$$Lambda$123
instanceKlass javax/swing/plaf/basic/BasicLookAndFeel$$Lambda$122
instanceKlass javax/swing/plaf/basic/BasicLookAndFeel$$Lambda$121
instanceKlass javax/swing/plaf/basic/BasicLookAndFeel$$Lambda$120
instanceKlass javax/swing/plaf/basic/BasicLookAndFeel$$Lambda$119
instanceKlass java/lang/invoke/LambdaForm$DMH
instanceKlass javax/swing/plaf/basic/BasicLookAndFeel$$Lambda$118
instanceKlass javax/swing/plaf/basic/BasicLookAndFeel$$Lambda$117
instanceKlass javax/swing/plaf/basic/BasicLookAndFeel$$Lambda$116
instanceKlass javax/swing/plaf/basic/BasicLookAndFeel$$Lambda$115
instanceKlass javax/swing/plaf/basic/BasicLookAndFeel$$Lambda$114
instanceKlass javax/swing/plaf/basic/BasicLookAndFeel$$Lambda$113
instanceKlass javax/swing/plaf/basic/BasicLookAndFeel$$Lambda$112
instanceKlass javax/swing/plaf/basic/BasicLookAndFeel$$Lambda$111
instanceKlass javax/swing/plaf/basic/BasicLookAndFeel$2
instanceKlass javax/swing/plaf/basic/BasicLookAndFeel$$Lambda$110
instanceKlass java/lang/invoke/LambdaForm$MH
instanceKlass java/lang/invoke/LambdaForm$DMH
instanceKlass java/lang/invoke/LambdaForm$DMH
instanceKlass sun/swing/SwingUtilities2$$Lambda$109
instanceKlass java/lang/invoke/LambdaForm$DMH
instanceKlass javax/swing/plaf/basic/BasicLookAndFeel$$Lambda$108
instanceKlass javax/swing/plaf/basic/BasicLookAndFeel$$Lambda$107
instanceKlass javax/swing/plaf/basic/BasicLookAndFeel$$Lambda$106
instanceKlass javax/swing/plaf/basic/BasicLookAndFeel$$Lambda$105
instanceKlass javax/swing/border/AbstractBorder
instanceKlass javax/swing/border/Border
instanceKlass javax/swing/plaf/basic/BasicLookAndFeel$$Lambda$104
instanceKlass javax/swing/plaf/basic/BasicLookAndFeel$$Lambda$103
instanceKlass javax/swing/plaf/basic/BasicLookAndFeel$$Lambda$102
instanceKlass javax/swing/plaf/basic/BasicLookAndFeel$$Lambda$101
instanceKlass javax/swing/plaf/basic/BasicLookAndFeel$$Lambda$100
instanceKlass javax/swing/plaf/basic/BasicLookAndFeel$$Lambda$99
instanceKlass javax/swing/UIDefaults$ActiveValue
instanceKlass javax/swing/plaf/basic/BasicLookAndFeel$$Lambda$98
instanceKlass javax/swing/plaf/basic/BasicLookAndFeel$$Lambda$97
instanceKlass javax/swing/plaf/basic/BasicLookAndFeel$$Lambda$96
instanceKlass javax/swing/plaf/basic/BasicLookAndFeel$$Lambda$95
instanceKlass javax/swing/plaf/basic/BasicLookAndFeel$$Lambda$94
instanceKlass javax/swing/UIDefaults$LazyValue
instanceKlass javax/swing/plaf/UIResource
instanceKlass java/awt/SystemColor$$Lambda$93
instanceKlass sun/awt/AWTAccessor$SystemColorAccessor
instanceKlass java/lang/invoke/LambdaForm$DMH
instanceKlass com/sun/java/swing/plaf/windows/WindowsRootPaneUI$AltProcessor
instanceKlass javax/swing/plaf/ComponentUI
instanceKlass javax/swing/JComponent$2
instanceKlass javax/swing/JComponent$1
instanceKlass sun/swing/SwingAccessor$JComponentAccessor
instanceKlass java/awt/Container$1
instanceKlass sun/awt/AWTAccessor$ContainerAccessor
instanceKlass java/awt/geom/Dimension2D
instanceKlass java/awt/LightweightDispatcher
instanceKlass java/awt/event/AWTEventListener
instanceKlass java/awt/LayoutManager
instanceKlass sun/net/NetHooks
instanceKlass sun/net/spi/DefaultProxySelector$4
instanceKlass javax/swing/UIManager$2
instanceKlass sun/net/spi/DefaultProxySelector$NonProxyInfo
instanceKlass sun/awt/KeyboardFocusManagerPeerImpl
instanceKlass java/awt/peer/KeyboardFocusManagerPeer
instanceKlass javax/swing/KeyStroke$1
instanceKlass sun/swing/SwingAccessor$KeyStrokeAccessor
instanceKlass java/awt/AWTKeyStroke
instanceKlass java/awt/FocusTraversalPolicy
instanceKlass sun/net/NetProperties$1
instanceKlass java/awt/DefaultKeyboardFocusManager$2
instanceKlass sun/net/NetProperties
instanceKlass java/awt/DefaultKeyboardFocusManager$1
instanceKlass sun/awt/AWTAccessor$DefaultKeyboardFocusManagerAccessor
instanceKlass sun/net/spi/DefaultProxySelector$1
instanceKlass java/net/Proxy
instanceKlass java/net/ProxySelector
instanceKlass java/awt/KeyboardFocusManager$1
instanceKlass sun/awt/AWTAccessor$KeyboardFocusManagerAccessor
instanceKlass java/net/SocksSocketImpl$3
instanceKlass java/awt/KeyboardFocusManager
instanceKlass java/awt/KeyEventPostProcessor
instanceKlass java/awt/KeyEventDispatcher
instanceKlass sun/awt/PaintEventDispatcher
instanceKlass sun/java2d/SunGraphicsEnvironment$1
instanceKlass java/net/AbstractPlainSocketImpl$1
instanceKlass java/net/NetworkInterface
instanceKlass java/net/StandardSocketOptions$StdSocketOption
instanceKlass java/net/SocketOption
instanceKlass sun/awt/SunDisplayChanger
instanceKlass java/net/StandardSocketOptions
instanceKlass sun/java2d/SurfaceManagerFactory
instanceKlass java/net/SocketImpl
instanceKlass java/net/SocketOptions
instanceKlass java/net/SocksConsts
instanceKlass java/net/InetSocketAddress$InetSocketAddressHolder
instanceKlass sun/java2d/windows/WindowsFlags$1
instanceKlass sun/java2d/windows/WindowsFlags
instanceKlass java/net/SocketAddress
instanceKlass java/awt/GraphicsEnvironment$LocalGE
instanceKlass java/net/Socket
instanceKlass javax/swing/RepaintManager$1
instanceKlass sun/swing/SwingAccessor$RepaintManagerAccessor
instanceKlass javax/swing/RepaintManager$DisplayChangedHandler
instanceKlass com/intellij/openapi/application/JetBrainsProtocolHandler
instanceKlass gnu/trove/THashMap$Entry
instanceKlass javax/swing/UIManager$1
instanceKlass sun/swing/ImageCache
instanceKlass java/awt/image/MultiResolutionImage
instanceKlass sun/swing/CachedPainter
instanceKlass com/sun/java/swing/plaf/windows/XPStyle
instanceKlass sun/swing/DefaultLookup
instanceKlass gnu/trove/TIterator
instanceKlass sun/swing/SwingAccessor
instanceKlass javax/swing/UIDefaults$$Lambda$92
instanceKlass sun/swing/SwingAccessor$UIDefaultsAccessor
instanceKlass javax/swing/UIManager$LAFState
instanceKlass sun/swing/SwingUtilities2$LSBCacheEntry
instanceKlass gnu/trove/THashMap$MapBackedView
instanceKlass java/awt/font/FontRenderContext
instanceKlass sun/swing/SwingUtilities2
instanceKlass gnu/trove/PrimeFinder
instanceKlass sun/swing/StringUIClientPropertyKey
instanceKlass javax/swing/UIClientPropertyKey
instanceKlass javax/swing/LookAndFeel
instanceKlass gnu/trove/TObjectHash$NULL
instanceKlass gnu/trove/TObjectObjectProcedure
instanceKlass gnu/trove/THash
instanceKlass javax/swing/SwingUtilities
instanceKlass javax/swing/SwingConstants
instanceKlass java/util/IdentityHashMap$IdentityHashMapIterator
instanceKlass java/awt/Toolkit$DesktopPropertyChangeSupport$1
instanceKlass java/util/ComparableTimSort
instanceKlass sun/awt/SunHints$Value
instanceKlass java/lang/invoke/LambdaForm$MH
instanceKlass java/lang/invoke/LambdaForm$MH
instanceKlass java/lang/invoke/LambdaForm$MH
instanceKlass java/lang/invoke/LambdaForm$MH
instanceKlass java/lang/invoke/LambdaForm$MH
instanceKlass java/lang/invoke/LambdaForm$MH
instanceKlass java/lang/invoke/LambdaForm$MH
instanceKlass com/intellij/util/containers/MultiMap
instanceKlass java/lang/invoke/LambdaForm$MH
instanceKlass java/lang/invoke/LambdaForm$MH
instanceKlass java/lang/invoke/LambdaForm$MH
instanceKlass java/nio/channels/spi/AbstractInterruptibleChannel$1
instanceKlass sun/nio/ch/Interruptible
instanceKlass java/lang/invoke/LambdaForm$MH
instanceKlass java/lang/invoke/LambdaForm$MH
instanceKlass com/intellij/idea/SocketLock$$Lambda$91
instanceKlass java/lang/invoke/LambdaForm$MH
instanceKlass java/lang/invoke/LambdaForm$MH
instanceKlass java/lang/invoke/LambdaForm$MH
instanceKlass java/util/concurrent/atomic/AtomicReference
instanceKlass java/lang/invoke/LambdaForm$MH
instanceKlass io/netty/channel/ChannelHandler
instanceKlass java/lang/invoke/LambdaForm$MH
instanceKlass java/awt/RenderingHints$Key
instanceKlass sun/awt/SunHints
instanceKlass java/awt/RenderingHints
instanceKlass com/intellij/idea/SocketLock
instanceKlass sun/awt/windows/WDesktopProperties$WinPlaySound
instanceKlass com/intellij/openapi/util/io/FileUtil$2
instanceKlass java/awt/Color
instanceKlass java/awt/Paint
instanceKlass com/intellij/openapi/util/io/FileUtil$1
instanceKlass java/lang/invoke/LambdaForm$MH
instanceKlass com/intellij/util/text/CaseInsensitiveStringHashingStrategy
instanceKlass com/intellij/util/text/FilePathHashingStrategy
instanceKlass com/intellij/openapi/util/io/FileUtilRt$SymlinkResolver
instanceKlass java/lang/invoke/LambdaForm$MH
instanceKlass gnu/trove/TObjectHashingStrategy
instanceKlass gnu/trove/Equality
instanceKlass java/lang/invoke/LambdaForm$MH
instanceKlass java/lang/invoke/LambdaForm$MH
instanceKlass java/lang/invoke/LambdaForm$MH
instanceKlass java/lang/invoke/LambdaForm$MH
instanceKlass java/lang/invoke/LambdaForm$MH
instanceKlass java/lang/invoke/LambdaForm$MH
instanceKlass java/lang/invoke/LambdaForm$MH
instanceKlass java/lang/invoke/LambdaForm$MH
instanceKlass java/lang/invoke/LambdaForm$MH
instanceKlass java/lang/invoke/LambdaForm$MH
instanceKlass sun/java2d/SunGraphicsEnvironment$$Lambda$90
instanceKlass sun/font/FontUtilities$1
instanceKlass sun/font/FontUtilities
instanceKlass sun/nio/ch/FileKey
instanceKlass sun/nio/ch/FileLockTable
instanceKlass java/nio/channels/FileLock
instanceKlass sun/awt/windows/ThemeReader
instanceKlass sun/awt/windows/WDesktopProperties
instanceKlass sun/nio/fs/WindowsChannelFactory$2
instanceKlass sun/nio/fs/WindowsPath$1
instanceKlass com/intellij/openapi/util/io/FileUtilRt$2
instanceKlass com/intellij/openapi/util/io/FileUtilRt$1
instanceKlass sun/awt/OSInfo$1
instanceKlass java/lang/invoke/LambdaForm$MH
instanceKlass java/lang/invoke/LambdaForm$MH
instanceKlass java/lang/invoke/LambdaForm$MH
instanceKlass java/lang/invoke/LambdaForm$MH
instanceKlass com/intellij/openapi/util/io/FileUtilRt$RepeatableIOOperation
instanceKlass java/lang/invoke/LambdaForm$MH
instanceKlass java/lang/invoke/LambdaForm$MH
instanceKlass java/lang/invoke/LambdaForm$MH
instanceKlass java/lang/invoke/LambdaForm$MH
instanceKlass java/lang/invoke/LambdaForm$MH
instanceKlass java/lang/invoke/LambdaForm$MH
instanceKlass java/lang/invoke/LambdaForm$MH
instanceKlass com/intellij/openapi/util/io/FileUtilRt
instanceKlass java/lang/invoke/LambdaForm$MH
instanceKlass java/lang/invoke/LambdaForm$MH
instanceKlass java/lang/invoke/LambdaForm$MH
instanceKlass java/lang/invoke/LambdaForm$MH
instanceKlass java/lang/invoke/LambdaForm$MH
instanceKlass sun/awt/OSInfo$WindowsVersion
instanceKlass sun/awt/OSInfo
instanceKlass javax/swing/UIManager$LookAndFeelInfo
instanceKlass javax/swing/UIManager
instanceKlass com/intellij/openapi/application/PathManager
instanceKlass org/apache/log4j/helpers/AppenderAttachableImpl
instanceKlass org/apache/log4j/helpers/OnlyOnceErrorHandler
instanceKlass com/intellij/openapi/util/text/StringUtil$$Lambda$89
instanceKlass org/apache/log4j/helpers/FormattingInfo
instanceKlass com/intellij/openapi/util/text/StringUtil$$Lambda$88
instanceKlass com/intellij/openapi/util/text/StringUtil$$Lambda$87
instanceKlass com/intellij/util/NotNullFunction
instanceKlass com/intellij/util/NullableFunction
instanceKlass com/intellij/openapi/diagnostic/Logger$$Lambda$86
instanceKlass java/text/Format
instanceKlass com/intellij/util/Function
instanceKlass com/intellij/openapi/diagnostic/Attachment
instanceKlass com/intellij/openapi/diagnostic/Logger$DefaultFactory
instanceKlass org/apache/log4j/helpers/PatternConverter
instanceKlass org/apache/log4j/helpers/PatternParser
instanceKlass org/apache/log4j/spi/ErrorHandler
instanceKlass org/apache/log4j/AppenderSkeleton
instanceKlass com/intellij/openapi/util/text/StringUtilRt
instanceKlass org/apache/log4j/helpers/NullEnumeration
instanceKlass org/apache/log4j/helpers/LogLog
instanceKlass org/apache/log4j/spi/Configurator
instanceKlass org/apache/log4j/helpers/OptionConverter
instanceKlass org/apache/log4j/spi/DefaultRepositorySelector
instanceKlass org/apache/log4j/DefaultCategoryFactory
instanceKlass org/apache/log4j/or/DefaultRenderer
instanceKlass org/apache/log4j/or/ObjectRenderer
instanceKlass org/apache/log4j/or/RendererMap
instanceKlass com/intellij/openapi/util/NotNullLazyValue
instanceKlass com/intellij/openapi/util/SystemInfoRt
instanceKlass org/apache/log4j/spi/LoggerFactory
instanceKlass org/apache/log4j/Hierarchy
instanceKlass org/apache/log4j/spi/ThrowableRendererSupport
instanceKlass java/awt/Graphics
instanceKlass org/apache/log4j/spi/RendererSupport
instanceKlass org/apache/log4j/spi/RepositorySelector
instanceKlass java/awt/image/WritableRenderedImage
instanceKlass java/awt/image/RenderedImage
instanceKlass org/apache/log4j/spi/LoggerRepository
instanceKlass java/util/concurrent/BlockingQueue
instanceKlass com/intellij/util/ui/StartupUiUtil
instanceKlass org/apache/log4j/LogManager
instanceKlass com/intellij/util/SystemProperties
instanceKlass java/awt/TrayIcon
instanceKlass java/awt/MenuComponent
instanceKlass org/apache/log4j/Priority
instanceKlass java/awt/EventQueue$4
instanceKlass sun/awt/dnd/SunDragSourceContextPeer
instanceKlass org/apache/log4j/Category
instanceKlass java/awt/dnd/peer/DragSourceContextPeer
instanceKlass org/apache/log4j/spi/AppenderAttachable
instanceKlass java/awt/ModalEventFilter
instanceKlass java/awt/EventDispatchThread$HierarchyEventFilter
instanceKlass java/awt/EventFilter
instanceKlass java/awt/EventDispatchThread$1
instanceKlass java/awt/Conditional
instanceKlass sun/awt/EventQueueItem
instanceKlass java/awt/EventQueue$6
instanceKlass java/awt/event/InvocationEvent$1
instanceKlass sun/awt/AWTAccessor$InvocationEventAccessor
instanceKlass java/awt/ActiveEvent
instanceKlass sun/awt/PostEventQueue
instanceKlass sun/awt/MostRecentKeyValue
instanceKlass java/lang/invoke/LambdaForm$MH
instanceKlass java/lang/invoke/LambdaForm$MH
instanceKlass java/lang/invoke/LambdaForm$MH
instanceKlass java/lang/invoke/LambdaForm$MH
instanceKlass java/lang/invoke/LambdaForm$MH
instanceKlass java/lang/invoke/LambdaForm$MH
instanceKlass java/awt/Queue
instanceKlass sun/awt/AppContext$1
instanceKlass sun/awt/AppContext$2
instanceKlass sun/awt/AppContext$3
instanceKlass sun/awt/AppContext$6
instanceKlass jdk/internal/misc/JavaAWTAccess
instanceKlass sun/awt/AppContext$GetAppContextLock
instanceKlass sun/awt/AppContext
instanceKlass java/lang/invoke/LambdaForm$MH
instanceKlass java/lang/invoke/LambdaForm$DMH
instanceKlass java/lang/invoke/LambdaForm$MH
instanceKlass java/lang/invoke/LambdaForm$DMH
instanceKlass java/lang/invoke/LambdaForm$MH
instanceKlass java/lang/invoke/LambdaForm$MH
instanceKlass java/lang/invoke/LambdaForm$MH
instanceKlass java/lang/invoke/LambdaForm$MH
instanceKlass java/lang/invoke/LambdaForm$MH
instanceKlass java/lang/Shutdown$Lock
instanceKlass java/lang/Shutdown
instanceKlass java/lang/ApplicationShutdownHooks$1
instanceKlass java/lang/ApplicationShutdownHooks
instanceKlass sun/awt/windows/WToolkit$$Lambda$85
instanceKlass java/lang/invoke/LambdaForm$DMH
instanceKlass sun/awt/windows/WToolkit$$Lambda$84
instanceKlass sun/awt/windows/WToolkit$$Lambda$83
instanceKlass sun/awt/windows/WToolkit$$Lambda$82
instanceKlass sun/awt/AWTAutoShutdown$$Lambda$81
instanceKlass sun/awt/AWTAutoShutdown
instanceKlass sun/awt/util/ThreadGroupUtils
instanceKlass sun/java2d/Disposer$$Lambda$80
instanceKlass sun/java2d/Disposer$1
instanceKlass sun/java2d/Disposer
instanceKlass sun/awt/windows/WToolkit$ToolkitDisposer
instanceKlass sun/java2d/DisposerRecord
instanceKlass java/lang/invoke/LambdaForm$MH
instanceKlass java/lang/invoke/LambdaForm$MH
instanceKlass java/lang/invoke/LambdaForm$MH
instanceKlass java/lang/invoke/LambdaForm$MH
instanceKlass java/lang/invoke/LambdaForm$MH
instanceKlass java/lang/invoke/LambdaForm$MH
instanceKlass java/lang/invoke/LambdaForm$MH
instanceKlass java/lang/invoke/LambdaForm$MH
instanceKlass java/lang/invoke/LambdaForm$MH
instanceKlass java/lang/invoke/LambdaForm$MH
instanceKlass java/lang/invoke/LambdaForm$MH
instanceKlass java/lang/invoke/LambdaForm$MH
instanceKlass java/lang/invoke/LambdaForm$MH
instanceKlass sun/awt/util/PerformanceLogger$TimeData
instanceKlass sun/awt/util/PerformanceLogger
instanceKlass sun/awt/SunToolkit$ModalityListenerList
instanceKlass sun/awt/ModalityListener
instanceKlass java/beans/PropertyChangeListener
instanceKlass java/beans/ChangeListenerMap
instanceKlass java/beans/PropertyChangeSupport
instanceKlass sun/awt/windows/WToolkit$2
instanceKlass sun/util/logging/PlatformLogger$ConfigurableBridge$LoggerConfiguration
instanceKlass jdk/internal/logger/BootstrapLogger$RedirectedLoggers
instanceKlass javax/swing/event/EventListenerList
instanceKlass sun/awt/windows/WDesktopPeer
instanceKlass java/awt/peer/DesktopPeer
instanceKlass java/awt/Component$DummyRequestFocusController
instanceKlass sun/awt/RequestFocusController
instanceKlass java/awt/Component$1
instanceKlass sun/awt/AWTAccessor$ComponentAccessor
instanceKlass java/awt/font/JavaAWTFontAccessImpl
instanceKlass jdk/internal/misc/JavaAWTFontAccess
instanceKlass java/text/AttributedCharacterIterator$Attribute
instanceKlass sun/font/AttributeValues
instanceKlass java/awt/geom/AffineTransform
instanceKlass sun/font/FontAccess
instanceKlass java/awt/Font
instanceKlass sun/awt/windows/WObjectPeer
instanceKlass java/awt/dnd/peer/DropTargetPeer
instanceKlass java/awt/peer/ComponentPeer
instanceKlass java/awt/event/InputEvent$1
instanceKlass sun/awt/AWTAccessor$InputEventAccessor
instanceKlass java/awt/event/NativeLibLoader$1
instanceKlass java/awt/event/NativeLibLoader
instanceKlass java/awt/AWTEvent$1
instanceKlass sun/awt/AWTAccessor$AWTEventAccessor
instanceKlass java/util/EventObject
instanceKlass java/awt/Component$AWTTreeLock
instanceKlass sun/awt/DisplayChangedListener
instanceKlass java/util/EventListener
instanceKlass sun/awt/image/SurfaceManager
instanceKlass sun/awt/image/SurfaceManager$ImageAccessor
instanceKlass java/awt/ImageCapabilities
instanceKlass java/awt/Image
instanceKlass sun/java2d/DestSurfaceProvider
instanceKlass sun/java2d/loops/RenderCache$Entry
instanceKlass sun/java2d/loops/RenderCache
instanceKlass sun/java2d/pipe/DrawImage
instanceKlass sun/java2d/pipe/GeneralCompositePipe
instanceKlass sun/java2d/pipe/SpanShapeRenderer
instanceKlass sun/java2d/pipe/AlphaPaintPipe
instanceKlass sun/java2d/pipe/AAShapePipe
instanceKlass sun/java2d/pipe/RegionIterator
instanceKlass sun/java2d/pipe/Region
instanceKlass sun/java2d/pipe/SpanClipRenderer
instanceKlass sun/java2d/pipe/PixelToShapeConverter
instanceKlass sun/java2d/pipe/AlphaColorPipe
instanceKlass sun/java2d/pipe/CompositePipe
instanceKlass sun/java2d/pipe/GlyphListPipe
instanceKlass sun/java2d/pipe/OutlineTextRenderer
instanceKlass sun/java2d/ReentrantContextProvider
instanceKlass sun/java2d/marlin/FloatMath
instanceKlass sun/java2d/marlin/MarlinProperties
instanceKlass sun/java2d/marlin/MarlinConst
instanceKlass sun/java2d/pipe/RenderingEngine
instanceKlass sun/java2d/pipe/LoopPipe
instanceKlass sun/java2d/pipe/LoopBasedPipe
instanceKlass sun/java2d/pipe/ParallelogramPipe
instanceKlass sun/java2d/pipe/NullPipe
instanceKlass sun/java2d/pipe/DrawImagePipe
instanceKlass sun/java2d/pipe/TextPipe
instanceKlass sun/java2d/pipe/ShapeDrawPipe
instanceKlass sun/java2d/pipe/PixelFillPipe
instanceKlass sun/java2d/pipe/PixelDrawPipe
instanceKlass sun/java2d/StateTrackableDelegate$2
instanceKlass sun/java2d/StateTrackableDelegate
instanceKlass java/awt/color/ICC_Profile$1
instanceKlass sun/java2d/cmm/ProfileActivator
instanceKlass sun/java2d/cmm/ProfileDeferralMgr
instanceKlass java/awt/color/ICC_Profile
instanceKlass java/awt/color/ColorSpace
instanceKlass java/awt/image/ColorModel$1
instanceKlass java/awt/image/ColorModel
instanceKlass sun/awt/image/PixelConverter
instanceKlass sun/java2d/loops/SurfaceType
instanceKlass sun/java2d/SurfaceData
instanceKlass sun/java2d/Surface
instanceKlass sun/java2d/StateTrackable
instanceKlass sun/java2d/DisposerTarget
instanceKlass java/awt/Transparency
instanceKlass sun/awt/windows/WToolkit$1
instanceKlass jdk/internal/logger/LazyLoggers$LazyLoggerAccessor
instanceKlass jdk/internal/logger/LazyLoggers$LoggerAccessor
instanceKlass jdk/internal/logger/AbstractLoggerWrapper
instanceKlass sun/util/logging/internal/LoggingProviderImpl$LogManagerAccess
instanceKlass java/lang/System$LoggerFinder
instanceKlass jdk/internal/logger/BootstrapLogger$DetectBackend$1
instanceKlass jdk/internal/logger/BootstrapLogger$DetectBackend
instanceKlass jdk/internal/logger/BootstrapLogger
instanceKlass sun/util/logging/PlatformLogger$ConfigurableBridge
instanceKlass sun/util/logging/PlatformLogger$Bridge
instanceKlass java/lang/System$Logger
instanceKlass jdk/internal/logger/LazyLoggers$LazyLoggerFactories
instanceKlass jdk/internal/logger/LazyLoggers$1
instanceKlass jdk/internal/logger/LazyLoggers
instanceKlass sun/util/logging/PlatformLogger
instanceKlass java/util/Collections$SynchronizedMap
instanceKlass sun/awt/WeakIdentityHashMap
instanceKlass java/util/concurrent/locks/AbstractQueuedSynchronizer$ConditionObject
instanceKlass java/util/concurrent/locks/Condition
instanceKlass sun/awt/KeyboardFocusManagerPeerProvider
instanceKlass sun/awt/InputMethodSupport
instanceKlass sun/awt/ComponentFactory
instanceKlass java/awt/Toolkit$2
instanceKlass java/awt/Insets
instanceKlass java/lang/invoke/LambdaForm$MH
instanceKlass java/lang/invoke/LambdaForm$DMH
instanceKlass java/lang/invoke/LambdaForm$MH
instanceKlass java/lang/invoke/LambdaForm$DMH
instanceKlass java/lang/invoke/LambdaForm$MH
instanceKlass java/lang/invoke/LambdaForm$DMH
instanceKlass java/lang/invoke/LambdaForm$MH
instanceKlass java/lang/invoke/LambdaForm$DMH
instanceKlass java/lang/invoke/ClassSpecializer$Factory$1Var
instanceKlass java/lang/invoke/LambdaForm$MH
instanceKlass java/lang/invoke/LambdaForm$DMH
instanceKlass java/lang/invoke/LambdaForm$BMH
instanceKlass java/lang/invoke/LambdaForm$DMH
instanceKlass java/lang/invoke/LambdaForm$MH
instanceKlass java/lang/invoke/LambdaForm$DMH
instanceKlass java/lang/invoke/LambdaForm$MH
instanceKlass java/lang/invoke/LambdaForm$DMH
instanceKlass java/lang/invoke/LambdaForm$MH
instanceKlass java/lang/invoke/LambdaForm$MH
instanceKlass java/lang/invoke/LambdaForm$MH
instanceKlass java/lang/invoke/LambdaForm$MH
instanceKlass java/lang/invoke/LambdaForm$MH
instanceKlass java/lang/invoke/LambdaForm$MH
instanceKlass java/lang/invoke/LambdaForm$MH
instanceKlass java/lang/invoke/LambdaForm$MH
instanceKlass java/lang/invoke/LambdaForm$MH
instanceKlass java/lang/invoke/LambdaForm$MH
instanceKlass java/lang/invoke/LambdaForm$MH
instanceKlass java/lang/invoke/LambdaForm$MH
instanceKlass java/lang/invoke/LambdaForm$MH
instanceKlass java/lang/invoke/LambdaForm$MH
instanceKlass java/lang/invoke/LambdaForm$MH
instanceKlass java/lang/invoke/LambdaForm$MH
instanceKlass java/lang/invoke/LambdaForm$MH
instanceKlass java/lang/invoke/LambdaForm$MH
instanceKlass java/lang/invoke/LambdaForm$MH
instanceKlass java/lang/invoke/LambdaForm$MH
instanceKlass java/lang/invoke/LambdaForm$MH
instanceKlass java/lang/invoke/LambdaForm$MH
instanceKlass java/lang/invoke/LambdaForm$MH
instanceKlass java/lang/invoke/MethodHandles$1
instanceKlass java/lang/Byte$ByteCache
instanceKlass java/lang/invoke/LambdaForm$MH
instanceKlass java/lang/invoke/LambdaForm$MH
instanceKlass java/lang/invoke/LambdaForm$MH
instanceKlass java/lang/invoke/LambdaForm$MH
instanceKlass java/lang/invoke/LambdaForm$MH
instanceKlass java/lang/invoke/LambdaForm$MH
instanceKlass java/lang/invoke/LambdaForm$MH
instanceKlass java/lang/invoke/LambdaForm$MH
instanceKlass java/lang/invoke/LambdaForm$MH
instanceKlass java/lang/invoke/LambdaForm$MH
instanceKlass java/lang/invoke/LambdaForm$MH
instanceKlass java/lang/invoke/LambdaForm$MH
instanceKlass java/lang/invoke/LambdaForm$MH
instanceKlass java/lang/invoke/LambdaForm$MH
instanceKlass java/lang/invoke/LambdaForm$MH
instanceKlass java/lang/invoke/StringConcatFactory$Stringifiers
instanceKlass java/lang/StringConcatHelper
instanceKlass java/lang/invoke/StringConcatFactory$MethodHandleInlineCopyStrategy$3
instanceKlass java/lang/invoke/StringConcatFactory$MethodHandleInlineCopyStrategy$2
instanceKlass java/lang/invoke/StringConcatFactory$MethodHandleInlineCopyStrategy$1
instanceKlass java/lang/invoke/StringConcatFactory$MethodHandleInlineCopyStrategy
instanceKlass java/lang/invoke/StringConcatFactory$RecipeElement
instanceKlass java/lang/invoke/StringConcatFactory$Recipe
instanceKlass java/lang/invoke/StringConcatFactory$1
instanceKlass java/lang/invoke/StringConcatFactory
instanceKlass java/awt/Toolkit$1
instanceKlass java/awt/Toolkit$3
instanceKlass jdk/internal/module/SystemModuleFinders$SystemModuleReader$$Lambda$79
instanceKlass java/util/ResourceBundle$ResourceBundleProviderHelper$$Lambda$78
instanceKlass java/util/ResourceBundle$ResourceBundleProviderHelper$$Lambda$77
instanceKlass java/util/ResourceBundle$ResourceBundleProviderHelper$$Lambda$76
instanceKlass java/util/ResourceBundle$ResourceBundleProviderHelper
instanceKlass java/util/ResourceBundle$3
instanceKlass java/util/LinkedList$Node
instanceKlass java/util/ResourceBundle$CacheKeyReference
instanceKlass java/util/ResourceBundle$CacheKey
instanceKlass java/util/ResourceBundle$$Lambda$75
instanceKlass java/util/ResourceBundle$Control
instanceKlass java/util/ResourceBundle$1
instanceKlass jdk/internal/misc/JavaUtilResourceBundleAccess
instanceKlass java/util/ResourceBundle
instanceKlass java/awt/Toolkit$5
instanceKlass java/awt/Toolkit$4
instanceKlass sun/awt/AWTAccessor$ToolkitAccessor
instanceKlass java/awt/Toolkit
instanceKlass java/awt/EventQueue$3
instanceKlass sun/awt/AWTAccessor
instanceKlass java/awt/EventQueue$2
instanceKlass sun/awt/AWTAccessor$EventQueueAccessor
instanceKlass java/awt/EventQueue$1
instanceKlass java/awt/EventQueue
instanceKlass java/util/concurrent/CompletableFuture$AsynchronousCompletionTask
instanceKlass java/util/concurrent/ForkJoinPool$WorkQueue
instanceKlass com/intellij/concurrency/IdeaForkJoinWorkerThreadFactory
instanceKlass java/util/concurrent/ForkJoinPool$1
instanceKlass java/util/concurrent/ForkJoinPool$DefaultForkJoinWorkerThreadFactory
instanceKlass java/util/concurrent/ForkJoinTask
instanceKlass java/util/concurrent/AbstractExecutorService
instanceKlass java/util/concurrent/CompletableFuture$AltResult
instanceKlass java/util/concurrent/CompletableFuture
instanceKlass java/util/concurrent/CompletionStage
instanceKlass com/intellij/idea/StartupUtil$$Lambda$74
instanceKlass com/intellij/idea/StartupUtil$$Lambda$73
instanceKlass com/intellij/concurrency/IdeaForkJoinWorkerThreadFactory
instanceKlass java/util/concurrent/ForkJoinPool$ForkJoinWorkerThreadFactory
instanceKlass org/jetbrains/io/BuiltInServer
instanceKlass com/intellij/openapi/Disposable
instanceKlass com/intellij/idea/SocketLock$ActivateStatusAndResponse
instanceKlass com/intellij/ide/gdpr/EndUserAgreement$Document
instanceKlass com/intellij/idea/SocketLock$CliRequestProcessor
instanceKlass com/intellij/openapi/diagnostic/Logger
instanceKlass com/intellij/idea/StartupUtil$$Lambda$72
instanceKlass java/lang/invoke/LambdaForm$DMH
instanceKlass org/apache/log4j/Appender
instanceKlass org/apache/log4j/Layout
instanceKlass org/apache/log4j/spi/OptionHandler
instanceKlass com/intellij/util/ui/EdtInvocationManager
instanceKlass java/util/concurrent/Future
instanceKlass java/util/concurrent/ExecutorService
instanceKlass java/util/concurrent/Executor
instanceKlass javax/swing/RepaintManager
instanceKlass com/intellij/openapi/diagnostic/Logger$Factory
instanceKlass com/intellij/idea/StartupUtil
instanceKlass a/e/aa
instanceKlass com/intellij/idea/MainImpl$1
instanceKlass com/intellij/idea/StartupUtil$AppStarter
instanceKlass com/intellij/openapi/application/ApplicationInfo
instanceKlass com/intellij/util/ArrayUtil$$Lambda$71
instanceKlass com/intellij/util/ArrayUtil$$Lambda$70
instanceKlass com/intellij/util/ArrayFactory
instanceKlass com/intellij/util/text/CharArrayCharSequence
instanceKlass com/intellij/openapi/util/text/CharSequenceWithStringHash
instanceKlass com/intellij/util/text/CharSequenceBackedByArray
instanceKlass a/c/lb
instanceKlass a/c/lc
instanceKlass a/c/la
instanceKlass com/intellij/idea/MainImpl
instanceKlass jdk/internal/reflect/UnsafeFieldAccessorFactory
instanceKlass com/intellij/util/BitUtil
instanceKlass jdk/internal/module/IllegalAccessLogger$$Lambda$69
instanceKlass jdk/internal/module/IllegalAccessLogger$$Lambda$68
instanceKlass java/lang/reflect/AccessibleObject$$Lambda$67
instanceKlass sun/net/www/protocol/jar/JarFileFactory
instanceKlass sun/net/www/protocol/jar/URLJarFile$URLJarFileCloseController
instanceKlass com/intellij/ide/ClassUtilCore
instanceKlass com/intellij/ide/plugins/MainRunner$$Lambda$66
instanceKlass java/lang/invoke/LambdaForm$DMH
instanceKlass com/intellij/util/ArrayUtilRt
instanceKlass com/intellij/idea/Main
instanceKlass com/intellij/diagnostic/ActivityImpl
instanceKlass java/util/concurrent/ConcurrentLinkedQueue$Node
instanceKlass com/intellij/diagnostic/Activity
instanceKlass com/intellij/diagnostic/StartUpMeasurer
instanceKlass com/intellij/ide/WindowsCommandLineProcessor
instanceKlass com/intellij/ide/plugins/MainRunner
instanceKlass java/util/zip/ZipFile$$Lambda$65
instanceKlass com/intellij/util/lang/ClasspathCache$LoaderData
instanceKlass com/intellij/util/lang/ClasspathCache$LoaderDataBuilder$1
instanceKlass java/lang/StrictMath
instanceKlass com/intellij/openapi/util/text/StringHash
instanceKlass com/intellij/util/BloomFilterBase
instanceKlass gnu/trove/HashFunctions
instanceKlass gnu/trove/PrimeFinder
instanceKlass gnu/trove/TIntProcedure
instanceKlass gnu/trove/TIntHashingStrategy
instanceKlass gnu/trove/THash
instanceKlass gnu/trove/TLongHashingStrategy
instanceKlass gnu/trove/TLongProcedure
instanceKlass com/intellij/util/lang/ClasspathCache$LoaderDataBuilder
instanceKlass java/util/zip/ZipFile$$Lambda$64
instanceKlass java/util/zip/ZipFile$ZipEntryIterator
instanceKlass com/intellij/util/lang/JarMemoryLoader
instanceKlass com/intellij/util/lang/Resource
instanceKlass com/intellij/openapi/util/Getter
instanceKlass com/intellij/util/lang/ClassLoadingLocks
instanceKlass java/util/concurrent/locks/ReentrantReadWriteLock$WriteLock
instanceKlass java/util/concurrent/locks/ReentrantReadWriteLock$ReadLock
instanceKlass java/util/concurrent/locks/AbstractQueuedSynchronizer$Node
instanceKlass java/util/concurrent/locks/ReentrantReadWriteLock
instanceKlass com/intellij/util/lang/IntObjectHashMap
instanceKlass java/util/concurrent/locks/ReadWriteLock
instanceKlass com/intellij/util/lang/ClasspathCache
instanceKlass com/intellij/util/lang/ClasspathCache$LoaderIterator
instanceKlass com/intellij/util/lang/Loader
instanceKlass com/intellij/util/lang/ClassPath
instanceKlass com/intellij/util/lang/UrlClassLoader$1
instanceKlass com/intellij/openapi/util/ClassLoaderUtil
instanceKlass com/intellij/util/containers/ContainerUtilRt
instanceKlass com/intellij/util/lang/UrlClassLoader$Builder
instanceKlass java/util/StringJoiner
instanceKlass java/lang/WeakPairMap$$Lambda$63
instanceKlass java/lang/Module$$Lambda$62
instanceKlass java/util/RegularEnumSet$EnumSetIterator
instanceKlass java/lang/module/ModuleDescriptor$Builder$$Lambda$61
instanceKlass jdk/internal/module/Checks
instanceKlass java/lang/module/ModuleDescriptor$Builder
instanceKlass java/lang/reflect/Proxy$ProxyBuilder$$Lambda$60
instanceKlass java/lang/annotation/Target
instanceKlass java/lang/reflect/Proxy$ProxyBuilder$1
instanceKlass java/lang/reflect/ProxyGenerator$ExceptionTableEntry
instanceKlass java/lang/reflect/ProxyGenerator$PrimitiveTypeInfo
instanceKlass java/lang/reflect/ProxyGenerator$FieldInfo
instanceKlass java/lang/reflect/ProxyGenerator$ConstantPool$Entry
instanceKlass java/lang/reflect/ProxyGenerator$MethodInfo
instanceKlass java/lang/reflect/ProxyGenerator$ProxyMethod
instanceKlass java/lang/reflect/ProxyGenerator$ConstantPool
instanceKlass java/lang/reflect/ProxyGenerator
instanceKlass java/lang/reflect/Proxy$$Lambda$59
instanceKlass java/lang/PublicMethods
instanceKlass java/util/Collections$1
instanceKlass java/lang/reflect/Proxy$ProxyBuilder
instanceKlass java/lang/reflect/Proxy$$Lambda$58
instanceKlass java/lang/reflect/Proxy
instanceKlass sun/reflect/annotation/AnnotationInvocationHandler
instanceKlass java/lang/reflect/InvocationHandler
instanceKlass sun/reflect/annotation/AnnotationParser$1
instanceKlass sun/reflect/annotation/ExceptionProxy
instanceKlass java/lang/annotation/Inherited
instanceKlass java/lang/annotation/Retention
instanceKlass sun/reflect/annotation/AnnotationType$1
instanceKlass sun/reflect/annotation/AnnotationType
instanceKlass java/lang/reflect/GenericArrayType
instanceKlass sun/reflect/generics/visitor/Reifier
instanceKlass sun/reflect/generics/visitor/TypeTreeVisitor
instanceKlass sun/reflect/generics/factory/CoreReflectionFactory
instanceKlass sun/reflect/generics/factory/GenericsFactory
instanceKlass sun/reflect/generics/scope/AbstractScope
instanceKlass sun/reflect/generics/scope/Scope
instanceKlass sun/reflect/generics/tree/ClassTypeSignature
instanceKlass sun/reflect/generics/tree/SimpleClassTypeSignature
instanceKlass sun/reflect/generics/tree/FieldTypeSignature
instanceKlass sun/reflect/generics/tree/BaseType
instanceKlass sun/reflect/generics/tree/TypeSignature
instanceKlass sun/reflect/generics/tree/ReturnType
instanceKlass sun/reflect/generics/tree/TypeArgument
instanceKlass sun/reflect/generics/tree/TypeTree
instanceKlass sun/reflect/generics/tree/Tree
instanceKlass sun/reflect/generics/parser/SignatureParser
instanceKlass java/lang/reflect/AccessibleObject$$Lambda$57
instanceKlass com/intellij/util/lang/UrlClassLoader$CachePool
instanceKlass com/intellij/util/text/StringTokenizer
instanceKlass java/util/stream/Collectors$$Lambda$56
instanceKlass java/util/stream/Collectors$$Lambda$55
instanceKlass java/util/stream/Collectors$$Lambda$54
instanceKlass sun/management/spi/PlatformMBeanProvider$PlatformComponent$$Lambda$53
instanceKlass sun/management/spi/PlatformMBeanProvider$PlatformComponent$$Lambda$52
instanceKlass sun/management/RuntimeImpl
instanceKlass java/util/stream/ReduceOps$2ReducingSink
instanceKlass java/lang/management/ManagementFactory$PlatformMBeanFinder$$Lambda$51
instanceKlass java/lang/management/ManagementFactory$PlatformMBeanFinder$$Lambda$50
instanceKlass java/util/Collections$2
instanceKlass jdk/management/jfr/internal/FlightRecorderMXBeanProvider$SingleMBeanComponent
instanceKlass jdk/management/jfr/FlightRecorderMXBean
instanceKlass java/util/HashMap$HashMapSpliterator
instanceKlass java/lang/management/ManagementFactory$PlatformMBeanFinder$$Lambda$49
instanceKlass java/lang/management/ManagementFactory$PlatformMBeanFinder$$Lambda$48
instanceKlass java/util/stream/Collectors$$Lambda$47
instanceKlass java/util/stream/Collectors$$Lambda$46
instanceKlass java/lang/invoke/LambdaForm$DMH
instanceKlass java/util/stream/Collectors$$Lambda$45
instanceKlass java/lang/management/ManagementFactory$PlatformMBeanFinder$$Lambda$44
instanceKlass java/lang/invoke/LambdaForm$DMH
instanceKlass java/util/function/Function$$Lambda$43
instanceKlass java/lang/management/ManagementFactory$PlatformMBeanFinder$$Lambda$42
instanceKlass java/lang/management/ManagementFactory$PlatformMBeanFinder$$Lambda$41
instanceKlass java/util/ArrayList$ArrayListSpliterator
instanceKlass java/lang/management/DefaultPlatformMBeanProvider$11
instanceKlass java/lang/management/DefaultPlatformMBeanProvider$10
instanceKlass java/lang/management/DefaultPlatformMBeanProvider$9
instanceKlass java/util/logging/LogManager
instanceKlass sun/management/ManagementFactoryHelper$LoggingMXBeanAccess$1
instanceKlass sun/management/ManagementFactoryHelper$LoggingMXBeanAccess
instanceKlass java/lang/management/DefaultPlatformMBeanProvider$8
instanceKlass java/lang/management/DefaultPlatformMBeanProvider$7
instanceKlass java/lang/management/DefaultPlatformMBeanProvider$6
instanceKlass java/lang/management/DefaultPlatformMBeanProvider$5
instanceKlass java/lang/management/DefaultPlatformMBeanProvider$4
instanceKlass java/lang/management/DefaultPlatformMBeanProvider$3
instanceKlass java/lang/management/DefaultPlatformMBeanProvider$2
instanceKlass java/lang/management/DefaultPlatformMBeanProvider$1
instanceKlass java/util/concurrent/Callable
instanceKlass com/sun/management/internal/PlatformMBeanProviderImpl$5
instanceKlass sun/management/VMManagementImpl
instanceKlass sun/management/VMManagement
instanceKlass sun/management/ManagementFactoryHelper
instanceKlass sun/management/NotificationEmitterSupport
instanceKlass javax/management/NotificationEmitter
instanceKlass javax/management/NotificationBroadcaster
instanceKlass com/sun/management/DiagnosticCommandMBean
instanceKlass javax/management/DynamicMBean
instanceKlass com/sun/management/internal/PlatformMBeanProviderImpl$4
instanceKlass com/sun/management/internal/PlatformMBeanProviderImpl$3
instanceKlass com/sun/management/internal/PlatformMBeanProviderImpl$2
instanceKlass com/sun/management/internal/PlatformMBeanProviderImpl$1
instanceKlass sun/management/spi/PlatformMBeanProvider$PlatformComponent
instanceKlass com/sun/management/internal/PlatformMBeanProviderImpl$$Lambda$40
instanceKlass java/lang/management/ManagementFactory$PlatformMBeanFinder$$Lambda$39
instanceKlass sun/management/spi/PlatformMBeanProvider
instanceKlass java/security/AccessController$1
instanceKlass java/lang/management/ManagementFactory$PlatformMBeanFinder$$Lambda$38
instanceKlass java/lang/management/ManagementFactory$PlatformMBeanFinder
instanceKlass java/lang/management/RuntimeMXBean
instanceKlass java/lang/management/PlatformManagedObject
instanceKlass java/lang/management/ManagementFactory$$Lambda$37
instanceKlass java/lang/management/ManagementFactory
instanceKlass com/intellij/ide/ClassUtilCore
instanceKlass com/intellij/openapi/application/PathManager$Lazy
instanceKlass com/intellij/openapi/util/PropertiesUtil
instanceKlass sun/nio/cs/ArrayDecoder
instanceKlass com/intellij/util/SystemProperties
instanceKlass com/intellij/util/ArrayUtil$$Lambda$36
instanceKlass com/intellij/util/ArrayUtil$$Lambda$35
instanceKlass com/intellij/util/ArrayFactory
instanceKlass java/lang/invoke/LambdaForm$DMH
instanceKlass com/intellij/util/text/CharArrayCharSequence
instanceKlass com/intellij/openapi/util/text/CharSequenceWithStringHash
instanceKlass com/intellij/util/text/CharSequenceBackedByArray
instanceKlass java/util/regex/CharPredicates$$Lambda$34
instanceKlass java/lang/reflect/AnnotatedType
instanceKlass java/lang/reflect/TypeVariable
instanceKlass com/intellij/openapi/util/NotNullLazyValue
instanceKlass com/intellij/openapi/util/SystemInfoRt
instanceKlass com/intellij/openapi/util/io/FileUtilRt$2
instanceKlass com/intellij/openapi/util/io/FileUtilRt$1
instanceKlass com/intellij/openapi/util/io/FileUtilRt$RepeatableIOOperation
instanceKlass java/io/FileFilter
instanceKlass com/intellij/openapi/util/io/FileUtilRt
instanceKlass com/intellij/openapi/util/Pair
instanceKlass java/util/regex/CharPredicates$$Lambda$33
instanceKlass java/util/regex/Pattern$CharPredicate$$Lambda$32
instanceKlass java/util/regex/CharPredicates$$Lambda$31
instanceKlass java/util/regex/CharPredicates
instanceKlass java/util/regex/Pattern$$Lambda$30
instanceKlass com/intellij/util/io/URLUtil
instanceKlass java/util/regex/Pattern$BmpCharPredicate$$Lambda$29
instanceKlass java/util/regex/Pattern$$Lambda$28
instanceKlass com/intellij/openapi/util/text/StringUtil$$Lambda$27
instanceKlass com/intellij/openapi/util/text/StringUtil$$Lambda$26
instanceKlass com/intellij/openapi/util/text/StringUtil$$Lambda$25
instanceKlass com/intellij/util/NotNullFunction
instanceKlass com/intellij/util/NullableFunction
instanceKlass javax/swing/text/html/HTMLEditorKit$ParserCallback
instanceKlass com/intellij/openapi/Disposable
instanceKlass com/intellij/openapi/diagnostic/Logger$$Lambda$24
instanceKlass com/intellij/util/Function
instanceKlass com/intellij/openapi/diagnostic/Attachment
instanceKlass com/intellij/openapi/diagnostic/Logger$DefaultFactory
instanceKlass com/intellij/openapi/diagnostic/Logger$Factory
instanceKlass com/intellij/openapi/diagnostic/Logger
instanceKlass jdk/internal/util/ArraysSupport
instanceKlass com/intellij/openapi/util/text/StringUtilRt
instanceKlass com/intellij/openapi/application/PathManager
instanceKlass com/intellij/ide/Bootstrap
instanceKlass java/util/TreeMap$Entry
instanceKlass java/lang/ProcessEnvironment$CheckedEntry
instanceKlass java/lang/ProcessEnvironment$CheckedEntrySet$1
instanceKlass java/lang/ProcessEnvironment$EntryComparator
instanceKlass java/lang/ProcessEnvironment$NameComparator
instanceKlass java/awt/GraphicsEnvironment$$Lambda$23
instanceKlass java/awt/GraphicsEnvironment
instanceKlass com/intellij/util/ArrayUtilRt
instanceKlass javax/swing/TransferHandler$HasGetTransferHandler
instanceKlass javax/accessibility/Accessible
instanceKlass javax/swing/Scrollable
instanceKlass java/awt/Component
instanceKlass java/awt/MenuContainer
instanceKlass java/awt/image/ImageObserver
instanceKlass com/intellij/idea/Main
instanceKlass jdk/jfr/internal/EventWriter
instanceKlass java/lang/StringCoding$StringEncoder
instanceKlass fuck_the_regulations/eW
instanceKlass java/lang/instrument/ClassFileTransformer
instanceKlass sun/security/provider/ByteArrayAccess
instanceKlass jdk/internal/reflect/ClassDefiner$1
instanceKlass jdk/internal/reflect/ClassDefiner
instanceKlass jdk/internal/reflect/MethodAccessorGenerator$1
instanceKlass jdk/internal/reflect/Label$PatchInfo
instanceKlass jdk/internal/reflect/Label
instanceKlass jdk/internal/reflect/UTF8
instanceKlass jdk/internal/reflect/ClassFileAssembler
instanceKlass jdk/internal/reflect/ByteVectorImpl
instanceKlass jdk/internal/reflect/ByteVector
instanceKlass jdk/internal/reflect/ByteVectorFactory
instanceKlass jdk/internal/reflect/AccessorGenerator
instanceKlass jdk/internal/reflect/ClassFileConstants
instanceKlass sun/security/util/MessageDigestSpi2
instanceKlass java/security/MessageDigestSpi
instanceKlass fuck_the_regulations/fp
instanceKlass fuck_the_regulations/aT
instanceKlass fuck_the_regulations/b1
instanceKlass fuck_the_regulations/b8
instanceKlass fuck_the_regulations/aB
instanceKlass fuck_the_regulations/c2
instanceKlass fuck_the_regulations/cI
instanceKlass fuck_the_regulations/bb
instanceKlass fuck_the_regulations/fg
instanceKlass fuck_the_regulations/fj
instanceKlass fuck_the_regulations/fe
instanceKlass fuck_the_regulations/bx
instanceKlass java/util/concurrent/atomic/Striped64$1
instanceKlass java/lang/invoke/VarHandle$AccessDescriptor
instanceKlass java/net/InetAddress$CachedAddresses
instanceKlass sun/net/InetAddressCachePolicy$2
instanceKlass sun/net/InetAddressCachePolicy$1
instanceKlass sun/net/InetAddressCachePolicy
instanceKlass java/net/Inet6Address$Inet6AddressHolder
instanceKlass java/net/InetAddress$NameServiceAddresses
instanceKlass java/net/InetAddress$Addresses
instanceKlass java/util/concurrent/ConcurrentSkipListMap$Iter
instanceKlass java/net/InetAddress$PlatformNameService
instanceKlass java/net/InetAddress$NameService
instanceKlass java/net/Inet4AddressImpl
instanceKlass java/net/InetAddressImpl
instanceKlass java/net/InetAddressImplFactory
instanceKlass java/util/concurrent/ConcurrentSkipListMap$Node
instanceKlass java/util/concurrent/ConcurrentSkipListMap$Index
instanceKlass java/util/concurrent/ConcurrentNavigableMap
instanceKlass java/util/NavigableMap
instanceKlass java/util/SortedMap
instanceKlass java/util/NavigableSet
instanceKlass java/util/SortedSet
instanceKlass java/net/InetAddress$InetAddressHolder
instanceKlass java/net/InetAddress$2
instanceKlass jdk/internal/misc/JavaNetInetAddressAccess
instanceKlass java/net/InetAddress$1
instanceKlass java/net/InetAddress
instanceKlass fuck_the_regulations/h
instanceKlass java/lang/invoke/LambdaForm$MH
instanceKlass java/lang/Long$LongCache
instanceKlass java/lang/invoke/LambdaForm$MH
instanceKlass java/lang/invoke/LambdaForm$DMH
instanceKlass java/lang/invoke/LambdaForm$MH
instanceKlass java/lang/invoke/LambdaForm$MH
instanceKlass java/lang/invoke/LambdaForm$MH
instanceKlass java/lang/invoke/LambdaForm$MH
instanceKlass java/lang/invoke/LambdaForm$MH
instanceKlass java/lang/invoke/LambdaForm$MH
instanceKlass java/lang/invoke/LambdaForm$MH
instanceKlass java/lang/invoke/LambdaForm$MH
instanceKlass java/lang/invoke/LambdaForm$DMH
instanceKlass java/lang/invoke/LambdaForm$MH
instanceKlass java/lang/invoke/LambdaForm$DMH
instanceKlass java/lang/invoke/LambdaForm$MH
instanceKlass java/lang/invoke/LambdaForm$DMH
instanceKlass sun/invoke/util/ValueConversions$WrapperCache
instanceKlass java/lang/invoke/LambdaForm$MH
instanceKlass java/lang/ClassValue$Version
instanceKlass java/lang/ClassValue$Identity
instanceKlass java/lang/ClassValue
instanceKlass java/lang/invoke/LambdaForm$MH
instanceKlass java/lang/invoke/LambdaForm$DMH
instanceKlass com/sun/crypto/provider/PKCS5Padding
instanceKlass com/sun/crypto/provider/Padding
instanceKlass com/sun/crypto/provider/FeedbackCipher
instanceKlass com/sun/crypto/provider/SymmetricCipher
instanceKlass com/sun/crypto/provider/DESConstants
instanceKlass com/sun/crypto/provider/CipherCore
instanceKlass javax/crypto/CipherSpi
instanceKlass javax/crypto/spec/IvParameterSpec
instanceKlass com/sun/crypto/provider/DESKey$$Lambda$22
instanceKlass javax/crypto/KeyGeneratorSpi
instanceKlass com/sun/crypto/provider/DESKey
instanceKlass javax/crypto/SecretKey
instanceKlass javax/security/auth/Destroyable
instanceKlass javax/crypto/spec/DESKeySpec
instanceKlass javax/crypto/SecretKeyFactorySpi
instanceKlass javax/crypto/SecretKeyFactory
instanceKlass javax/crypto/ProviderVerifier
instanceKlass javax/crypto/JceSecurity$2
instanceKlass jdk/internal/loader/URLClassPath$1
instanceKlass java/lang/CompoundEnumeration
instanceKlass jdk/internal/loader/BuiltinClassLoader$1
instanceKlass java/util/Collections$EmptyEnumeration
instanceKlass jdk/internal/loader/BuiltinClassLoader$2
instanceKlass jdk/internal/module/Resources
instanceKlass java/net/spi/URLStreamHandlerProvider
instanceKlass java/net/URL$1
instanceKlass java/net/URL$2
instanceKlass java/util/Vector$1
instanceKlass javax/crypto/CryptoPolicyParser$CryptoPermissionEntry
instanceKlass javax/crypto/CryptoPolicyParser$GrantEntry
instanceKlass sun/nio/ch/IOStatus
instanceKlass java/nio/DirectByteBuffer$Deallocator
instanceKlass sun/nio/ch/Util$BufferCache
instanceKlass sun/nio/ch/Util
instanceKlass sun/nio/ch/NativeThread
instanceKlass java/io/StreamTokenizer
instanceKlass java/io/Reader
instanceKlass javax/crypto/CryptoPolicyParser
instanceKlass java/nio/channels/Channels
instanceKlass sun/nio/ch/FileChannelImpl$Closer
instanceKlass sun/nio/ch/NativeDispatcher
instanceKlass sun/nio/ch/NativeThreadSet
instanceKlass sun/nio/ch/IOUtil$1
instanceKlass sun/nio/ch/IOUtil
instanceKlass java/nio/channels/ScatteringByteChannel
instanceKlass java/nio/channels/GatheringByteChannel
instanceKlass java/nio/channels/SeekableByteChannel
instanceKlass java/nio/channels/ByteChannel
instanceKlass java/nio/channels/WritableByteChannel
instanceKlass java/nio/channels/ReadableByteChannel
instanceKlass java/nio/channels/spi/AbstractInterruptibleChannel
instanceKlass java/nio/channels/InterruptibleChannel
instanceKlass java/nio/channels/Channel
instanceKlass sun/nio/fs/WindowsSecurityDescriptor
instanceKlass java/nio/file/attribute/FileAttribute
instanceKlass sun/nio/fs/BasicFileAttributesHolder
instanceKlass sun/nio/fs/WindowsDirectoryStream$WindowsDirectoryIterator
instanceKlass java/nio/file/Files$1
instanceKlass java/nio/file/DirectoryStream$Filter
instanceKlass sun/nio/fs/WindowsFileSystem$2
instanceKlass java/nio/file/PathMatcher
instanceKlass java/util/regex/Pattern$CharPredicate$$Lambda$21
instanceKlass java/lang/invoke/LambdaForm$DMH
instanceKlass java/util/regex/ASCII
instanceKlass java/util/regex/Pattern$$Lambda$20
instanceKlass java/util/regex/Pattern$BitClass$$Lambda$19
instanceKlass sun/nio/fs/Globs
instanceKlass sun/nio/fs/WindowsDirectoryStream
instanceKlass java/nio/file/DirectoryStream
instanceKlass sun/nio/fs/WindowsChannelFactory$Flags
instanceKlass sun/nio/fs/WindowsChannelFactory$1
instanceKlass sun/nio/fs/WindowsChannelFactory
instanceKlass sun/nio/fs/WindowsFileSystemProvider$1
instanceKlass javax/crypto/JceSecurity$1
instanceKlass sun/security/jca/GetInstance$Instance
instanceKlass sun/security/provider/AbstractDrbg$$Lambda$18
instanceKlass sun/security/provider/EntropySource
instanceKlass java/lang/invoke/LambdaForm$DMH
instanceKlass java/lang/invoke/LambdaForm$DMH
instanceKlass sun/reflect/misc/ReflectUtil
instanceKlass sun/security/provider/AbstractDrbg
instanceKlass java/security/DrbgParameters$Instantiation
instanceKlass java/security/DrbgParameters
instanceKlass sun/security/provider/MoreDrbgParameters
instanceKlass sun/security/provider/DRBG$$Lambda$17
instanceKlass java/security/SecureRandomParameters
instanceKlass java/security/SecureRandomSpi
instanceKlass java/util/AbstractList$Itr
instanceKlass java/util/Random
instanceKlass javax/crypto/JceSecurity
instanceKlass com/sun/crypto/provider/SunJCE$1
instanceKlass sun/security/ssl/SunJSSE$1
instanceKlass java/security/spec/ECFieldF2m
instanceKlass java/util/regex/IntHashSet
instanceKlass java/util/regex/Matcher
instanceKlass java/util/regex/MatchResult
instanceKlass sun/security/util/ObjectIdentifier
instanceKlass sun/security/util/ByteArrayTagOrder
instanceKlass sun/security/util/ByteArrayLexOrder
instanceKlass sun/security/util/DerEncoder
instanceKlass java/security/spec/ECParameterSpec
instanceKlass java/security/spec/ECPoint
instanceKlass java/security/spec/EllipticCurve
instanceKlass java/security/spec/ECFieldFp
instanceKlass java/security/spec/ECField
instanceKlass sun/security/util/CurveDB
instanceKlass java/util/regex/Pattern$TreeInfo
instanceKlass java/util/regex/Pattern$$Lambda$16
instanceKlass java/util/regex/Pattern$BmpCharPredicate
instanceKlass java/util/regex/Pattern$CharPredicate
instanceKlass java/util/regex/Pattern$Node
instanceKlass java/util/regex/Pattern
instanceKlass sun/security/ec/SunEC$2
instanceKlass sun/security/ec/SunEC$1
instanceKlass com/sun/security/sasl/gsskerb/JdkSASL$1
instanceKlass org/jcp/xml/dsig/internal/dom/XMLDSigRI$2
instanceKlass org/jcp/xml/dsig/internal/dom/XMLDSigRI$1
instanceKlass sun/security/pkcs11/SunPKCS11$Descriptor
instanceKlass javax/security/auth/callback/CallbackHandler
instanceKlass javax/security/auth/Subject
instanceKlass sun/security/jgss/SunProvider$1
instanceKlass java/util/Collections$EmptyIterator
instanceKlass sun/security/smartcardio/SunPCSC$1
instanceKlass java/util/ServiceLoader$ProviderImpl
instanceKlass java/util/ServiceLoader$Provider
instanceKlass java/util/ServiceLoader$1
instanceKlass jdk/internal/jimage/decompressor/ZipDecompressor
instanceKlass jdk/internal/jimage/decompressor/ResourceDecompressor
instanceKlass jdk/internal/jimage/decompressor/ResourceDecompressorFactory
instanceKlass jdk/internal/jimage/decompressor/ResourceDecompressorRepository
instanceKlass jdk/internal/jimage/decompressor/CompressedResourceHeader
instanceKlass jdk/internal/jimage/BasicImageReader$$Lambda$15
instanceKlass jdk/internal/jimage/decompressor/ResourceDecompressor$StringsProvider
instanceKlass java/util/TimSort
instanceKlass java/util/Arrays$LegacyMergeSort
instanceKlass jdk/internal/jimage/ImageBufferCache$2
instanceKlass jdk/internal/jimage/ImageBufferCache
instanceKlass jdk/internal/jimage/ImageLocation
instanceKlass jdk/internal/jimage/decompressor/Decompressor
instanceKlass jdk/internal/jimage/ImageStringsReader
instanceKlass jdk/internal/jimage/ImageStrings
instanceKlass jdk/internal/jimage/ImageHeader
instanceKlass jdk/internal/jimage/NativeImageBuffer$1
instanceKlass jdk/internal/jimage/NativeImageBuffer
instanceKlass jdk/internal/jimage/BasicImageReader$1
instanceKlass jdk/internal/jimage/BasicImageReader
instanceKlass jdk/internal/jimage/ImageReader
instanceKlass jdk/internal/jimage/ImageReaderFactory$1
instanceKlass java/nio/file/Paths
instanceKlass jdk/internal/jimage/ImageReaderFactory
instanceKlass jdk/internal/module/SystemModuleFinders$SystemImage
instanceKlass jdk/internal/module/ModulePatcher$PatchedModuleReader
instanceKlass jdk/internal/module/SystemModuleFinders$SystemModuleReader
instanceKlass java/lang/module/ModuleReader
instanceKlass jdk/internal/loader/BuiltinClassLoader$5
instanceKlass java/util/ServiceLoader$3
instanceKlass java/util/ServiceLoader$2
instanceKlass java/util/ServiceLoader$LazyClassPathLookupIterator
instanceKlass java/util/concurrent/CopyOnWriteArrayList$COWIterator
instanceKlass java/lang/ModuleLayer$$Lambda$14
instanceKlass java/util/Spliterators$1Adapter
instanceKlass java/util/Spliterators$ArraySpliterator
instanceKlass jdk/internal/loader/AbstractClassLoaderValue$Memoizer
instanceKlass java/util/ServiceLoader$ModuleServicesLookupIterator
instanceKlass java/util/ServiceLoader
instanceKlass sun/security/jca/ProviderConfig$ProviderLoader
instanceKlass sun/security/jca/ProviderConfig$3
instanceKlass sun/security/rsa/SunRsaSignEntries
instanceKlass java/security/Provider$UString
instanceKlass java/security/Provider$Service
instanceKlass java/util/LinkedHashMap$LinkedHashIterator
instanceKlass sun/security/provider/NativePRNG$NonBlocking
instanceKlass sun/security/provider/NativePRNG$Blocking
instanceKlass sun/security/provider/NativePRNG
instanceKlass sun/security/provider/SunEntries$1
instanceKlass sun/security/provider/SunEntries
instanceKlass sun/security/action/GetBooleanAction
instanceKlass sun/security/util/SecurityConstants
instanceKlass sun/security/jca/ProviderList$ServiceList$1
instanceKlass java/io/FileInputStream$1
instanceKlass java/util/Properties$LineReader
instanceKlass java/security/Security$1
instanceKlass java/security/Security
instanceKlass sun/security/jca/ProviderList$2
instanceKlass jdk/internal/math/FloatingDecimal$ASCIIToBinaryBuffer
instanceKlass jdk/internal/math/FloatingDecimal$PreparedASCIIToBinaryBuffer
instanceKlass jdk/internal/math/FloatingDecimal$ASCIIToBinaryConverter
instanceKlass jdk/internal/math/FloatingDecimal$BinaryToASCIIBuffer
instanceKlass jdk/internal/math/FloatingDecimal$ExceptionalBinaryToASCIIBuffer
instanceKlass jdk/internal/math/FloatingDecimal$BinaryToASCIIConverter
instanceKlass jdk/internal/math/FloatingDecimal
instanceKlass java/security/Provider$EngineDescription
instanceKlass java/security/Provider$ServiceKey
instanceKlass sun/security/jca/ProviderConfig
instanceKlass sun/security/jca/ProviderList
instanceKlass sun/security/jca/Providers
instanceKlass sun/security/jca/GetInstance
instanceKlass sun/security/jca/ServiceId
instanceKlass javax/crypto/Cipher$Transform
instanceKlass javax/crypto/Cipher
instanceKlass java/security/Key
instanceKlass java/security/spec/AlgorithmParameterSpec
instanceKlass java/security/spec/KeySpec
instanceKlass fuck_the_regulations/bU
instanceKlass fuck_the_regulations/fg
instanceKlass fuck_the_regulations/fj
instanceKlass fuck_the_regulations/fe
instanceKlass sun/instrument/InstrumentationImpl$1
instanceKlass fuck_the_regulations/dw
instanceKlass java/security/SecureClassLoader$DebugHolder
instanceKlass java/io/FilePermissionCollection$1
instanceKlass java/security/Permissions$1
instanceKlass sun/security/util/FilePermCompat
instanceKlass java/io/FilePermission$1
instanceKlass jdk/internal/misc/JavaIOFilePermissionAccess
instanceKlass sun/net/www/MessageHeader
instanceKlass java/net/URLConnection
instanceKlass java/security/PermissionCollection
instanceKlass java/security/SecureClassLoader$1
instanceKlass java/security/SecureClassLoader$CodeSourceKey
instanceKlass sun/nio/ByteBuffered
instanceKlass java/lang/Package$VersionInfo
instanceKlass java/lang/NamedPackage
instanceKlass sun/security/util/SignatureFileVerifier
instanceKlass sun/security/util/ManifestEntryVerifier
instanceKlass jdk/internal/loader/Resource
instanceKlass java/util/StringTokenizer
instanceKlass java/util/jar/Attributes$Name
instanceKlass java/lang/StringCoding$Result
instanceKlass java/util/jar/Attributes
instanceKlass java/security/CodeSigner
instanceKlass sun/security/util/Debug
instanceKlass java/util/jar/JarVerifier
instanceKlass java/util/zip/ZipFile$InflaterCleanupAction
instanceKlass java/util/zip/Inflater$InflaterZStreamRef
instanceKlass java/util/zip/Inflater
instanceKlass java/util/zip/ZipEntry
instanceKlass java/lang/StringCoding
instanceKlass java/util/jar/JarFile$1
instanceKlass jdk/internal/util/jar/JarIndex
instanceKlass java/nio/Bits$1
instanceKlass jdk/internal/misc/JavaNioAccess$BufferPool
instanceKlass java/nio/Bits
instanceKlass sun/nio/ch/DirectBuffer
instanceKlass jdk/internal/perf/PerfCounter$CoreCounters
instanceKlass jdk/internal/perf/Perf
instanceKlass jdk/internal/perf/Perf$GetPerfAction
instanceKlass jdk/internal/perf/PerfCounter
instanceKlass java/util/zip/ZipUtils
instanceKlass java/util/zip/ZipFile$Source$End
instanceKlass java/lang/invoke/VarForm
instanceKlass java/lang/invoke/VarHandleGuards
instanceKlass jdk/internal/util/Preconditions$1
instanceKlass java/lang/invoke/VarHandle$1
instanceKlass java/lang/invoke/VarHandles
instanceKlass java/util/concurrent/atomic/AtomicBoolean
instanceKlass java/io/RandomAccessFile$2
instanceKlass jdk/internal/misc/JavaIORandomAccessFileAccess
instanceKlass java/io/RandomAccessFile
instanceKlass java/io/DataInput
instanceKlass java/io/DataOutput
instanceKlass java/nio/file/attribute/FileTime
instanceKlass sun/nio/fs/WindowsNativeDispatcher$CompletionStatus
instanceKlass sun/nio/fs/WindowsNativeDispatcher$AclInformation
instanceKlass sun/nio/fs/WindowsNativeDispatcher$Account
instanceKlass sun/nio/fs/WindowsNativeDispatcher$DiskFreeSpace
instanceKlass sun/nio/fs/WindowsNativeDispatcher$VolumeInformation
instanceKlass sun/nio/fs/WindowsNativeDispatcher$FirstStream
instanceKlass sun/nio/fs/WindowsNativeDispatcher$FirstFile
instanceKlass sun/nio/fs/WindowsNativeDispatcher$1
instanceKlass sun/nio/fs/WindowsNativeDispatcher
instanceKlass sun/nio/fs/NativeBuffer$Deallocator
instanceKlass sun/nio/fs/NativeBuffer
instanceKlass sun/nio/fs/NativeBuffers
instanceKlass sun/nio/fs/WindowsFileAttributes
instanceKlass java/nio/file/attribute/DosFileAttributes
instanceKlass sun/nio/fs/AbstractBasicFileAttributeView
instanceKlass sun/nio/fs/DynamicFileAttributeView
instanceKlass sun/nio/fs/WindowsFileAttributeViews
instanceKlass sun/nio/fs/Util
instanceKlass java/nio/file/attribute/BasicFileAttributeView
instanceKlass java/nio/file/attribute/FileAttributeView
instanceKlass java/nio/file/attribute/AttributeView
instanceKlass java/nio/file/Files
instanceKlass java/nio/file/CopyOption
instanceKlass java/nio/file/attribute/BasicFileAttributes
instanceKlass sun/nio/fs/WindowsPath
instanceKlass java/net/URI$Parser
instanceKlass java/nio/file/FileSystems$DefaultFileSystemHolder$1
instanceKlass java/nio/file/FileSystems$DefaultFileSystemHolder
instanceKlass sun/nio/fs/WindowsPathParser$Result
instanceKlass sun/nio/fs/WindowsPathParser
instanceKlass java/util/Arrays$ArrayItr
instanceKlass java/nio/file/FileSystem
instanceKlass java/nio/file/OpenOption
instanceKlass java/nio/file/spi/FileSystemProvider
instanceKlass sun/nio/fs/DefaultFileSystemProvider
instanceKlass java/nio/file/FileSystems
instanceKlass java/util/zip/ZipFile$Source$Key
instanceKlass java/util/zip/ZipFile$Source
instanceKlass java/util/zip/ZipFile$CleanableResource
instanceKlass java/util/zip/ZipCoder
instanceKlass java/lang/Runtime$Version
instanceKlass java/util/jar/JavaUtilJarAccessImpl
instanceKlass jdk/internal/misc/JavaUtilJarAccess
instanceKlass java/nio/charset/CoderResult
instanceKlass java/nio/charset/CharsetDecoder
instanceKlass java/lang/ThreadLocal$ThreadLocalMap
instanceKlass sun/nio/cs/ThreadLocalCoders$Cache
instanceKlass sun/nio/cs/ThreadLocalCoders
instanceKlass java/lang/Readable
instanceKlass jdk/internal/loader/FileURLMapper
instanceKlass jdk/internal/loader/URLClassPath$JarLoader$1
instanceKlass java/util/zip/ZipFile$1
instanceKlass jdk/internal/misc/JavaUtilZipFileAccess
instanceKlass java/util/zip/ZipFile
instanceKlass java/util/zip/ZipConstants
instanceKlass jdk/internal/loader/URLClassPath$Loader
instanceKlass java/util/Enumeration
instanceKlass jdk/internal/loader/URLClassPath$3
instanceKlass java/security/PrivilegedExceptionAction
instanceKlass sun/util/locale/InternalLocaleBuilder$CaseInsensitiveChar
instanceKlass sun/util/locale/InternalLocaleBuilder
instanceKlass sun/util/locale/LocaleUtils
instanceKlass sun/util/locale/BaseLocale$Key
instanceKlass sun/util/locale/BaseLocale
instanceKlass sun/util/locale/LocaleObjectCache
instanceKlass java/util/Locale
instanceKlass sun/net/util/URLUtil
instanceKlass sun/instrument/TransformerManager$TransformerInfo
instanceKlass sun/instrument/TransformerManager
instanceKlass java/util/ArrayDeque$DeqIterator
instanceKlass java/lang/ClassLoader$NativeLibrary
instanceKlass java/lang/ClassLoader$2
instanceKlass sun/instrument/InstrumentationImpl
instanceKlass java/lang/instrument/Instrumentation
instanceKlass jdk/internal/module/ModuleBootstrap$SafeModuleFinder
instanceKlass jdk/internal/module/IllegalAccessLogger
instanceKlass jdk/internal/module/ModuleBootstrap$2
instanceKlass jdk/internal/module/IllegalAccessLogger$Builder
instanceKlass java/lang/ModuleLayer$Controller
instanceKlass jdk/internal/module/ServicesCatalog$ServiceProvider
instanceKlass java/util/concurrent/CopyOnWriteArrayList
instanceKlass jdk/internal/module/ModuleLoaderMap$Mapper
instanceKlass jdk/internal/module/ModuleLoaderMap
instanceKlass java/lang/module/ResolvedModule
instanceKlass java/util/Collections$UnmodifiableCollection$1
instanceKlass java/lang/ModuleLayer
instanceKlass java/lang/module/ModuleFinder$1
instanceKlass java/nio/file/Path
instanceKlass java/nio/file/Watchable
instanceKlass java/lang/module/Resolver
instanceKlass java/lang/module/Configuration
instanceKlass java/util/ImmutableCollections$Set12$1
instanceKlass java/util/stream/FindOps$FindSink$OfRef$$Lambda$13
instanceKlass java/util/stream/FindOps$FindSink$OfRef$$Lambda$12
instanceKlass java/util/stream/FindOps$FindSink$OfRef$$Lambda$11
instanceKlass java/util/stream/FindOps$FindSink$OfRef$$Lambda$10
instanceKlass java/util/stream/FindOps$FindOp
instanceKlass java/util/stream/FindOps$FindSink
instanceKlass java/util/stream/FindOps
instanceKlass jdk/internal/module/DefaultRoots$$Lambda$9
instanceKlass java/util/stream/Sink$ChainedReference
instanceKlass java/util/stream/ReduceOps$AccumulatingSink
instanceKlass java/util/stream/TerminalSink
instanceKlass java/util/stream/Sink
instanceKlass java/util/function/Consumer
instanceKlass java/util/stream/ReduceOps$Box
instanceKlass java/util/stream/ReduceOps$ReduceOp
instanceKlass java/util/stream/TerminalOp
instanceKlass java/util/stream/ReduceOps
instanceKlass java/util/stream/Collectors$$Lambda$8
instanceKlass java/util/stream/Collectors$$Lambda$7
instanceKlass java/util/function/BinaryOperator
instanceKlass java/util/function/BiFunction
instanceKlass java/util/stream/Collectors$$Lambda$6
instanceKlass java/util/function/BiConsumer
instanceKlass java/util/stream/Collectors$$Lambda$5
instanceKlass java/util/stream/Collectors$CollectorImpl
instanceKlass java/util/stream/Collector
instanceKlass java/util/Collections$UnmodifiableCollection
instanceKlass java/util/stream/Collectors
instanceKlass jdk/internal/module/DefaultRoots$$Lambda$4
instanceKlass jdk/internal/module/DefaultRoots$$Lambda$3
instanceKlass jdk/internal/org/objectweb/asm/FieldVisitor
instanceKlass jdk/internal/module/DefaultRoots$$Lambda$2
instanceKlass jdk/internal/misc/InnocuousThread$2
instanceKlass jdk/internal/misc/InnocuousThread$3
instanceKlass jdk/internal/ref/CleanerFactory$1$1
instanceKlass java/lang/ref/Cleaner$Cleanable
instanceKlass jdk/internal/ref/CleanerImpl
instanceKlass java/lang/ref/Cleaner$1
instanceKlass java/lang/ref/Cleaner
instanceKlass jdk/internal/ref/CleanerFactory$1
instanceKlass java/util/concurrent/ThreadFactory
instanceKlass jdk/internal/ref/CleanerFactory
instanceKlass java/lang/invoke/LambdaForm$MH
instanceKlass java/util/ArrayList$Itr
instanceKlass java/lang/invoke/InvokerBytecodeGenerator$CpPatch
instanceKlass java/lang/invoke/LambdaFormBuffer
instanceKlass java/lang/invoke/LambdaFormEditor
instanceKlass java/lang/invoke/DelegatingMethodHandle$Holder
instanceKlass sun/invoke/util/Wrapper$1
instanceKlass java/lang/invoke/DirectMethodHandle$1
instanceKlass sun/invoke/empty/Empty
instanceKlass sun/invoke/util/VerifyType
instanceKlass java/util/ImmutableCollections$ListItr
instanceKlass java/util/ListIterator
instanceKlass java/lang/invoke/ClassSpecializer$Factory
instanceKlass java/lang/invoke/ClassSpecializer$SpeciesData
instanceKlass java/lang/invoke/ClassSpecializer$1
instanceKlass java/util/function/Function
instanceKlass java/lang/invoke/ClassSpecializer
instanceKlass java/lang/invoke/InnerClassLambdaMetafactory$1
instanceKlass jdk/internal/module/DefaultRoots$$Lambda$1
instanceKlass jdk/internal/org/objectweb/asm/AnnotationVisitor
instanceKlass jdk/internal/org/objectweb/asm/Frame
instanceKlass jdk/internal/org/objectweb/asm/Label
instanceKlass jdk/internal/org/objectweb/asm/MethodVisitor
instanceKlass jdk/internal/org/objectweb/asm/Item
instanceKlass jdk/internal/org/objectweb/asm/ByteVector
instanceKlass jdk/internal/org/objectweb/asm/ClassVisitor
instanceKlass sun/invoke/util/BytecodeDescriptor
instanceKlass java/lang/invoke/InfoFromMemberName
instanceKlass java/lang/invoke/MethodHandleInfo
instanceKlass jdk/internal/org/objectweb/asm/Type
instanceKlass java/lang/invoke/AbstractValidatingLambdaMetafactory
instanceKlass java/lang/invoke/MethodHandleImpl$1
instanceKlass jdk/internal/misc/JavaLangInvokeAccess
instanceKlass java/lang/invoke/Invokers$Holder
instanceKlass java/lang/invoke/BootstrapMethodInvoker
instanceKlass java/util/function/Predicate
instanceKlass java/lang/WeakPairMap$Pair$Lookup
instanceKlass java/lang/WeakPairMap$Pair
instanceKlass java/lang/WeakPairMap
instanceKlass java/lang/Module$ReflectionData
instanceKlass java/lang/invoke/InvokerBytecodeGenerator$2
instanceKlass java/lang/invoke/InvokerBytecodeGenerator
instanceKlass java/lang/invoke/LambdaForm$Holder
instanceKlass java/lang/invoke/LambdaForm$Name
instanceKlass java/lang/invoke/Invokers
instanceKlass java/lang/invoke/MethodHandleImpl
instanceKlass sun/invoke/util/ValueConversions
instanceKlass java/lang/invoke/DirectMethodHandle$Holder
instanceKlass java/lang/invoke/LambdaForm$NamedFunction
instanceKlass sun/invoke/util/Wrapper$Format
instanceKlass sun/invoke/util/VerifyAccess
instanceKlass java/security/Permission
instanceKlass java/security/Guard
instanceKlass java/lang/invoke/MemberName$Factory
instanceKlass java/lang/invoke/MethodHandles
instanceKlass java/lang/invoke/MethodTypeForm
instanceKlass java/lang/Void
instanceKlass java/lang/invoke/MethodType$ConcurrentWeakInternSet
instanceKlass java/lang/invoke/MethodHandles$Lookup
instanceKlass java/lang/invoke/LambdaMetafactory
instanceKlass sun/reflect/annotation/AnnotationParser
instanceKlass java/lang/Class$3
instanceKlass java/lang/PublicMethods$Key
instanceKlass java/lang/PublicMethods$MethodList
instanceKlass java/util/EnumMap$1
instanceKlass java/util/stream/StreamOpFlag$MaskBuilder
instanceKlass java/util/stream/Stream
instanceKlass java/util/stream/BaseStream
instanceKlass java/util/stream/PipelineHelper
instanceKlass java/util/stream/StreamSupport
instanceKlass java/util/Spliterators$IteratorSpliterator
instanceKlass java/util/Spliterator$OfDouble
instanceKlass java/util/Spliterator$OfLong
instanceKlass java/util/Spliterator$OfInt
instanceKlass java/util/Spliterator$OfPrimitive
instanceKlass java/util/Spliterator
instanceKlass java/util/Spliterators$EmptySpliterator
instanceKlass java/util/Spliterators
instanceKlass jdk/internal/module/DefaultRoots
instanceKlass java/util/HashMap$HashIterator
instanceKlass java/util/ImmutableCollections$SetN$SetNIterator
instanceKlass jdk/internal/loader/BuiltinClassLoader$LoadedModule
instanceKlass jdk/internal/util/Preconditions
instanceKlass java/util/Deque
instanceKlass java/util/Queue
instanceKlass java/net/URLStreamHandler
instanceKlass sun/net/www/ParseUtil
instanceKlass java/io/ExpiringCache$Entry
instanceKlass java/net/URL$3
instanceKlass jdk/internal/misc/JavaNetURLAccess
instanceKlass java/net/URL$DefaultFactory
instanceKlass java/net/URLStreamHandlerFactory
instanceKlass jdk/internal/loader/URLClassPath
instanceKlass java/security/Principal
instanceKlass java/security/ProtectionDomain$Key
instanceKlass java/security/ProtectionDomain$JavaSecurityAccessImpl
instanceKlass jdk/internal/misc/JavaSecurityAccess
instanceKlass java/lang/ClassLoader$ParallelLoaders
instanceKlass jdk/internal/loader/AbstractClassLoaderValue
instanceKlass jdk/internal/module/ServicesCatalog
instanceKlass jdk/internal/loader/BootLoader
instanceKlass java/util/Optional
instanceKlass jdk/internal/module/ModuleBootstrap$Counters
instanceKlass jdk/internal/module/SystemModuleFinders$SystemModuleFinder
instanceKlass java/lang/module/ModuleFinder
instanceKlass jdk/internal/module/SystemModuleFinders$3
instanceKlass jdk/internal/module/ModuleHashes$HashSupplier
instanceKlass java/util/KeyValueHolder
instanceKlass jdk/internal/module/SystemModuleFinders$2
instanceKlass java/util/function/Supplier
instanceKlass java/lang/module/ModuleReference
instanceKlass jdk/internal/module/ModuleResolution
instanceKlass java/util/Collections$UnmodifiableMap
instanceKlass jdk/internal/module/ModuleHashes$Builder
instanceKlass jdk/internal/module/ModuleHashes
instanceKlass jdk/internal/module/ModuleTarget
instanceKlass java/lang/Enum
instanceKlass java/lang/module/ModuleDescriptor$Version
instanceKlass java/lang/module/ModuleDescriptor$Provides
instanceKlass java/lang/module/ModuleDescriptor$Opens
instanceKlass java/lang/module/ModuleDescriptor$Exports
instanceKlass java/util/ImmutableCollections
instanceKlass java/lang/module/ModuleDescriptor$Requires
instanceKlass jdk/internal/module/Builder
instanceKlass jdk/internal/module/SystemModules$all
instanceKlass jdk/internal/module/SystemModules
instanceKlass jdk/internal/module/SystemModulesMap
instanceKlass java/net/URI$1
instanceKlass jdk/internal/misc/JavaNetUriAccess
instanceKlass java/net/URI
instanceKlass jdk/internal/module/SystemModuleFinders
instanceKlass jdk/internal/module/ModulePatcher
instanceKlass java/io/ExpiringCache
instanceKlass java/io/FileSystem
instanceKlass java/io/DefaultFileSystem
instanceKlass java/io/File
instanceKlass java/lang/module/ModuleDescriptor$1
instanceKlass jdk/internal/misc/JavaLangModuleAccess
instanceKlass java/lang/module/ModuleDescriptor
instanceKlass jdk/internal/module/ModuleBootstrap
instanceKlass java/lang/CharacterData
instanceKlass java/lang/invoke/MethodHandleStatics
instanceKlass java/lang/System$2
instanceKlass jdk/internal/misc/JavaLangAccess
instanceKlass sun/io/Win32ErrorMode
instanceKlass jdk/internal/misc/OSEnvironment
instanceKlass java/lang/Integer$IntegerCache
instanceKlass jdk/internal/misc/Signal$NativeHandler
instanceKlass java/util/Hashtable$Entry
instanceKlass jdk/internal/misc/Signal
instanceKlass java/lang/Terminator$1
instanceKlass jdk/internal/misc/Signal$Handler
instanceKlass java/lang/Terminator
instanceKlass java/nio/ByteOrder
instanceKlass java/nio/Buffer$1
instanceKlass jdk/internal/misc/JavaNioAccess
instanceKlass java/nio/charset/CodingErrorAction
instanceKlass sun/nio/cs/ArrayEncoder
instanceKlass java/nio/charset/CharsetEncoder
instanceKlass java/util/HashMap$Node
instanceKlass jdk/internal/reflect/Reflection
instanceKlass java/lang/Class$1
instanceKlass java/lang/reflect/ReflectAccess
instanceKlass jdk/internal/reflect/LangReflectAccess
instanceKlass java/lang/reflect/Modifier
instanceKlass java/lang/Class$Atomic
instanceKlass java/lang/Class$ReflectionData
instanceKlass sun/nio/cs/SingleByte
instanceKlass java/lang/StringUTF16
instanceKlass java/nio/charset/StandardCharsets
instanceKlass sun/nio/cs/HistoricallyNamedCharset
instanceKlass java/util/Arrays
instanceKlass sun/security/action/GetPropertyAction
instanceKlass java/lang/ThreadLocal
instanceKlass java/nio/charset/spi/CharsetProvider
instanceKlass java/nio/charset/Charset
instanceKlass java/io/Writer
instanceKlass java/io/OutputStream
instanceKlass java/io/Flushable
instanceKlass java/io/FileDescriptor$1
instanceKlass jdk/internal/misc/JavaIOFileDescriptorAccess
instanceKlass java/io/FileDescriptor
instanceKlass java/lang/VersionProps
instanceKlass jdk/internal/util/StaticProperty
instanceKlass java/lang/Math
instanceKlass java/util/concurrent/ConcurrentHashMap$MapEntry
instanceKlass java/util/Iterator
instanceKlass java/util/concurrent/ConcurrentHashMap$Traverser
instanceKlass java/lang/reflect/Array
instanceKlass java/util/Collections$SynchronizedCollection
instanceKlass java/util/RandomAccess
instanceKlass java/util/List
instanceKlass java/util/Collections
instanceKlass java/util/concurrent/ConcurrentHashMap$CollectionView
instanceKlass java/util/Properties$EntrySet
instanceKlass java/lang/StringLatin1
instanceKlass jdk/internal/misc/VM
instanceKlass jdk/internal/misc/SharedSecrets
instanceKlass java/lang/ref/Reference$1
instanceKlass jdk/internal/misc/JavaLangRefAccess
instanceKlass java/lang/ref/ReferenceQueue$Lock
instanceKlass java/lang/ref/ReferenceQueue
instanceKlass jdk/internal/reflect/ReflectionFactory
instanceKlass java/util/concurrent/locks/LockSupport
instanceKlass java/util/concurrent/ConcurrentHashMap$Node
instanceKlass java/util/Map$Entry
instanceKlass java/util/concurrent/ConcurrentHashMap$CounterCell
instanceKlass java/util/concurrent/locks/ReentrantLock
instanceKlass java/util/concurrent/locks/Lock
instanceKlass java/lang/Runtime
instanceKlass java/util/concurrent/ConcurrentMap
instanceKlass java/util/AbstractMap
instanceKlass java/security/cert/Certificate
instanceKlass jdk/internal/reflect/ReflectionFactory$GetReflectionFactoryAction
instanceKlass java/security/PrivilegedAction
instanceKlass java/util/Objects
instanceKlass java/util/AbstractCollection
instanceKlass java/util/Set
instanceKlass java/util/Collection
instanceKlass java/lang/Iterable
instanceKlass java/security/AccessController
instanceKlass java/lang/String$CaseInsensitiveComparator
instanceKlass java/util/Comparator
instanceKlass java/io/ObjectStreamField
instanceKlass java/lang/Number
instanceKlass java/lang/Character
instanceKlass java/lang/Boolean
instanceKlass java/util/concurrent/locks/AbstractOwnableSynchronizer
instanceKlass java/lang/LiveStackFrame
instanceKlass java/lang/StackFrameInfo
instanceKlass java/lang/StackWalker$StackFrame
instanceKlass java/lang/StackStreamFactory$AbstractStackWalker
instanceKlass java/lang/StackWalker
instanceKlass java/nio/Buffer
instanceKlass java/lang/StackTraceElement
instanceKlass java/security/CodeSource
instanceKlass jdk/internal/loader/ClassLoaders
instanceKlass java/util/jar/Manifest
instanceKlass java/net/URL
instanceKlass java/io/InputStream
instanceKlass java/io/Closeable
instanceKlass java/lang/AutoCloseable
instanceKlass jdk/internal/module/Modules
instanceKlass jdk/internal/misc/Unsafe
instanceKlass java/lang/AbstractStringBuilder
instanceKlass java/lang/Appendable
instanceKlass java/lang/AssertionStatusDirectives
instanceKlass java/lang/invoke/MethodHandleNatives$CallSiteContext
instanceKlass java/lang/invoke/CallSite
instanceKlass java/lang/invoke/MethodType
instanceKlass java/lang/invoke/LambdaForm
instanceKlass java/lang/invoke/MethodHandleNatives
instanceKlass java/lang/invoke/ResolvedMethodName
instanceKlass java/lang/invoke/MemberName
instanceKlass java/lang/invoke/VarHandle
instanceKlass java/lang/invoke/MethodHandle
instanceKlass jdk/internal/reflect/CallerSensitive
instanceKlass java/lang/annotation/Annotation
instanceKlass jdk/internal/reflect/FieldAccessor
instanceKlass jdk/internal/reflect/ConstantPool
instanceKlass jdk/internal/reflect/ConstructorAccessor
instanceKlass jdk/internal/reflect/MethodAccessor
instanceKlass jdk/internal/reflect/MagicAccessorImpl
instanceKlass java/lang/reflect/Parameter
instanceKlass java/lang/reflect/Member
instanceKlass java/lang/reflect/AccessibleObject
instanceKlass java/lang/Module
instanceKlass java/util/Map
instanceKlass java/util/Dictionary
instanceKlass java/lang/ThreadGroup
instanceKlass java/lang/Thread$UncaughtExceptionHandler
instanceKlass java/lang/Thread
instanceKlass java/lang/Runnable
instanceKlass java/lang/ref/Reference
instanceKlass java/security/AccessControlContext
instanceKlass java/security/ProtectionDomain
instanceKlass java/lang/SecurityManager
instanceKlass java/lang/Throwable
instanceKlass java/lang/System
instanceKlass java/lang/ClassLoader
instanceKlass java/lang/Cloneable
instanceKlass java/lang/Class
instanceKlass java/lang/reflect/Type
instanceKlass java/lang/reflect/GenericDeclaration
instanceKlass java/lang/reflect/AnnotatedElement
instanceKlass java/lang/String
instanceKlass java/lang/CharSequence
instanceKlass java/lang/Comparable
instanceKlass java/io/Serializable
ciInstanceKlass java/lang/Object 1 1 92 7 10 10 10 10 8 10 10 10 10 100 8 10 3 8 10 7 1 1 1 1 1 1 1 1 1 1 1 1 1 1 1 1 1 1 1 1 1 1 1 100 1 1 1 1 1 7 1 1 1 1 1 1 1 100 1 1 1 1 1 1 1 1 12 12 7 12 12 1 12 7 12 12 12 1 1 12 1 12 1 1 1 1 1 1 1 1 1 1 1 1
ciInstanceKlass java/lang/Cloneable 1 0 7 100 100 1 1 1 1
ciInstanceKlass java/io/Serializable 1 0 7 100 100 1 1 1 1
ciMethod java/lang/Object notify ()V 97 1 9 0 -1
instanceKlass java/lang/ref/PhantomReference
instanceKlass java/lang/ref/FinalReference
instanceKlass java/lang/ref/WeakReference
instanceKlass java/lang/ref/SoftReference
ciInstanceKlass java/lang/ref/Reference 1 1 159 10 9 10 9 9 7 10 10 9 9 10 10 10 9 9 100 10 10 10 7 10 10 10 7 8 10 7 10 10 10 7 10 10 7 1 1 1 1 1 1 1 1 1 1 1 1 1 1 1 1 1 1 1 1 1 1 1 1 1 1 1 1 1 1 1 1 1 1 100 1 1 100 1 1 1 1 1 1 1 1 1 1 1 1 1 1 7 1 1 1 1 1 1 1 1 1 7 1 1 1 1 12 12 12 12 12 1 12 12 12 12 12 12 12 12 12 1 12 12 1 12 12 12 1 1 12 1 12 12 12 1 7 12 1 1 1 1 1 1 1 1 1 1 1 1 1 1 1 1 1 1 1 1 1 1 1 1 1
staticfield java/lang/ref/Reference processPendingLock Ljava/lang/Object; java/lang/Object
instanceKlass sun/font/FontDesignMetrics$KeyReference
instanceKlass com/intellij/util/containers/ConcurrentIntKeySoftValueHashMap$MyRef
instanceKlass com/sun/beans/util/Cache$Kind$Soft
instanceKlass sun/font/StrikeCache$SoftDisposerRef
instanceKlass com/intellij/util/containers/ConcurrentSoftValueHashMap$MySoftReference
instanceKlass sun/security/util/MemoryCache$SoftCacheEntry
instanceKlass org/apache/batik/util/CleanerThread$SoftReferenceCleared
instanceKlass sun/util/locale/provider/LocaleResources$ResourceReference
instanceKlass sun/util/resources/Bundles$BundleReference
instanceKlass com/intellij/reference/SoftReference
instanceKlass java/util/ResourceBundle$BundleReference
instanceKlass com/intellij/reference/SoftReference
instanceKlass sun/util/locale/LocaleObjectCache$CacheEntry
instanceKlass jdk/internal/ref/SoftCleanable
instanceKlass java/lang/invoke/LambdaFormEditor$Transform
ciInstanceKlass java/lang/ref/SoftReference 1 1 47 10 9 9 10 10 7 7 1 1 1 1 1 1 1 1 1 1 1 1 1 1 1 1 1 1 1 1 1 1 1 1 1 1 100 1 1 1 1 12 12 12 12 12 1 1 1
instanceKlass javax/swing/text/DefaultStyledDocument$AbstractChangeHandler$DocReference
instanceKlass com/intellij/openapi/actionSystem/impl/ActionToolbarImpl$ToolbarReference
instanceKlass com/intellij/util/containers/WeakKeyIntValueHashMap$MyReference
instanceKlass javax/swing/text/GapContent$MarkData
instanceKlass com/intellij/util/containers/WeakValueHashMap$MyWeakReference
instanceKlass javax/swing/ActionPropertyChangeListener$OwnedWeakReference
instanceKlass javax/swing/plaf/metal/MetalLookAndFeel$AATextListener
instanceKlass java/beans/WeakIdentityMap$Entry
instanceKlass com/intellij/util/containers/WeakHashMap$WeakKey
instanceKlass com/intellij/util/lang/ClassLoadingLocks$WeakLockReference
instanceKlass com/intellij/util/containers/UnsafeWeakList$MyReference
instanceKlass com/intellij/util/containers/ConcurrentWeakHashMap$WeakKey
instanceKlass sun/java2d/ReentrantContextProvider$HardReference
instanceKlass com/sun/jna/CallbackReference
instanceKlass java/util/logging/LogManager$LoggerWeakRef
instanceKlass java/util/logging/Level$KnownLevel
instanceKlass sun/awt/WeakIdentityHashMap$WeakKey
instanceKlass com/intellij/util/containers/ConcurrentIntKeyWeakValueHashMap$MyRef
instanceKlass sun/awt/image/ImageWatched$AccWeakReference
instanceKlass sun/swing/plaf/DesktopProperty$WeakPCL
instanceKlass sun/nio/ch/FileLockTable$FileLockReference
instanceKlass java/util/ResourceBundle$KeyElementReference
instanceKlass java/util/concurrent/ForkJoinTask$ExceptionNode
instanceKlass com/intellij/util/lang/ClassLoadingLocks$WeakLockReference
instanceKlass java/lang/WeakPairMap$WeakRefPeer
instanceKlass java/lang/ClassValue$Entry
instanceKlass jdk/internal/jimage/ImageBufferCache$BufferReference
instanceKlass java/lang/ThreadLocal$ThreadLocalMap$Entry
instanceKlass jdk/internal/ref/WeakCleanable
instanceKlass java/lang/invoke/MethodType$ConcurrentWeakInternSet$WeakEntry
instanceKlass java/util/WeakHashMap$Entry
ciInstanceKlass java/lang/ref/WeakReference 1 1 31 10 10 100 7 1 1 1 1 1 1 1 1 1 1 1 1 1 1 1 1 1 1 1 1 1 1 12 12 1 1
ciInstanceKlass java/lang/StackStreamFactory$AbstractStackWalker 1 0 306 100 100 3 10 10 10 9 10 9 9 9 9 9 10 10 9 10 10 9 9 100 10 8 10 10 8 10 10 100 8 10 8 10 9 10 9 8 5 0 8 8 9 10 10 10 9 10 10 10 10 10 10 8 10 10 10 10 8 100 10 10 10 10 10 10 9 8 10 10 10 10 10 10 10 10 10 10 8 100 1 1 1 1 1 1 1 1 1 1 100 1 1 1 1 1 1 1 1 1 1 1 1 1 1 1 1 1 1 1 1 1 1 1 1 1 1 1 1 1 1 1 1 1 100 1 1 1 1 1 1 100 1 1 1 1 1 1 1 100 1 1 1 1 1 1 1 1 1 1 1 1 1 1 1 1 1 1 1 1 1 1 1 1 1 12 12 100 12 12 12 12 12 12 12 100 12 100 12 12 12 12 12 12 100 12 1 1 12 12 1 12 100 12 1 1 12 1 12 100 12 12 12 1 1 1 12 12 12 12 12 12 12 12 12 12 12 1 12 12 12 12 1 1 12 12 12 12 12 100 12 12 1 12 12 12 12 12 12 12 12 12 12 1 1 1 1 1 1 1 1 1 1 1 1 1 1 1 1 1 1 1 1 1 1 1 1 1 1 1 1 1 1 1 1 1 1 1 1 1 1 1 1 1 1 1 1 1 1 1 1 1 1 1 1 1 1 1 1 1 1 1 1 1 1 1
instanceKlass com/intellij/util/io/zip/JBZipEntry$BoundedInputStream
instanceKlass org/apache/commons/compress/compressors/CompressorInputStream
instanceKlass com/intellij/openapi/vfs/impl/ZipHandlerBase$InputStreamWrapper
instanceKlass com/intellij/util/io/CompressedAppendableFile$SegmentedChunkInputStream
instanceKlass com/intellij/util/io/MappedFileInputStream
instanceKlass java/io/SequenceInputStream
instanceKlass sun/net/www/http/ChunkedInputStream
instanceKlass com/intellij/util/io/ReplicatorInputStream
instanceKlass sun/security/ssl/SSLSocketImpl$AppInputStream
instanceKlass java/io/ObjectInputStream
instanceKlass org/apache/xerces/impl/XMLEntityManager$RewindableInputStream
instanceKlass com/intellij/util/io/UnsyncByteArrayInputStream
instanceKlass sun/java2d/cmm/ProfileDeferralInfo
instanceKlass sun/nio/ch/ChannelInputStream
instanceKlass java/util/zip/ZipFile$ZipFileInputStream
instanceKlass java/io/FilterInputStream
instanceKlass java/io/FileInputStream
instanceKlass java/io/ByteArrayInputStream
ciInstanceKlass java/io/InputStream 1 1 170 100 10 100 10 10 10 10 100 3 10 100 8 10 7 10 3 100 8 10 7 10 11 10 11 11 11 7 10 5 0 10 8 10 8 10 10 7 100 1 1 1 1 3 1 3 1 1 1 1 1 1 1 1 1 1 1 1 1 1 1 1 1 1 1 1 1 1 1 1 1 1 1 1 1 1 1 1 1 1 1 1 1 1 7 7 1 1 1 1 1 1 1 1 1 1 1 1 1 1 1 1 1 1 1 1 1 1 1 1 12 1 12 7 12 12 1 12 1 1 12 1 7 12 1 1 1 12 100 12 12 12 12 7 12 12 1 12 100 12 1 1 1 1 1 1 1 1 1 1 1 1 1 1 1 1 1 1 1 1 1 1 1 1 1 1 1 1 1 1
ciMethod java/io/InputStream read ([BII)I 0 0 1 0 -1
ciMethod java/io/InputStream read ()I 0 0 1 0 -1
ciMethod java/io/InputStream close ()V 2105 1 397 0 -1
ciMethod java/io/InputStream available ()I 0 0 1 0 -1
instanceKlass com/google/common/io/CountingInputStream
instanceKlass com/intellij/util/io/LimitedInputStream
instanceKlass java/util/zip/GZIPInputStream$1
instanceKlass java/util/zip/CheckedInputStream
instanceKlass sun/net/www/protocol/http/HttpURLConnection$HttpInputStream
instanceKlass java/util/zip/DeflaterInputStream
instanceKlass java/io/PushbackInputStream
instanceKlass com/intellij/util/io/URLUtil$1
instanceKlass sun/net/www/protocol/jar/JarURLConnection$JarURLInputStream
instanceKlass sun/awt/image/PNGFilterInputStream
instanceKlass java/io/DataInputStream
instanceKlass com/intellij/util/io/URLUtil$1
instanceKlass java/util/jar/Manifest$FastInputStream
instanceKlass java/util/zip/InflaterInputStream
instanceKlass java/io/BufferedInputStream
ciInstanceKlass java/io/FilterInputStream 1 1 62 10 9 10 10 10 10 10 10 10 10 10 7 7 1 1 1 1 1 1 1 1 1 1 1 1 100 1 1 1 1 1 1 1 1 1 1 1 1 1 1 1 1 1 1 1 1 1 1 12 12 12 12 12 12 12 12 12 12 1 1 1
instanceKlass java/lang/invoke/DelegatingMethodHandle
instanceKlass java/lang/invoke/BoundMethodHandle
instanceKlass java/lang/invoke/DirectMethodHandle
ciInstanceKlass java/lang/invoke/MethodHandle 1 1 489 9 10 10 7 7 10 9 10 10 10 10 10 10 11 10 10 10 9 10 100 100 10 8 10 10 8 10 10 10 10 10 10 10 10 10 10 7 10 10 10 8 10 8 10 10 10 10 8 10 8 10 8 10 9 100 10 9 9 8 10 10 10 10 10 10 10 10 10 10 10 8 10 8 10 10 10 10 10 9 8 10 10 8 10 10 10 10 10 100 8 10 10 9 10 7 10 10 9 10 10 8 9 9 9 10 10 10 10 7 10 8 10 100 1 1 1 1 1 1 1 1 1 1 1 1 1 1 1 1 1 1 1 1 1 1 1 1 7 1 1 1 1 1 1 1 1 1 1 1 1 1 1 1 1 1 1 1 1 1 1 1 1 1 1 1 1 1 1 1 1 1 1 1 1 1 1 1 1 1 1 1 1 1 1 1 1 1 1 1 1 1 1 1 1 1 1 1 1 1 1 1 1 1 7 1 1 1 1 1 1 1 1 1 1 1 1 1 1 1 1 1 1 1 1 1 1 1 1 1 1 1 1 1 100 1 1 1 1 1 1 1 1 1 1 1 1 1 7 1 1 1 1 1 1 1 1 1 1 1 1 1 1 1 1 1 1 1 1 1 1 12 12 7 12 1 1 12 12 12 12 12 100 12 12 12 100 12 12 12 12 12 12 1 1 1 12 12 1 12 12 7 12 12 12 12 12 12 12 7 12 1 12 12 12 1 7 12 1 12 12 12 12 1 12 1 12 1 100 12 12 1 100 12 100 1 12 12 12 12 12 12 12 12 12 12 12 1 12 1 12 12 12 12 12 12 1 12 12 1 12 12 7 12 12 1 1 12 12 12 1 100 12 12 12 12 12 1 12 12 12 7 12 12 12 12 1 12 12 1 1 1 1 1 1 1 1 1 1 1 1 1 1 1 1 1 1 1 1 1 1 1 1 1 1 1 1 1 1 1 1 1 1 1 1 1 1 1 1 1 1 1 1 1 1 1 1 1 1 1 1 1 1 1 1 1 1 1 1 1 1 1 1 1 1 1 1 1 1 1 1 1 1 1 1 1 1 1 1 1 1 1 1 1 1 1 1 1 1 1 1 1 1 1 1 1 1 1 1
staticfield java/lang/invoke/MethodHandle FORM_OFFSET J 20
staticfield java/lang/invoke/MethodHandle $assertionsDisabled Z 1
instanceKlass java/lang/invoke/DirectMethodHandle$Special
instanceKlass java/lang/invoke/DirectMethodHandle$Interface
instanceKlass java/lang/invoke/DirectMethodHandle$Constructor
instanceKlass java/lang/invoke/DirectMethodHandle$Accessor
ciInstanceKlass java/lang/invoke/DirectMethodHandle 1 1 922 7 7 100 7 7 10 10 100 10 10 10 10 10 10 7 7 10 10 10 10 10 10 9 100 10 9 10 10 10 10 10 10 7 10 10 10 8 10 7 10 7 10 10 10 10 10 10 100 10 10 7 10 10 10 10 8 10 10 10 10 10 9 7 10 10 10 100 10 8 10 10 10 10 10 10 10 10 10 10 10 10 10 10 10 10 10 10 10 8 9 8 9 9 8 9 9 8 9 9 8 10 10 7 9 7 10 100 10 10 10 10 7 10 10 10 7 10 10 10 10 10 9 10 9 9 10 10 7 7 7 9 10 10 10 10 9 10 7 10 7 10 10 8 9 9 10 9 10 9 9 10 10 10 10 10 10 10 9 10 10 10 10 10 9 10 9 9 9 9 9 9 9 9 9 9 9 9 9 9 9 9 9 9 9 9 9 9 9 9 9 9 9 9 9 9 9 9 9 9 9 9 9 8 9 9 10 100 10 9 10 7 9 10 10 10 10 10 8 8 8 8 10 9 10 7 10 8 9 10 8 8 8 9 8 8 8 8 8 8 7 8 10 10 8 8 10 10 10 10 7 7 1 1 1 1 1 1 1 7 1 1 1 1 7 1 1 1 1 1 3 1 3 1 3 1 3 1 3 1 3 1 3 1 1 3 1 1 3 1 3 1 1 1 1 1 1 1 1 1 1 1 1 1 1 3 1 3 1 1 1 1 3 1 1 1 1 1 1 1 1 1 1 1 1 1 1 1 1 1 1 1 1 7 1 1 1 1 1 1 1 1 1 1 1 1 1 1 1 1 1 1 1 1 1 1 1 1 1 1 1 1 1 1 1 1 1 1 1 1 1 1 1 1 1 1 1 7 1 1 1 1 1 1 1 1 1 1 1 1 1 1 1 1 1 1 1 1 1 1 1 100 1 1 1 1 1 1 1 1 1 1 1 1 1 1 1 1 1 1 1 1 1 1 1 1 1 1 1 1 1 100 1 1 1 1 1 1 1 1 1 1 1 1 1 1 1 1 1 1 1 1 1 1 1 1 1 1 1 1 1 1 1 1 1 1 1 1 1 1 1 1 1 1 1 1 1 1 1 1 1 1 1 1 1 1 1 1 1 1 1 1 1 1 1 7 1 1 1 1 12 12 1 12 12 12 12 12 12 1 1 12 12 12 12 12 12 12 1 12 12 12 12 12 12 12 1 12 12 12 1 12 1 12 1 12 12 12 12 12 1 12 12 1 12 12 12 12 12 12 12 12 12 7 12 1 12 7 12 12 1 1 12 12 12 12 12 12 12 12 12 12 12 12 7 12 12 12 12 12 1 12 1 12 12 1 12 12 1 12 12 1 12 12 1 12 1 12 1 12 12 12 12 1 12 12 12 12 7 12 12 12 12 12 12 12 7 12 12 1 1 1 12 12 12 12 12 12 12 1 12 1 12 12 1 12 12 12 12 100 12 12 12 12 12 12 12 12 12 7 12 12 12 12 12 12 12 12 12 12 12 12 12 12 12 12 12 12 12 12 12 12 12 12 12 12 12 12 12 12 12 12 12 12 12 12 12 12 12 12 12 12 12 12 12 12 1 12 12 12 1 12 7 12 1 12 12 12 12 12 1 1 1 1 12 12 12 1 100 12 12 12 12 1 1 12 12 1 12 12 12 12 1 1 1 1 1 1 1 1 1 1 1 1 1 1 1 1 1 1 1 1 1 1 1 1 1 1 1 1 1 1 1 1 1 1 1 1 1 1 1 1 1 1 1 1 1 1 1 1 1 1 1 1 1 1 1 1 1 1 1 1 1 1 1 1 1 1 1 1 1 1 1 1 1 1 1 1 1 1 1 1 1 1 1 1 1 1 1 1 1 1 1 1 1 1 1 1 1 1 1 1 1 1 1 1 1 1 1 1 1 1 1 1 1 1 1 1 1 1 1 1 1 1 1 1 1 1 1 1 1 1 1 1 1 1 1 1 1 1 1 1 1 1 1 1 1 1 1 1 1 1 1 1 1 1 1 1 1 1 1 1 1 1 1 1 1 1 1 1 1 1 1 1 1 1 1 1 1 1 1 1 1 1 1 1 1 1 1 1 1 1
staticfield java/lang/invoke/DirectMethodHandle IMPL_NAMES Ljava/lang/invoke/MemberName$Factory; java/lang/invoke/MemberName$Factory
staticfield java/lang/invoke/DirectMethodHandle FT_UNCHECKED_REF I 8
staticfield java/lang/invoke/DirectMethodHandle ACCESSOR_FORMS [Ljava/lang/invoke/LambdaForm; 132 [Ljava/lang/invoke/LambdaForm;
staticfield java/lang/invoke/DirectMethodHandle ALL_WRAPPERS [Lsun/invoke/util/Wrapper; 10 [Lsun/invoke/util/Wrapper;
staticfield java/lang/invoke/DirectMethodHandle NFS [Ljava/lang/invoke/LambdaForm$NamedFunction; 12 [Ljava/lang/invoke/LambdaForm$NamedFunction;
staticfield java/lang/invoke/DirectMethodHandle OBJ_OBJ_TYPE Ljava/lang/invoke/MethodType; java/lang/invoke/MethodType
staticfield java/lang/invoke/DirectMethodHandle LONG_OBJ_TYPE Ljava/lang/invoke/MethodType; java/lang/invoke/MethodType
staticfield java/lang/invoke/DirectMethodHandle $assertionsDisabled Z 1
instanceKlass com/sun/jna/IntegerType
instanceKlass java/math/BigDecimal
instanceKlass com/google/gson/internal/LazilyParsedNumber
instanceKlass java/util/concurrent/atomic/Striped64
instanceKlass java/math/BigInteger
instanceKlass java/util/concurrent/atomic/AtomicLong
instanceKlass java/util/concurrent/atomic/AtomicInteger
instanceKlass java/lang/Long
instanceKlass java/lang/Integer
instanceKlass java/lang/Short
instanceKlass java/lang/Byte
instanceKlass java/lang/Double
instanceKlass java/lang/Float
ciInstanceKlass java/lang/Number 1 1 37 10 10 100 7 100 1 1 1 5 0 1 1 1 1 1 1 1 1 1 1 1 1 1 1 1 1 1 1 1 1 1 12 12 1 1 1
instanceKlass kotlinx/coroutines/scheduling/CoroutineScheduler$Worker
instanceKlass com/intellij/openapi/util/io/FileUtilRt$FilesToDeleteHolder$1
instanceKlass com/intellij/util/TimeoutUtil$1
instanceKlass com/intellij/util/lang/ClassPath$1
instanceKlass org/apache/batik/util/CleanerThread
instanceKlass org/apache/batik/util/HaltingThread
instanceKlass java/util/logging/LogManager$Cleaner
instanceKlass io/netty/util/concurrent/FastThreadLocalThread
instanceKlass sun/awt/image/ImageFetcher
instanceKlass java/awt/EventDispatchThread
instanceKlass java/util/concurrent/ForkJoinWorkerThread
instanceKlass com/intellij/util/lang/ClassPath$1
instanceKlass jdk/internal/misc/InnocuousThread
instanceKlass java/lang/ref/Finalizer$FinalizerThread
instanceKlass java/lang/ref/Reference$ReferenceHandler
ciInstanceKlass java/lang/Thread 1 1 592 9 9 10 9 9 100 8 10 3 8 3 10 10 9 9 9 9 7 100 8 10 9 10 10 10 10 10 10 9 10 10 9 10 10 9 10 9 10 9 9 10 10 9 10 9 100 10 100 10 8 10 10 10 10 10 10 9 100 10 10 10 10 100 11 9 10 10 10 9 10 9 10 100 10 10 10 11 10 10 10 7 10 10 10 10 10 10 10 10 10 10 100 8 10 10 10 8 10 8 10 8 8 10 10 100 8 10 9 9 10 10 10 9 10 100 10 11 9 9 10 100 10 11 100 10 10 11 10 100 10 10 10 8 9 10 11 10 11 10 7 7 1 1 100 1 100 1 100 1 1 1 1 1 1 1 1 1 1 1 1 1 1 1 1 1 1 1 1 100 1 1 1 1 1 1 1 1 1 1 1 1 1 1 1 3 1 3 1 3 1 1 1 1 1 1 1 1 1 1 1 1 1 1 1 1 1 1 1 1 1 1 1 1 1 1 1 100 1 1 1 1 1 1 1 100 1 1 1 1 1 1 1 1 1 1 1 1 1 7 100 100 100 1 1 1 1 1 1 1 1 1 1 1 1 1 1 1 1 1 1 1 1 1 1 1 1 1 1 1 1 1 1 1 1 1 1 1 1 1 1 1 1 1 1 1 1 1 1 1 1 1 1 1 1 1 1 1 1 1 1 1 1 1 1 1 1 1 1 1 1 1 1 100 100 1 1 1 1 1 1 1 1 1 100 100 1 1 1 1 1 1 1 1 1 1 1 1 1 1 1 1 1 1 1 1 1 1 1 1 1 1 1 1 1 1 1 1 1 1 1 1 1 1 1 1 1 1 100 1 1 1 1 1 1 1 1 1 1 1 1 12 12 12 12 12 1 1 12 1 12 12 12 12 12 12 1 1 1 12 7 12 12 12 12 12 100 12 12 12 12 12 12 12 12 12 7 12 12 12 12 7 12 12 12 12 1 1 1 12 12 12 12 12 12 12 1 12 12 12 1 12 7 12 12 12 12 12 12 12 1 12 12 12 12 12 12 1 12 12 12 12 12 12 12 12 12 1 1 12 12 1 12 1 1 1 100 12 100 12 1 12 12 12 12 12 12 1 12 12 12 12 12 1 12 100 12 1 12 12 12 12 1 12 12 7 12 12 12 12 100 12 12 12 1 1 1 1 1 1 1 1 1 1 1 1 1 1 1 1 1 1 1 1 1 1 1 1 1 1 1 1 1 1 1 1 1 1 1 1 1 1 1 1 1 1 1 1 1 1 1 1 1 1 1 1 1 1 1 1 1 1 1 1 1 1 1 1 1 1 1 1 1 1 1 1 1 1 1 1 1 1
staticfield java/lang/Thread EMPTY_STACK_TRACE [Ljava/lang/StackTraceElement; 0 [Ljava/lang/StackTraceElement;
instanceKlass java/lang/invoke/VarHandleInts$Array
instanceKlass java/lang/invoke/VarHandleObjects$Array
instanceKlass java/lang/invoke/VarHandleLongs$FieldInstanceReadOnly
instanceKlass java/lang/invoke/VarHandleObjects$FieldInstanceReadOnly
instanceKlass java/lang/invoke/VarHandleInts$FieldInstanceReadOnly
ciInstanceKlass java/lang/invoke/VarHandle 1 1 298 10 9 100 10 9 10 10 10 9 10 10 9 9 10 10 10 10 10 10 10 9 100 10 9 10 10 7 7 10 10 10 9 10 9 10 10 10 100 10 9 9 10 10 10 10 10 10 10 7 10 10 9 8 10 7 10 7 100 1 1 100 1 100 1 100 1 1 1 1 1 1 1 1 1 1 1 1 1 1 1 1 1 1 1 1 1 1 1 1 1 1 100 1 1 1 1 1 1 1 1 1 1 1 1 1 1 1 1 1 1 1 1 1 1 1 1 1 1 1 1 1 1 1 1 1 1 1 1 1 1 1 1 1 1 1 1 1 1 1 1 1 1 1 100 1 1 1 1 1 1 1 1 1 100 1 1 1 1 1 1 1 100 1 1 1 100 1 1 1 1 1 1 1 1 1 1 1 1 12 12 1 12 12 12 12 12 12 12 12 12 12 12 12 12 12 100 12 12 1 12 12 12 1 1 12 100 12 12 12 12 12 12 12 12 1 7 12 12 7 12 12 12 12 12 12 12 1 7 12 12 12 1 12 1 1 1 1 1 1 1 1 1 1 1 1 1 1 1 1 1 1 1 1 1 1 1 1 1 1 1 1 1 1 1 1 1 1 1 1 1 1 1 1 1 1 1 1 1 1 1 1 1 1 1 1 1 1 1 1 1 1 1 1 1 1 1 1
staticfield java/lang/invoke/VarHandle AIOOBE_SUPPLIER Ljava/util/function/BiFunction; jdk/internal/util/Preconditions$1
staticfield java/lang/invoke/VarHandle VFORM_OFFSET J 12
staticfield java/lang/invoke/VarHandle $assertionsDisabled Z 1
instanceKlass java/nio/DoubleBuffer
instanceKlass java/nio/FloatBuffer
instanceKlass java/nio/ShortBuffer
instanceKlass java/nio/IntBuffer
instanceKlass java/nio/LongBuffer
instanceKlass java/nio/CharBuffer
instanceKlass java/nio/ByteBuffer
ciInstanceKlass java/nio/Buffer 1 1 194 100 10 9 9 10 9 10 10 100 100 10 8 10 10 8 8 10 10 8 9 100 8 10 8 8 9 10 8 8 8 10 8 8 8 100 10 100 10 100 10 100 10 7 10 10 9 7 10 10 7 1 1 1 1 1 1 3 1 1 1 1 1 1 1 1 1 1 1 1 1 1 1 1 1 1 1 1 1 1 1 1 1 1 1 1 1 100 1 1 1 1 1 1 1 1 1 1 1 1 1 1 1 1 1 1 1 1 1 1 1 1 1 1 1 1 1 1 1 1 1 1 1 1 1 1 1 1 1 1 1 1 12 12 12 12 12 12 12 1 1 1 12 12 1 1 12 12 1 12 1 1 12 1 1 12 12 1 1 1 12 1 1 1 1 1 1 1 1 7 12 7 12 12 1 7 12 1 1 1 1 1 1 1 1 1 1 1 1 1 1 1 1 1
staticfield java/nio/Buffer UNSAFE Ljdk/internal/misc/Unsafe; jdk/internal/misc/Unsafe
staticfield java/nio/Buffer $assertionsDisabled Z 1
instanceKlass org/apache/commons/vfs2/FileSystemException
instanceKlass com/intellij/openapi/util/io/FileUtilRt$NIOReflect$1$2
instanceKlass com/intellij/util/io/PersistentEnumeratorBase$CorruptedException
instanceKlass java/io/UTFDataFormatException
instanceKlass org/eclipse/jgit/errors/TransportException
instanceKlass javax/net/ssl/SSLException
instanceKlass com/intellij/util/io/HttpRequests$HttpStatusException
instanceKlass org/apache/batik/dom/util/SAXIOException
instanceKlass sun/security/pkcs/ParsingException
instanceKlass java/util/zip/ZipException
instanceKlass org/apache/xerces/util/URI$MalformedURIException
instanceKlass com/google/gson/stream/MalformedJsonException
instanceKlass java/nio/file/FileSystemException
instanceKlass java/nio/charset/CharacterCodingException
instanceKlass io/netty/channel/socket/ChannelOutputShutdownException
instanceKlass java/nio/channels/ClosedChannelException
instanceKlass java/io/CharConversionException
instanceKlass java/io/ObjectStreamException
instanceKlass java/io/EOFException
instanceKlass java/net/SocketException
instanceKlass com/intellij/openapi/util/io/FileTooBigException
instanceKlass java/io/UnsupportedEncodingException
instanceKlass java/net/MalformedURLException
instanceKlass java/net/UnknownHostException
instanceKlass java/io/InterruptedIOException
instanceKlass java/io/FileNotFoundException
ciInstanceKlass java/io/IOException 1 1 34 10 10 10 10 100 7 1 1 1 5 0 1 1 1 1 1 1 1 1 1 1 1 1 1 1 1 1 12 12 12 12 1 1
instanceKlass java/lang/Exception
instanceKlass java/lang/Error
ciInstanceKlass java/lang/Throwable 1 1 364 10 9 9 9 9 9 10 9 10 10 100 100 10 8 10 8 10 10 10 100 8 10 10 10 10 8 9 10 100 10 10 100 10 10 11 10 10 10 8 10 10 7 8 8 10 10 8 8 9 10 100 10 11 8 8 10 8 10 8 100 10 9 10 10 7 9 10 10 100 8 10 10 11 7 10 11 11 11 8 8 10 11 10 9 8 10 9 10 9 11 100 10 7 10 7 100 1 1 1 100 1 100 1 1 1 1 5 0 1 1 1 1 1 1 1 1 1 1 1 1 1 1 1 1 1 1 1 1 1 1 1 1 1 1 1 1 1 1 1 1 1 1 1 100 1 1 1 1 1 1 1 1 1 1 1 1 1 1 1 1 1 1 1 1 1 1 1 1 1 1 100 1 1 1 1 1 1 1 1 1 1 1 1 1 1 1 1 1 1 1 1 1 1 1 1 1 1 7 100 1 100 100 1 1 1 1 1 1 1 1 1 1 1 1 12 12 12 12 12 12 12 12 12 12 1 1 1 12 1 100 12 12 1 1 12 7 12 12 1 100 12 12 1 12 12 1 7 12 12 12 12 12 1 12 12 1 1 1 12 12 1 1 12 100 12 1 12 1 1 12 1 12 1 1 12 12 12 100 12 12 12 7 1 1 12 100 12 12 1 12 12 12 12 1 1 100 12 1 100 12 100 12 12 12 12 1 12 1 1 1 1 1 1 1 1 1 1 1 1 1 1 1 1 1 1 1 1 1 1 1 1 1 1 1 1 1 1 1 1 1 1 1 1 1 1 1 1 1 1 1 1 1 1 1 1 1 1 1 1 1 1 1 1
staticfield java/lang/Throwable UNASSIGNED_STACK [Ljava/lang/StackTraceElement; 0 [Ljava/lang/StackTraceElement;
staticfield java/lang/Throwable SUPPRESSED_SENTINEL Ljava/util/List; java/util/Collections$EmptyList
staticfield java/lang/Throwable EMPTY_THROWABLE_ARRAY [Ljava/lang/Throwable; 0 [Ljava/lang/Throwable;
staticfield java/lang/Throwable $assertionsDisabled Z 1
instanceKlass com/intellij/diff/chains/DiffRequestProducerException
instanceKlass org/apache/oro/text/regex/MalformedPatternException
instanceKlass org/jaxen/saxpath/SAXPathException
instanceKlass org/apache/commons/compress/compressors/CompressorException
instanceKlass com/jetbrains/php/profiler/PhpSnapshotFormatException
instanceKlass com/jetbrains/php/lang/intentions/generators/PhpInvalidTemplateException
instanceKlass com/jetbrains/php/phing/InvalidPhingFileException
instanceKlass com/intellij/lang/javascript/buildTools/base/JsbtTaskFetchException
instanceKlass com/intellij/openapi/diff/impl/patch/PatchSyntaxException
instanceKlass com/intellij/remoteServer/util/ServerRuntimeException
instanceKlass com/intellij/psi/search/scope/packageSet/ParsingException
instanceKlass com/intellij/openapi/module/ModuleWithNameAlreadyExists
instanceKlass com/intellij/openapi/ui/impl/GlassPaneDialogWrapperPeer$GlasspanePeerUnavailableException
instanceKlass com/intellij/diff/InvalidDiffRequestException
instanceKlass org/zmlx/hg4idea/execution/HgCommandException
instanceKlass com/intellij/diagnostic/MessagePool$TooManyErrorsException
instanceKlass org/apache/velocity/runtime/parser/ParseException
instanceKlass com/intellij/util/diff/FilesTooBigForDiffException
instanceKlass com/intellij/openapi/vcs/VcsException
instanceKlass com/jetbrains/nodejs/boilerplate/express/ExpressProjectGenerator$GeneratorException
instanceKlass com/intellij/platform/templates/github/GeneratorException
instanceKlass com/intellij/ws/http/request/run/HttpRequestInvalidLogFileException
instanceKlass com/intellij/openapi/options/ConfigurationException
instanceKlass com/intellij/psi/stubs/SerializerNotFoundException
instanceKlass javax/swing/UnsupportedLookAndFeelException
instanceKlass com/intellij/history/core/changes/ChangeVisitor$StopVisitingException
instanceKlass org/xmlpull/v1/XmlPullParserException
instanceKlass com/intellij/ws/http/request/cookies/MalformedCookieException
instanceKlass com/intellij/ws/http/request/cookies/CookieStorageInvalidFileException
instanceKlass org/apache/commons/imaging/ImagingException
instanceKlass com/jetbrains/b/b/G
instanceKlass com/intellij/execution/ExecutionException
instanceKlass org/eclipse/jgit/api/errors/GitAPIException
instanceKlass java/beans/PropertyVetoException
instanceKlass com/intellij/util/indexing/StorageException
instanceKlass com/intellij/openapi/wm/impl/FocusManagerImpl$1
instanceKlass java/awt/datatransfer/UnsupportedFlavorException
instanceKlass javax/swing/text/BadLocationException
instanceKlass com/intellij/history/LocalHistoryException
instanceKlass com/intellij/openapi/fileEditor/impl/FileDocumentManagerImpl$SaveVetoException
instanceKlass com/intellij/openapi/vfs/newvfs/impl/VfsData$FileAlreadyCreatedException
instanceKlass com/intellij/openapi/options/SchemeImportException
instanceKlass javax/xml/transform/TransformerException
instanceKlass java/awt/AWTException
instanceKlass com/intellij/a/e/m
instanceKlass fuck_the_regulations/e3
instanceKlass fuck_the_regulations/fl
instanceKlass java/awt/geom/NoninvertibleTransformException
instanceKlass fuck_the_regulations/a5
instanceKlass com/jetbrains/b/a/g
instanceKlass com/jetbrains/b/a/e
instanceKlass com/jetbrains/b/a/f
instanceKlass com/intellij/ide/a/g/ag
instanceKlass com/intellij/ide/a/g/aU
instanceKlass com/jetbrains/b/b/q
instanceKlass com/intellij/ide/a/w
instanceKlass org/apache/xerces/impl/dv/DatatypeException
instanceKlass com/intellij/ide/a/g/a7
instanceKlass javax/naming/NamingException
instanceKlass com/intellij/a/d/e
instanceKlass com/intellij/a/d/m
instanceKlass com/intellij/a/c/b
instanceKlass com/intellij/a/d/d
instanceKlass com/intellij/a/c/c
instanceKlass com/intellij/a/f/b
instanceKlass com/intellij/ide/a/g/T
instanceKlass javax/xml/parsers/ParserConfigurationException
instanceKlass org/xml/sax/SAXException
instanceKlass org/apache/batik/transcoder/TranscoderException
instanceKlass java/text/ParseException
instanceKlass javax/management/JMException
instanceKlass java/util/concurrent/TimeoutException
instanceKlass org/jdom/JDOMException
instanceKlass javax/xml/stream/XMLStreamException
instanceKlass java/util/concurrent/ExecutionException
instanceKlass java/lang/CloneNotSupportedException
instanceKlass java/lang/InterruptedException
instanceKlass java/net/URISyntaxException
instanceKlass sun/nio/fs/WindowsException
instanceKlass java/io/IOException
instanceKlass sun/security/pkcs11/wrapper/PKCS11Exception
instanceKlass java/security/PrivilegedActionException
instanceKlass java/security/GeneralSecurityException
instanceKlass java/lang/ReflectiveOperationException
instanceKlass java/lang/RuntimeException
ciInstanceKlass java/lang/Exception 1 1 40 10 10 10 10 10 100 7 1 1 1 5 0 1 1 1 1 1 1 1 1 1 1 1 1 1 1 1 1 1 1 1 1 12 12 12 12 12 1 1
instanceKlass jdk/internal/reflect/FieldAccessorImpl
instanceKlass jdk/internal/reflect/ConstructorAccessorImpl
instanceKlass jdk/internal/reflect/MethodAccessorImpl
ciInstanceKlass jdk/internal/reflect/MagicAccessorImpl 1 1 16 10 100 7 1 1 1 1 1 1 1 1 1 12 1 1
instanceKlass jdk/internal/reflect/GeneratedMethodAccessor83
instanceKlass jdk/internal/reflect/GeneratedMethodAccessor82
instanceKlass jdk/internal/reflect/GeneratedMethodAccessor81
instanceKlass jdk/internal/reflect/GeneratedMethodAccessor80
instanceKlass jdk/internal/reflect/GeneratedMethodAccessor79
instanceKlass jdk/internal/reflect/GeneratedMethodAccessor78
instanceKlass jdk/internal/reflect/GeneratedMethodAccessor77
instanceKlass jdk/internal/reflect/GeneratedMethodAccessor76
instanceKlass jdk/internal/reflect/GeneratedMethodAccessor75
instanceKlass jdk/internal/reflect/GeneratedMethodAccessor74
instanceKlass jdk/internal/reflect/GeneratedMethodAccessor73
instanceKlass jdk/internal/reflect/GeneratedMethodAccessor72
instanceKlass jdk/internal/reflect/GeneratedMethodAccessor71
instanceKlass jdk/internal/reflect/GeneratedMethodAccessor70
instanceKlass jdk/internal/reflect/GeneratedMethodAccessor69
instanceKlass jdk/internal/reflect/GeneratedMethodAccessor68
instanceKlass jdk/internal/reflect/GeneratedMethodAccessor67
instanceKlass jdk/internal/reflect/GeneratedMethodAccessor66
instanceKlass jdk/internal/reflect/GeneratedMethodAccessor65
instanceKlass jdk/internal/reflect/GeneratedMethodAccessor64
instanceKlass jdk/internal/reflect/GeneratedMethodAccessor63
instanceKlass jdk/internal/reflect/GeneratedMethodAccessor62
instanceKlass jdk/internal/reflect/GeneratedMethodAccessor61
instanceKlass jdk/internal/reflect/GeneratedMethodAccessor60
instanceKlass jdk/internal/reflect/GeneratedMethodAccessor58
instanceKlass jdk/internal/reflect/GeneratedMethodAccessor57
instanceKlass jdk/internal/reflect/GeneratedMethodAccessor56
instanceKlass jdk/internal/reflect/GeneratedMethodAccessor55
instanceKlass jdk/internal/reflect/GeneratedMethodAccessor54
instanceKlass jdk/internal/reflect/GeneratedMethodAccessor53
instanceKlass jdk/internal/reflect/GeneratedMethodAccessor52
instanceKlass jdk/internal/reflect/GeneratedMethodAccessor51
instanceKlass jdk/internal/reflect/GeneratedMethodAccessor50
instanceKlass jdk/internal/reflect/GeneratedMethodAccessor49
instanceKlass jdk/internal/reflect/GeneratedMethodAccessor48
instanceKlass jdk/internal/reflect/GeneratedMethodAccessor47
instanceKlass jdk/internal/reflect/GeneratedMethodAccessor46
instanceKlass jdk/internal/reflect/GeneratedMethodAccessor45
instanceKlass jdk/internal/reflect/GeneratedMethodAccessor44
instanceKlass jdk/internal/reflect/GeneratedMethodAccessor43
instanceKlass jdk/internal/reflect/GeneratedMethodAccessor42
instanceKlass jdk/internal/reflect/GeneratedMethodAccessor41
instanceKlass jdk/internal/reflect/GeneratedMethodAccessor40
instanceKlass jdk/internal/reflect/GeneratedMethodAccessor39
instanceKlass jdk/internal/reflect/GeneratedMethodAccessor38
instanceKlass jdk/internal/reflect/GeneratedMethodAccessor37
instanceKlass jdk/internal/reflect/GeneratedMethodAccessor36
instanceKlass jdk/internal/reflect/GeneratedMethodAccessor35
instanceKlass jdk/internal/reflect/GeneratedMethodAccessor33
instanceKlass jdk/internal/reflect/GeneratedMethodAccessor32
instanceKlass jdk/internal/reflect/GeneratedMethodAccessor31
instanceKlass jdk/internal/reflect/GeneratedMethodAccessor30
instanceKlass jdk/internal/reflect/GeneratedMethodAccessor29
instanceKlass jdk/internal/reflect/GeneratedMethodAccessor28
instanceKlass jdk/internal/reflect/GeneratedMethodAccessor26
instanceKlass jdk/internal/reflect/GeneratedMethodAccessor25
instanceKlass jdk/internal/reflect/GeneratedMethodAccessor24
instanceKlass jdk/internal/reflect/GeneratedMethodAccessor23
instanceKlass jdk/internal/reflect/GeneratedMethodAccessor22
instanceKlass jdk/internal/reflect/GeneratedMethodAccessor21
instanceKlass jdk/internal/reflect/GeneratedMethodAccessor20
instanceKlass jdk/internal/reflect/GeneratedMethodAccessor19
instanceKlass jdk/internal/reflect/GeneratedMethodAccessor18
instanceKlass jdk/internal/reflect/GeneratedMethodAccessor17
instanceKlass jdk/internal/reflect/GeneratedMethodAccessor16
instanceKlass jdk/internal/reflect/GeneratedMethodAccessor15
instanceKlass jdk/internal/reflect/GeneratedMethodAccessor14
instanceKlass jdk/internal/reflect/GeneratedMethodAccessor13
instanceKlass jdk/internal/reflect/GeneratedMethodAccessor12
instanceKlass jdk/internal/reflect/GeneratedMethodAccessor11
instanceKlass jdk/internal/reflect/GeneratedMethodAccessor10
instanceKlass jdk/internal/reflect/GeneratedMethodAccessor8
instanceKlass jdk/internal/reflect/GeneratedMethodAccessor7
instanceKlass jdk/internal/reflect/GeneratedMethodAccessor6
instanceKlass jdk/internal/reflect/GeneratedMethodAccessor5
instanceKlass jdk/internal/reflect/GeneratedMethodAccessor4
instanceKlass jdk/internal/reflect/GeneratedMethodAccessor3
instanceKlass jdk/internal/reflect/GeneratedMethodAccessor2
instanceKlass jdk/internal/reflect/GeneratedMethodAccessor1
instanceKlass jdk/internal/reflect/DelegatingMethodAccessorImpl
instanceKlass jdk/internal/reflect/NativeMethodAccessorImpl
ciInstanceKlass jdk/internal/reflect/MethodAccessorImpl 1 1 25 10 100 7 100 1 1 1 1 1 1 1 1 1 1 100 100 1 1 12 1 1 1 1 1
instanceKlass one/util/streamex/StreamExInternals$CancelException
instanceKlass kotlin/NotImplementedError
instanceKlass com/google/common/util/concurrent/ExecutionError
instanceKlass java/util/ServiceConfigurationError
instanceKlass kotlin/jvm/KotlinReflectionNotSupportedError
instanceKlass org/apache/xerces/impl/dv/ObjectFactory$ConfigurationError
instanceKlass org/apache/xerces/parsers/ObjectFactory$ConfigurationError
instanceKlass java/lang/AssertionError
instanceKlass java/awt/AWTError
instanceKlass java/lang/VirtualMachineError
instanceKlass java/lang/LinkageError
instanceKlass java/lang/ThreadDeath
ciInstanceKlass java/lang/Error 1 1 40 10 10 10 10 10 100 7 1 1 1 5 0 1 1 1 1 1 1 1 1 1 1 1 1 1 1 1 1 1 1 1 1 12 12 12 12 12 1 1
instanceKlass java/lang/ExceptionInInitializerError
instanceKlass java/lang/ClassCircularityError
instanceKlass java/lang/ClassFormatError
instanceKlass java/lang/IncompatibleClassChangeError
instanceKlass java/lang/UnsatisfiedLinkError
instanceKlass java/lang/BootstrapMethodError
instanceKlass java/lang/NoClassDefFoundError
ciInstanceKlass java/lang/LinkageError 1 1 31 10 10 10 100 7 1 1 1 5 0 1 1 1 1 1 1 1 1 1 1 1 1 1 1 1 12 12 12 1 1
instanceKlass java/lang/IllegalAccessException
instanceKlass java/lang/InstantiationException
instanceKlass java/lang/reflect/InvocationTargetException
instanceKlass java/lang/NoSuchFieldException
instanceKlass java/lang/NoSuchMethodException
instanceKlass java/lang/ClassNotFoundException
ciInstanceKlass java/lang/ReflectiveOperationException 1 1 34 10 10 10 10 100 7 1 1 1 5 0 1 1 1 1 1 1 1 1 1 1 1 1 1 1 1 1 12 12 12 12 1 1
instanceKlass java/util/concurrent/locks/AbstractQueuedSynchronizer
ciInstanceKlass java/util/concurrent/locks/AbstractOwnableSynchronizer 1 1 32 10 9 7 7 100 1 1 1 5 0 1 1 1 1 1 1 1 1 1 1 1 1 1 1 1 1 12 12 1 1 1
ciInstanceKlass java/util/zip/Inflater 1 1 274 10 9 9 10 10 9 10 100 10 9 9 9 10 10 10 10 10 9 10 10 10 10 10 100 11 10 10 10 10 10 10 10 9 10 100 9 10 9 9 9 5 0 10 10 100 10 10 10 10 10 10 10 10 9 10 100 10 100 8 10 7 10 10 10 7 7 1 1 1 1 1 1 1 1 1 1 1 1 1 1 1 1 1 1 1 1 1 1 1 1 1 1 1 1 1 1 1 1 1 1 100 100 1 1 7 1 1 1 1 1 1 1 1 1 1 1 1 1 1 1 1 1 1 1 1 1 1 1 1 1 1 1 1 1 1 1 1 1 1 1 1 1 1 1 1 1 1 1 1 1 1 3 1 1 1 1 1 1 1 1 1 1 1 1 1 1 1 1 1 1 1 1 1 100 12 7 12 12 12 12 12 12 1 12 12 12 12 100 12 12 12 12 12 12 12 12 7 12 12 1 12 100 12 12 12 12 12 12 12 12 1 12 12 12 12 12 12 12 1 12 12 12 12 12 12 12 12 100 12 1 1 1 12 1 7 12 12 12 1 1 1 1 1 1 1 1 1 1 1 1 1 1 1 1 1 1 1 1 1 1 1 1 1 1 1 1 1 1 1 1 1 1 1
staticfield java/util/zip/Inflater $assertionsDisabled Z 1
ciMethod java/util/zip/Inflater <init> ()V 177 1 69 0 -1
instanceKlass java/util/zip/ZipInputStream
instanceKlass com/intellij/util/io/storage/RefCountingStorage$CustomInflaterInputStream
instanceKlass java/util/zip/GZIPInputStream
instanceKlass java/util/zip/ZipFile$ZipFileInflaterInputStream
ciInstanceKlass java/util/zip/InflaterInputStream 1 1 173 9 100 8 10 10 9 9 9 9 100 10 100 8 10 9 9 10 7 10 10 10 10 10 100 10 10 10 10 10 10 100 10 100 8 10 8 100 5 0 10 10 9 10 10 9 100 8 10 10 8 7 7 1 1 1 1 1 1 1 1 1 1 1 1 1 1 1 1 1 1 1 1 1 1 1 1 1 1 7 1 1 1 1 1 1 1 1 1 1 1 100 100 1 1 1 1 1 1 1 1 1 1 1 1 1 1 1 1 12 1 1 12 12 12 12 12 12 1 12 1 1 12 12 12 1 12 12 12 100 12 1 12 12 12 12 12 1 12 1 1 1 1 100 12 12 12 12 12 1 1 12 1 1 1 1 1 1 1 1 1 1 1 1 1 1 1 1 1 1 1 1 1
ciMethod java/util/zip/InflaterInputStream <init> (Ljava/io/InputStream;Ljava/util/zip/Inflater;)V 9 1 4 0 -1
instanceKlass jdk/internal/ref/PhantomCleanable
instanceKlass jdk/internal/ref/Cleaner
ciInstanceKlass java/lang/ref/PhantomReference 1 1 30 10 100 7 1 1 1 1 1 1 1 1 1 1 1 1 1 1 1 1 1 1 1 1 1 1 1 12 1 1
instanceKlass org/apache/log4j/ProvisionNode
instanceKlass java/util/Stack
ciInstanceKlass java/util/Vector 1 1 495 100 10 100 100 10 8 10 10 10 10 7 9 9 10 10 11 9 10 7 10 10 9 10 10 10 100 10 7 3 10 3 7 10 10 10 10 100 8 10 100 10 10 100 10 10 8 10 10 10 10 10 100 100 10 10 10 10 10 10 18 10 18 10 11 10 10 100 10 10 10 10 10 10 10 10 10 8 10 8 10 100 8 10 10 10 8 10 10 10 10 8 100 10 7 10 11 11 10 100 10 11 7 100 100 100 100 1 1 1 1 1 1 1 1 1 1 1 1 5 0 1 1 1 1 1 1 1 1 1 1 1 1 1 1 1 1 1 1 7 1 1 1 1 1 1 1 1 1 1 1 1 1 1 1 1 1 1 1 1 1 1 1 1 1 1 1 1 1 1 1 1 1 1 1 1 1 1 1 1 1 1 1 1 1 1 1 1 1 1 1 1 1 1 1 1 1 1 1 1 1 1 1 1 1 1 1 1 1 1 1 1 1 1 1 1 1 1 1 1 1 1 1 1 1 1 1 1 1 1 100 1 1 1 1 1 1 1 1 1 1 1 1 1 1 1 1 1 1 1 1 1 1 1 1 100 100 1 1 1 1 1 1 1 1 1 1 1 1 1 1 1 1 1 1 1 1 1 100 1 1 1 1 1 100 100 1 1 1 1 100 1 1 100 1 1 1 1 1 1 1 1 1 1 1 1 1 100 1 1 1 1 1 1 100 1 1 1 1 1 1 1 1 1 1 1 1 1 1 1 1 1 1 12 1 1 1 12 12 12 12 1 12 12 12 12 12 12 12 7 12 7 12 12 12 12 12 1 1 12 1 12 12 12 12 1 1 1 12 1 1 12 12 12 12 12 1 1 12 12 12 12 12 100 12 1 15 16 15 12 12 15 12 12 12 12 1 12 12 12 100 12 12 100 12 12 12 1 1 100 12 12 100 12 12 1 1 12 1 12 12 12 1 12 12 1 1 1 1 1 1 1 1 1 1 1 1 1 1 1 1 1 1 1 1 1 1 1 1 1 1 1 1 1 1 1 1 1 1 10 10 1 1 10 1 1 1 1 1 1 1 1 1 1 1 1 1 1 1 1 1 1 1 100 12 12 12 1 1 100 1 1 100 1 1
ciMethod java/util/Vector contains (Ljava/lang/Object;)Z 217 1 22 0 -1
ciMethod java/util/Vector indexOf (Ljava/lang/Object;I)I 305 105 30 0 -1
ciMethod java/util/Vector addElement (Ljava/lang/Object;)V 3697 1 28604 0 -1
ciMethod java/util/Vector removeElement (Ljava/lang/Object;)Z 65 1 8 0 -1
instanceKlass com/intellij/util/lang/UrlClassLoader
instanceKlass com/intellij/util/lang/UrlClassLoader
instanceKlass jdk/internal/reflect/DelegatingClassLoader
instanceKlass java/security/SecureClassLoader
ciInstanceKlass java/lang/ClassLoader 1 1 1189 9 10 9 10 7 10 10 9 10 100 10 10 10 100 8 10 10 10 10 7 10 7 7 7 10 10 9 7 10 9 9 9 9 9 7 10 9 10 10 9 9 7 9 7 10 10 9 10 7 10 8 10 10 10 7 10 10 8 10 10 10 10 10 10 10 10 7 10 10 10 10 10 10 10 10 10 10 10 10 10 10 10 100 10 100 10 10 10 10 10 100 8 10 8 10 10 100 8 10 10 10 10 10 10 10 10 10 10 10 10 10 10 10 10 10 10 10 10 10 10 10 10 10 8 11 9 11 10 8 8 10 100 10 10 10 10 10 10 10 10 10 7 10 10 10 7 10 100 18 10 10 10 7 10 10 10 7 10 10 10 10 8 100 10 10 9 10 10 100 8 10 10 8 8 10 10 7 10 10 100 100 10 100 100 10 10 10 10 10 10 9 10 10 10 10 10 8 10 7 18 10 10 10 10 8 10 10 18 11 100 10 10 10 11 10 18 10 11 18 11 10 9 7 10 10 8 10 9 8 10 9 8 7 10 10 100 8 10 10 10 8 8 10 10 10 8 8 10 10 10 7 10 10 10 10 10 11 11 11 11 11 7 10 9 9 9 10 10 100 10 100 10 10 10 9 9 9 9 9 9 8 10 10 10 10 10 11 10 100 10 10 10 7 7 10 1 1 7 1 1 1 1 1 1 1 1 1 1 1 1 1 1 1 1 1 1 1 1 1 1 1 1 1 1 1 1 1 1 1 1 1 1 1 1 1 1 1 1 1 1 1 1 1 1 1 1 1 1 1 1 1 1 1 1 1 1 1 1 1 1 1 1 1 1 1 1 1 1 100 1 1 1 1 100 1 1 1 1 1 1 1 1 1 1 1 1 1 1 1 1 1 100 1 1 1 1 1 1 1 1 1 1 1 1 1 1 1 1 100 1 1 1 1 1 1 1 1 1 1 1 1 7 1 1 1 1 1 1 1 1 1 1 1 1 1 1 1 1 1 1 1 1 1 1 1 1 1 1 1 1 1 1 1 1 1 1 1 1 1 7 1 1 1 1 1 1 1 1 1 1 1 1 1 1 1 1 1 1 1 1 1 1 1 7 1 1 1 1 1 100 1 1 1 1 1 1 1 1 1 1 1 1 1 1 1 1 1 1 1 1 1 100 1 1 1 1 1 1 1 1 1 1 1 1 1 1 1 1 1 1 1 1 1 1 1 1 1 1 1 1 1 1 1 1 1 1 1 1 1 1 1 1 1 1 1 1 1 1 1 1 1 1 1 1 1 1 1 1 1 1 1 1 1 1 100 1 1 1 1 1 1 1 1 1 1 1 1 1 1 1 1 1 1 1 1 1 100 100 1 1 1 1 1 1 1 1 1 1 1 1 1 1 1 1 1 1 1 1 1 1 1 7 1 1 1 1 1 1 1 1 1 1 1 1 1 1 1 1 100 1 1 1 1 1 1 1 1 1 1 1 1 1 1 1 1 1 1 1 1 1 1 1 1 1 1 1 1 1 100 12 12 12 12 1 12 12 12 12 1 12 12 12 1 1 12 7 12 12 1 1 1 12 12 12 1 12 12 12 12 12 1 12 12 12 12 12 12 1 12 1 12 12 12 1 1 12 12 1 12 7 12 1 12 12 12 12 12 12 12 12 1 12 7 12 12 12 12 12 12 12 12 12 100 12 12 12 12 1 12 1 12 7 12 12 12 1 1 1 12 12 1 1 12 12 12 12 12 12 12 12 12 12 12 12 7 12 12 12 12 12 12 12 12 12 12 12 1 12 12 12 1 1 12 1 12 12 12 12 12 7 12 12 7 1 12 12 1 12 1 1 15 16 15 16 12 100 12 100 12 7 12 1 12 12 12 1 12 12 7 12 12 1 1 12 12 7 12 12 1 1 12 1 1 12 12 1 12 100 12 1 1 12 1 1 12 12 12 12 12 12 100 12 12 12 12 12 12 1 12 1 16 15 16 12 12 12 12 12 1 12 12 16 15 16 12 12 1 12 12 12 15 12 7 12 16 15 16 12 12 12 12 1 12 12 1 12 12 1 12 12 1 1 12 1 1 12 12 1 1 12 12 100 12 1 1 100 12 12 1 12 12 12 12 12 12 12 12 1 12 12 12 12 12 12 1 1 12 12 12 12 12 12 12 12 12 12 7 12 12 12 12 12 100 12 1 12 12 12 1 1 1 1 1 1 1 1 1 1 1 1 1 1 1 1 1 1 1 1 1 1 1 1 1 1 1 1 1 1 1 1 1 1 1 1 1 1 1 1 1 1 1 1 1 1 1 1 1 1 1 1 1 1 1 1 1 1 1 1 1 1 1 1 1 1 1 1 1 1 1 1 1 1 1 1 1 1 1 1 1 1 1 1 1 1 1 1 1 1 1 1 1 1 1 1 1 10 1 10 1 1 1 1 1 1 1 1 1 1 1 1 1 1 1 1 1 1 1 1 1 1 1 1 1 1 1 1 1 1 1 1 1 1 1 1 1 1 1 1 1 1 1 1 10 1 1 1 1 1 1 1 1 10 1 1 1 1 1 10 1 1 1 10 1 1 1 1 1 1 1 1 1 1 1 1 1 1 1 1 1 1 1 1 1 1 1 1 1 1 1 1 1 1 1 1 1 1 1 1 1 1 1 1 1 100 12 12 12 12 12 12 1 1 100 1 1 100 1 1
staticfield java/lang/ClassLoader nocerts [Ljava/security/cert/Certificate; 0 [Ljava/security/cert/Certificate;
staticfield java/lang/ClassLoader loadedLibraryNames Ljava/util/Set; java/util/HashSet
staticfield java/lang/ClassLoader $assertionsDisabled Z 1
instanceKlass sun/reflect/misc/MethodUtil
instanceKlass java/net/URLClassLoader
instanceKlass jdk/internal/loader/BuiltinClassLoader
ciInstanceKlass java/security/SecureClassLoader 1 1 127 10 7 10 9 10 10 9 10 10 10 10 10 10 7 10 7 10 7 10 11 7 100 8 10 10 7 7 1 1 7 1 1 1 1 1 1 1 1 1 1 1 1 1 1 1 1 1 1 1 100 1 1 1 1 100 1 1 1 1 1 1 1 1 1 1 1 1 1 1 1 1 1 1 1 1 1 1 1 1 1 12 1 12 12 7 12 12 12 12 12 12 12 12 12 1 1 12 1 12 7 12 1 1 1 12 12 1 1 1 1 1 1 1 1 1 1 1 1 1 1 1 1 1 1 1 1
instanceKlass jdk/internal/loader/ClassLoaders$BootClassLoader
instanceKlass jdk/internal/loader/ClassLoaders$PlatformClassLoader
instanceKlass jdk/internal/loader/ClassLoaders$AppClassLoader
ciInstanceKlass jdk/internal/loader/BuiltinClassLoader 1 1 762 10 10 9 9 7 10 9 9 10 10 11 100 100 10 10 8 10 10 7 10 10 11 11 11 7 9 8 8 10 10 9 11 7 10 10 10 10 10 10 10 11 10 7 10 10 10 100 8 10 10 8 10 10 11 11 7 7 10 11 11 10 7 10 10 7 7 10 7 7 10 10 100 10 11 7 100 10 10 100 100 10 10 18 10 10 18 100 10 7 10 10 10 10 10 9 100 10 10 10 10 10 10 10 10 10 10 18 7 10 10 10 10 100 10 7 10 10 10 11 7 10 7 100 10 10 11 10 10 10 10 10 10 10 10 8 10 10 10 100 8 8 10 10 8 8 10 11 9 10 9 9 9 9 9 9 10 8 10 10 10 10 8 7 8 10 10 10 10 7 10 9 8 8 10 7 7 10 11 10 10 10 100 10 10 10 7 10 10 8 10 7 100 1 1 1 1 1 1 1 1 1 1 1 1 1 1 1 1 1 1 1 1 1 1 1 1 1 1 1 1 1 7 7 1 1 1 1 1 1 1 1 1 1 1 7 1 1 1 1 1 1 1 1 1 1 1 1 1 1 1 1 1 1 1 1 1 1 1 1 1 1 1 1 1 1 1 1 1 1 1 100 1 1 1 1 1 1 1 1 1 1 1 1 1 1 1 1 1 1 1 1 1 1 1 100 100 1 1 1 1 1 1 1 1 1 1 1 1 1 7 1 1 1 1 1 1 1 1 1 1 1 1 1 1 1 1 1 1 1 1 1 1 1 1 1 1 7 1 1 1 1 1 1 1 1 1 1 1 1 7 7 1 1 1 1 1 1 1 1 7 7 1 1 1 1 1 1 1 1 1 1 1 1 1 7 1 1 1 1 1 1 1 1 1 1 7 12 12 12 12 1 12 12 12 12 12 12 1 1 12 1 12 12 1 12 12 7 12 12 12 1 12 1 1 12 7 12 12 12 1 12 12 12 7 12 12 12 12 12 7 12 1 7 12 12 1 1 12 1 12 12 12 12 1 1 12 12 1 12 12 1 1 12 1 1 12 7 12 1 12 12 1 1 12 12 1 1 12 12 1 15 16 15 16 12 12 12 15 16 1 7 12 1 12 12 12 12 12 1 12 12 12 12 12 12 12 12 12 15 16 12 1 12 12 12 12 1 12 100 1 1 12 12 12 12 1 12 1 12 12 12 12 12 12 12 12 12 12 12 1 12 12 12 1 1 1 12 1 1 7 12 7 12 7 12 12 12 12 12 12 12 12 12 1 12 12 12 12 1 1 1 12 12 7 12 1 12 7 12 1 1 12 1 1 12 12 12 12 1 12 12 1 12 12 1 12 1 1 1 1 1 1 1 1 1 1 1 1 1 1 1 1 1 1 1 1 1 1 1 1 1 1 1 1 1 1 1 1 1 1 1 1 1 1 1 1 1 1 1 1 1 1 1 1 1 1 1 1 1 1 1 1 1 1 1 1 1 1 1 1 1 1 1 1 1 1 1 1 10 10 1 1 1 1 10 1 1 1 1 1 1 1 1 1 1 1 1 1 10 1 1 1 1 1 1 1 1 1 1 1 1 1 1 1 1 1 1 1 1 1 1 1 1 1 1 1 1 1 1 1 1 1 1 1 1 1 1 1 1 1 1 1 1 1 1 1 1 1 1 1 1 1 1 1 1 1 1 1 1 1 1 1 1 1 1 1 1 1 100 12 12 12 12 1 1 100 1 1 100 1 1
staticfield jdk/internal/loader/BuiltinClassLoader packageToModule Ljava/util/Map; java/util/concurrent/ConcurrentHashMap
staticfield jdk/internal/loader/BuiltinClassLoader $assertionsDisabled Z 1
instanceKlass com/intellij/openapi/extensions/ExtensionException
instanceKlass com/intellij/psi/impl/DebugUtil$IncorrectTreeStructureException
instanceKlass com/intellij/ws/converters/curl/exceptions/CurlParseException
instanceKlass com/intellij/openapi/editor/EditorCopyPasteHelper$TooLargeContentException
instanceKlass com/intellij/refactoring/util/CommonRefactoringUtil$RefactoringErrorHintException
instanceKlass com/intellij/util/lang/CompoundRuntimeException
instanceKlass com/intellij/configurationStore/ReadOnlyModificationException
instanceKlass com/intellij/database/script/TooLongStatementException
instanceKlass com/intellij/tasks/impl/RequestFailedException
instanceKlass java/io/UncheckedIOException
instanceKlass com/intellij/openapi/util/TraceableDisposable$ObjectNotDisposedException
instanceKlass com/intellij/openapi/util/TraceableDisposable$DisposalException
instanceKlass org/jetbrains/jps/model/serialization/impl/JpsSerializationFormatException
instanceKlass org/jetbrains/jps/model/serialization/CannotLoadJpsModelException
instanceKlass org/jetbrains/concurrency/InternalPromiseUtil$MessageError
instanceKlass com/intellij/openapi/util/StackOverflowPreventedException
instanceKlass org/jetbrains/idea/perforce/CancelActionException
instanceKlass java/awt/image/ImagingOpException
instanceKlass com/sun/jna/LastErrorException
instanceKlass com/google/common/cache/CacheLoader$InvalidCacheLoadException
instanceKlass com/google/common/util/concurrent/UncheckedExecutionException
instanceKlass com/intellij/openapi/vfs/VirtualFileVisitor$VisitorException
instanceKlass org/jcodings/exception/JCodingsException
instanceKlass com/intellij/openapi/vfs/newvfs/persistent/RefreshWorker$RefreshCancelledException
instanceKlass org/joni/exception/JOniException
instanceKlass com/intellij/psi/PsiInvalidElementAccessException
instanceKlass com/intellij/openapi/editor/ReadOnlyFragmentModificationException
instanceKlass com/intellij/openapi/util/WriteExternalException
instanceKlass net/jpountz/lz4/LZ4Exception
instanceKlass com/thoughtworks/xstream/core/BaseException
instanceKlass com/intellij/util/io/MappingFailedException
instanceKlass com/jetbrains/php/testFramework/PhpInvalidTestFrameworkException
instanceKlass com/intellij/configurationStore/UnresolvedReadOnlyFilesException
instanceKlass com/jetbrains/cloudconfig/exception/SecurityException
instanceKlass org/w3c/dom/events/EventException
instanceKlass org/apache/xerces/parsers/AbstractDOMParser$Abort
instanceKlass com/intellij/diagnostic/ImplementationConflictException
instanceKlass com/intellij/openapi/project/IndexNotReadyException
instanceKlass com/intellij/openapi/project/impl/TooManyProjectLeakedException
instanceKlass com/intellij/openapi/vfs/InvalidVirtualFileAccessException
instanceKlass com/intellij/openapi/extensions/SortingException
instanceKlass com/intellij/openapi/diagnostic/RuntimeExceptionWithAttachments
instanceKlass com/intellij/openapi/extensions/ExtensionNotApplicableException
instanceKlass com/intellij/openapi/progress/ProcessCanceledException
instanceKlass java/lang/TypeNotPresentException
instanceKlass com/intellij/ide/a/g/ap
instanceKlass java/lang/NegativeArraySizeException
instanceKlass com/intellij/util/xmlb/XIncludeException
instanceKlass org/apache/batik/css/parser/ParseException
instanceKlass org/w3c/css/sac/CSSException
instanceKlass org/apache/batik/parser/ParseException
instanceKlass org/apache/batik/bridge/InterruptedBridgeException
instanceKlass kotlin/NoWhenBranchMatchedException
instanceKlass org/apache/batik/bridge/BridgeException
instanceKlass org/apache/batik/dom/svg/LiveAttributeException
instanceKlass org/w3c/dom/svg/SVGException
instanceKlass org/w3c/dom/DOMException
instanceKlass org/apache/xerces/impl/dv/DVFactoryException
instanceKlass org/apache/xerces/xni/XNIException
instanceKlass com/google/gson/JsonParseException
instanceKlass java/lang/reflect/UndeclaredThrowableException
instanceKlass kotlin/UninitializedPropertyAccessException
instanceKlass io/netty/channel/ChannelException
instanceKlass java/util/concurrent/RejectedExecutionException
instanceKlass com/intellij/diagnostic/PluginException
instanceKlass org/picocontainer/PicoException
instanceKlass com/intellij/ide/plugins/PluginManagerCore$EssentialPluginMissingException
instanceKlass com/intellij/openapi/util/InvalidDataException
instanceKlass com/intellij/serialization/SerializationException
instanceKlass com/intellij/util/IncorrectOperationException
instanceKlass java/util/ConcurrentModificationException
instanceKlass java/util/MissingResourceException
instanceKlass java/util/concurrent/CompletionException
instanceKlass com/intellij/ide/plugins/MainRunner$StartupAbortedException
instanceKlass java/util/EmptyStackException
instanceKlass java/util/NoSuchElementException
instanceKlass java/lang/SecurityException
instanceKlass java/lang/IndexOutOfBoundsException
instanceKlass java/lang/UnsupportedOperationException
instanceKlass java/lang/IllegalStateException
instanceKlass java/security/ProviderException
instanceKlass fuck_the_regulations/x
instanceKlass java/lang/IllegalArgumentException
instanceKlass java/lang/ArithmeticException
instanceKlass java/lang/NullPointerException
instanceKlass java/lang/IllegalMonitorStateException
instanceKlass java/lang/ArrayStoreException
instanceKlass java/lang/ClassCastException
ciInstanceKlass java/lang/RuntimeException 1 1 40 10 10 10 10 10 100 7 1 1 1 5 0 1 1 1 1 1 1 1 1 1 1 1 1 1 1 1 1 1 1 1 1 12 12 12 12 12 1 1
ciInstanceKlass java/lang/Integer 1 1 413 7 100 7 7 10 9 9 10 10 10 10 10 10 10 10 10 10 10 10 10 10 10 10 9 9 7 8 10 100 10 8 10 10 8 10 8 10 3 10 3 10 10 10 7 11 100 10 11 10 8 10 8 100 10 10 5 0 8 10 10 10 10 7 9 9 10 10 9 10 10 10 10 100 100 10 8 8 10 8 8 8 8 8 8 10 10 10 5 0 3 3 3 3 10 3 10 10 8 10 9 3 3 3 3 3 3 9 7 100 1 1 1 1 1 1 1 1 1 1 1 1 1 1 1 1 1 1 1 3 1 3 1 1 5 0 1 1 1 1 1 1 1 1 1 1 1 1 100 1 1 1 1 1 1 1 1 1 1 1 1 1 1 1 1 1 1 1 1 1 1 1 1 1 1 1 1 1 1 1 1 1 1 1 1 1 1 1 1 1 1 1 1 1 1 1 1 1 1 1 1 1 1 1 1 1 1 1 1 1 1 1 1 1 1 1 1 1 1 1 1 1 1 1 1 1 1 1 1 1 1 1 1 1 100 1 1 1 1 1 1 1 1 1 1 1 1 1 1 1 1 1 1 1 1 1 1 1 1 1 1 1 1 1 1 1 1 1 1 1 1 1 1 1 1 1 1 1 1 1 12 12 12 100 12 12 100 12 12 100 12 12 12 7 12 12 12 12 12 12 12 12 12 1 1 12 1 12 1 12 12 1 12 1 12 12 12 12 7 12 1 1 12 1 12 1 1 12 12 1 12 12 12 12 1 12 12 12 12 12 12 12 7 12 1 1 12 1 1 12 1 1 1 1 1 1 12 12 12 12 12 12 1 7 12 12 12 1 1 1 1 1 1 1 1 1 1 1 1 1 1 1 1 1 1 1 1 1 1 1 1 1 1 1 1 1 1 1 1 1 1 1 1 1 1 1 1 1 1 1 1 1 1
staticfield java/lang/Integer TYPE Ljava/lang/Class; java/lang/Class
staticfield java/lang/Integer digits [C 36
staticfield java/lang/Integer DigitTens [B 100
staticfield java/lang/Integer DigitOnes [B 100
staticfield java/lang/Integer sizeTable [I 10
instanceKlass jdk/internal/reflect/GeneratedConstructorAccessor54
instanceKlass jdk/internal/reflect/GeneratedConstructorAccessor53
instanceKlass jdk/internal/reflect/GeneratedConstructorAccessor52
instanceKlass jdk/internal/reflect/GeneratedConstructorAccessor51
instanceKlass jdk/internal/reflect/GeneratedConstructorAccessor50
instanceKlass jdk/internal/reflect/GeneratedConstructorAccessor49
instanceKlass jdk/internal/reflect/GeneratedConstructorAccessor48
instanceKlass jdk/internal/reflect/GeneratedConstructorAccessor47
instanceKlass jdk/internal/reflect/GeneratedConstructorAccessor46
instanceKlass jdk/internal/reflect/GeneratedConstructorAccessor45
instanceKlass jdk/internal/reflect/GeneratedConstructorAccessor44
instanceKlass jdk/internal/reflect/GeneratedConstructorAccessor43
instanceKlass jdk/internal/reflect/GeneratedConstructorAccessor42
instanceKlass jdk/internal/reflect/GeneratedConstructorAccessor41
instanceKlass jdk/internal/reflect/GeneratedConstructorAccessor40
instanceKlass jdk/internal/reflect/GeneratedConstructorAccessor39
instanceKlass jdk/internal/reflect/GeneratedConstructorAccessor38
instanceKlass jdk/internal/reflect/GeneratedConstructorAccessor37
instanceKlass jdk/internal/reflect/GeneratedConstructorAccessor36
instanceKlass jdk/internal/reflect/GeneratedConstructorAccessor35
instanceKlass jdk/internal/reflect/GeneratedConstructorAccessor34
instanceKlass jdk/internal/reflect/GeneratedConstructorAccessor33
instanceKlass jdk/internal/reflect/GeneratedConstructorAccessor32
instanceKlass jdk/internal/reflect/GeneratedConstructorAccessor31
instanceKlass jdk/internal/reflect/GeneratedConstructorAccessor30
instanceKlass jdk/internal/reflect/GeneratedConstructorAccessor29
instanceKlass jdk/internal/reflect/GeneratedConstructorAccessor28
instanceKlass jdk/internal/reflect/GeneratedConstructorAccessor27
instanceKlass jdk/internal/reflect/GeneratedConstructorAccessor26
instanceKlass jdk/internal/reflect/GeneratedConstructorAccessor25
instanceKlass jdk/internal/reflect/GeneratedConstructorAccessor24
instanceKlass jdk/internal/reflect/GeneratedConstructorAccessor23
instanceKlass jdk/internal/reflect/GeneratedConstructorAccessor22
instanceKlass jdk/internal/reflect/GeneratedConstructorAccessor21
instanceKlass jdk/internal/reflect/GeneratedConstructorAccessor20
instanceKlass jdk/internal/reflect/GeneratedConstructorAccessor19
instanceKlass jdk/internal/reflect/GeneratedConstructorAccessor18
instanceKlass jdk/internal/reflect/GeneratedConstructorAccessor17
instanceKlass jdk/internal/reflect/GeneratedConstructorAccessor16
instanceKlass jdk/internal/reflect/GeneratedConstructorAccessor15
instanceKlass jdk/internal/reflect/GeneratedConstructorAccessor14
instanceKlass jdk/internal/reflect/GeneratedConstructorAccessor13
instanceKlass jdk/internal/reflect/GeneratedConstructorAccessor12
instanceKlass jdk/internal/reflect/GeneratedConstructorAccessor11
instanceKlass jdk/internal/reflect/GeneratedConstructorAccessor10
instanceKlass jdk/internal/reflect/GeneratedConstructorAccessor9
instanceKlass jdk/internal/reflect/GeneratedConstructorAccessor8
instanceKlass jdk/internal/reflect/GeneratedConstructorAccessor7
instanceKlass jdk/internal/reflect/GeneratedConstructorAccessor6
instanceKlass jdk/internal/reflect/GeneratedConstructorAccessor5
instanceKlass jdk/internal/reflect/GeneratedConstructorAccessor4
instanceKlass jdk/internal/reflect/GeneratedConstructorAccessor2
instanceKlass jdk/internal/reflect/BootstrapConstructorAccessorImpl
instanceKlass jdk/internal/reflect/GeneratedConstructorAccessor1
instanceKlass jdk/internal/reflect/DelegatingConstructorAccessorImpl
instanceKlass jdk/internal/reflect/NativeConstructorAccessorImpl
ciInstanceKlass jdk/internal/reflect/ConstructorAccessorImpl 1 1 27 10 100 7 100 1 1 1 1 1 1 1 1 1 1 100 100 100 1 1 12 1 1 1 1 1 1
instanceKlass java/lang/reflect/Executable
instanceKlass java/lang/reflect/Field
ciInstanceKlass java/lang/reflect/AccessibleObject 1 1 405 10 9 10 10 10 10 100 10 10 9 100 10 11 7 100 10 7 100 10 10 7 10 10 7 10 7 10 10 10 10 10 10 10 10 10 10 8 100 10 10 8 10 10 8 8 8 8 8 8 100 10 10 9 10 10 10 18 10 10 10 11 100 100 8 10 10 10 8 10 8 10 10 100 8 10 11 10 10 10 10 10 9 100 10 10 9 10 8 10 8 10 9 100 10 7 10 10 7 9 7 7 1 1 1 1 1 1 1 1 1 1 1 1 1 1 1 1 100 1 1 1 1 1 1 1 1 1 1 1 1 1 1 1 1 1 1 1 1 1 1 1 1 1 1 1 1 1 1 1 1 1 1 1 1 1 1 1 7 100 1 1 1 1 1 1 1 1 1 1 1 1 1 1 1 1 1 1 1 1 1 1 1 1 1 1 1 1 1 1 1 1 1 1 1 1 1 1 1 1 1 1 1 1 7 1 1 1 1 1 1 1 1 1 1 1 1 1 1 1 1 1 7 12 100 12 12 12 7 12 100 12 12 12 12 1 12 12 1 1 12 1 1 12 12 1 12 12 1 12 1 7 12 12 12 12 12 12 12 12 1 1 12 1 12 12 1 1 1 1 1 1 1 12 12 12 12 12 7 12 1 15 16 15 16 12 12 12 1 1 1 12 12 1 12 1 12 1 1 12 12 12 12 12 12 12 12 12 12 7 12 1 7 12 1 12 12 1 1 1 1 7 12 1 12 1 1 1 1 1 1 1 1 1 1 1 1 1 1 1 1 1 1 1 1 1 1 1 1 1 1 1 1 1 1 1 1 1 1 1 1 1 1 1 1 1 1 1 1 1 1 1 10 10 1 1 1 1 1 1 1 1 1 1 1 1 1 1 1 1 1 1 1 1 7 12 12 1 1 100 1 1 100 1 1
staticfield java/lang/reflect/AccessibleObject reflectionFactory Ljdk/internal/reflect/ReflectionFactory; jdk/internal/reflect/ReflectionFactory
instanceKlass java/lang/reflect/Constructor
instanceKlass java/lang/reflect/Method
ciInstanceKlass java/lang/reflect/Executable 1 1 458 10 10 10 11 10 10 10 10 10 7 8 7 10 10 10 7 8 10 10 10 10 8 8 10 10 100 8 10 8 10 8 11 10 10 11 10 8 8 10 10 100 10 10 10 10 10 10 7 10 10 10 10 10 100 10 100 8 10 10 3 100 8 10 10 10 10 10 8 8 8 9 10 100 8 9 10 10 10 10 10 10 100 10 10 100 10 7 10 10 11 10 10 10 9 10 7 10 10 9 10 10 9 10 9 10 9 7 100 100 1 1 1 1 1 1 1 1 1 1 1 1 1 1 1 1 1 1 1 1 1 1 1 1 1 1 1 1 1 1 1 1 1 1 1 1 1 1 1 1 1 1 1 1 1 1 1 1 1 1 1 1 1 1 1 1 1 1 100 1 1 1 1 1 1 1 1 1 1 1 1 1 1 1 1 1 100 100 100 1 1 1 1 1 1 1 1 1 1 1 1 1 1 1 1 1 1 1 1 1 1 1 1 1 1 1 1 1 1 1 1 1 1 1 1 1 1 1 1 1 1 1 1 1 1 1 1 1 1 1 1 1 1 1 1 1 1 1 1 1 1 1 1 1 1 1 1 1 1 7 100 100 1 1 1 1 1 1 1 1 1 1 1 1 12 7 12 12 7 12 7 12 12 12 12 12 1 1 1 12 12 1 1 12 7 12 12 12 1 1 12 1 1 12 1 12 1 100 12 12 12 1 1 12 12 1 12 12 7 12 12 12 1 12 12 12 12 100 12 12 1 1 12 12 1 1 12 12 12 12 1 1 1 12 12 1 1 12 12 12 12 12 12 12 12 12 1 100 12 1 7 12 12 12 12 100 12 12 12 12 1 12 12 100 12 100 12 12 12 12 12 12 12 1 1 1 1 1 1 1 1 1 1 1 1 1 1 1 1 1 1 1 1 1 1 1 1 1 1 1 1 1 1 1 1 1 1 1 1 1 1 1 1 1 1 1 1 1 1 1 1 1 1 1 1 1 1 1 1 1 1 1 100 1 1 1 1 1 1 1 1 1 1 1 1 1 1 1
ciInstanceKlass java/lang/reflect/Constructor 1 1 415 10 10 9 10 10 10 9 10 9 9 9 9 9 9 9 9 7 8 10 7 10 9 10 10 10 10 10 7 100 8 10 10 10 10 10 100 10 7 10 10 10 10 10 10 10 10 10 100 8 10 10 100 8 10 10 10 10 10 10 10 9 10 10 100 8 10 11 10 10 10 9 10 10 10 10 10 10 10 10 10 100 8 10 10 10 10 10 10 10 11 9 10 10 7 1 1 1 1 1 1 1 1 1 1 1 1 1 1 1 1 1 1 1 1 1 1 1 1 1 1 1 1 1 1 1 1 1 1 1 1 1 1 1 1 1 1 1 1 1 1 1 1 1 1 1 1 1 1 1 1 1 1 1 1 1 1 1 1 1 1 1 1 1 1 1 1 1 1 1 1 1 1 1 1 1 1 1 1 1 1 1 1 1 1 1 1 1 1 1 1 1 1 1 1 1 1 1 7 1 7 7 7 1 1 1 1 1 1 1 1 1 1 1 1 1 1 1 1 1 1 1 1 1 1 1 1 1 1 1 1 1 1 1 1 1 1 1 1 1 100 12 100 12 12 12 12 100 12 12 12 12 12 12 12 12 12 12 12 1 1 12 1 12 12 7 12 7 12 12 12 12 1 1 1 12 12 12 12 1 7 12 12 7 12 12 100 12 12 12 12 12 1 1 12 1 1 12 12 12 12 12 12 12 12 12 12 1 1 12 12 12 12 12 12 7 12 12 12 12 12 12 12 12 12 1 1 12 12 12 12 100 12 100 12 100 12 100 12 12 1 1 1 1 1 1 1 1 1 1 1 1 1 1 1 1 1 1 1 1 1 1 1 1 1 1 1 1 1 1 1 1 1 1 1 1 1 1 1 1 1 1 1 1 1 1 1 1 1 1 1 1 1 1 1 1 1 1 1 1 1 1 1 1 1 100 1 1 1 1 1 1 1 1 1
ciInstanceKlass java/lang/String 1 1 876 10 8 9 9 9 10 10 10 9 10 7 10 10 10 10 10 100 8 10 10 9 9 8 10 10 10 10 10 10 10 10 10 10 10 10 10 10 10 100 10 10 100 10 10 10 10 10 10 10 10 10 10 10 10 10 10 10 10 10 10 10 10 100 100 10 10 11 11 10 10 10 10 10 10 9 11 10 10 10 10 10 10 10 10 10 10 10 10 10 10 10 10 10 10 10 10 10 10 10 10 10 10 10 10 10 10 10 10 10 10 10 10 10 10 11 10 10 10 10 10 10 100 10 7 10 10 10 10 10 8 10 10 100 3 3 7 10 10 10 10 10 11 7 10 10 100 10 10 10 11 11 11 7 10 10 10 10 10 10 10 10 10 10 10 10 10 10 10 10 10 10 10 10 100 100 10 100 10 10 100 10 10 10 7 10 10 10 10 8 10 10 10 8 8 10 10 10 10 10 10 10 100 10 8 10 10 10 7 3 8 8 8 10 10 10 10 10 10 8 8 10 8 8 8 8 8 10 10 10 8 7 10 10 10 7 9 7 10 100 100 1 1 1 1 1 1 1 1 1 1 1 1 1 5 0 1 1 1 1 1 1 1 1 1 3 1 3 1 1 1 1 1 1 1 1 1 1 1 1 1 1 1 1 1 1 1 1 1 1 100 1 1 1 1 100 1 1 1 1 1 1 1 1 1 1 7 1 1 1 100 1 1 1 100 1 1 1 1 1 1 1 1 1 1 1 1 1 1 1 1 1 1 1 1 1 1 1 1 1 1 1 1 1 1 1 1 1 1 1 1 1 1 1 1 1 1 1 1 1 1 1 1 1 1 1 1 1 1 100 1 1 1 1 1 1 1 1 1 1 1 1 1 1 1 1 1 1 1 1 1 1 1 1 1 1 1 1 1 1 1 1 1 1 1 1 1 1 1 1 1 1 1 1 1 1 1 1 1 1 1 1 1 1 1 1 1 1 1 1 1 1 1 1 1 1 1 1 1 1 1 1 1 1 1 1 1 1 1 1 1 1 1 1 1 1 1 1 1 1 1 1 1 1 1 1 100 1 1 1 100 1 1 1 1 1 1 1 1 1 1 1 1 1 1 1 100 1 1 1 1 100 1 1 100 1 1 1 1 1 1 1 1 1 1 1 1 1 1 1 1 1 1 1 1 1 1 1 1 1 1 1 1 1 1 1 1 1 100 1 1 1 1 1 1 1 1 1 1 1 1 1 1 1 1 1 1 1 1 1 12 1 12 12 12 12 12 12 12 7 12 1 7 7 12 12 12 12 1 12 7 12 12 12 12 12 12 12 12 12 12 12 12 12 12 1 12 12 1 12 12 12 12 100 12 12 12 12 12 12 12 12 12 12 1 1 12 12 12 12 12 12 12 12 12 7 12 12 12 12 12 12 12 12 12 12 12 12 12 12 12 12 12 12 12 12 12 12 12 12 7 12 12 12 12 7 12 12 12 12 7 12 12 7 12 1 1 12 12 12 1 12 1 1 12 12 12 12 7 12 12 12 1 12 12 100 12 12 12 1 12 7 12 12 12 12 12 12 12 12 12 12 12 1 1 1 12 1 100 12 1 1 12 1 12 12 1 12 12 1 1 12 12 12 100 12 100 12 100 12 1 1 12 12 1 1 1 1 12 12 12 12 1 1 1 1 1 1 1 12 12 12 1 1 12 12 12 1 12 1 1 1 1 1 1 1 1 1 1 1 1 1 1 1 1 1 1 1 1 1 1 1 1 1 1 1 1 1 1 1 1 1 1 1 1 1 1 1 1 1 1 1 1 1 1 1 1 1 1 1 1 1 1 1 1 1 1 1 1 1 1 1 1 1 1 1 1 1 1 1 1 1 1 1 1 1 1 1 1 1 1 1 1 1 1 1 1 1 1 1 1 1 1 1 1 1 1 1 1 1 1 1 1 1 1 1 1 1 1 1 1 1 1 1 1 1 1 1 1 1 1 1 1 1 1 1
staticfield java/lang/String COMPACT_STRINGS Z 1
staticfield java/lang/String serialPersistentFields [Ljava/io/ObjectStreamField; 0 [Ljava/io/ObjectStreamField;
staticfield java/lang/String CASE_INSENSITIVE_ORDER Ljava/util/Comparator; java/lang/String$CaseInsensitiveComparator
instanceKlass com/intellij/util/io/AppendableStorageBackedByResizableMappedFile$MyBufferedIS
instanceKlass org/apache/batik/bridge/SVGImageElementBridge$ProtectedStream
ciInstanceKlass java/io/BufferedInputStream 1 1 158 9 100 8 10 9 9 10 10 9 100 8 10 10 9 10 9 9 100 8 10 9 9 10 9 10 10 10 100 10 10 10 10 100 3 8 10 3 10 7 8 10 7 1 1 1 1 1 1 1 1 1 1 1 1 1 1 1 1 1 1 1 1 1 1 1 7 1 1 1 1 100 1 1 1 1 1 1 1 1 1 1 1 1 1 1 1 1 1 1 1 1 1 1 1 1 1 1 1 1 1 1 1 1 1 1 1 12 1 1 12 12 12 12 12 12 1 1 12 12 7 12 12 12 1 1 12 12 7 12 12 12 12 12 1 12 12 12 12 1 1 12 12 1 12 1 1 1 1 1 1 1 1 1 1 1 1 1
staticfield java/io/BufferedInputStream U Ljdk/internal/misc/Unsafe; jdk/internal/misc/Unsafe
staticfield java/io/BufferedInputStream BUF_OFFSET J 32
ciMethod java/io/BufferedInputStream read ([BII)I 38009 193 5965 0 0
ciMethod java/io/BufferedInputStream read ()I 86665 1 17187 0 1008
ciMethod java/io/BufferedInputStream fill ()V 9 1 1138 0 0
ciMethod java/io/BufferedInputStream getInIfOpen ()Ljava/io/InputStream; 233 1 2033 0 0
ciMethod java/io/BufferedInputStream getBufIfOpen ()[B 2945 1 11818 0 80
ciMethod java/io/BufferedInputStream read1 ([BII)I 38193 1 6467 0 0
ciMethod java/io/BufferedInputStream <init> (Ljava/io/InputStream;)V 65 1 295 0 -1
instanceKlass java/lang/Process$PipeInputStream
instanceKlass java/net/SocketInputStream
ciInstanceKlass java/io/FileInputStream 1 1 212 7 10 10 10 7 10 9 10 10 10 100 10 10 100 8 10 7 10 9 10 9 10 10 9 10 10 10 10 10 10 10 9 9 10 7 10 10 100 10 10 100 10 10 7 8 100 10 100 10 100 10 10 7 1 1 1 1 1 1 1 1 1 1 1 1 1 1 1 1 1 1 1 1 1 1 100 1 1 1 1 1 1 100 1 1 1 1 1 1 1 1 1 1 1 1 1 1 1 1 1 1 1 1 1 1 1 1 1 100 100 1 1 1 1 1 1 1 1 1 1 1 1 1 1 3 1 1 1 1 1 1 1 1 1 1 1 1 12 12 12 1 12 12 7 12 12 1 12 1 1 1 12 12 12 12 12 12 7 12 12 12 12 12 12 12 12 12 12 1 12 12 1 100 12 1 12 12 1 1 12 1 1 12 12 1 1 1 1 1 1 1 1 1 1 1 1 1 1 1 1 1 1 1 1 1 1 1 1 1 1 1
ciMethod java/io/FileInputStream read ([BII)I 2049 1 1332 0 0
ciMethod java/io/FileInputStream readBytes ([BII)I 3081 1 385 0 -1
ciInstanceKlass java/util/Objects 1 1 140 10 100 8 10 10 10 10 10 10 10 11 100 10 10 8 10 8 100 11 8 100 10 10 10 7 7 1 1 1 1 1 1 1 1 1 1 1 1 1 1 1 1 1 1 1 1 1 1 1 1 1 1 1 1 1 1 1 1 1 1 1 1 1 1 1 1 1 1 1 1 1 1 1 1 1 1 1 1 1 1 1 1 1 1 1 1 1 1 1 1 1 1 1 1 1 1 1 1 1 12 1 1 12 12 7 12 12 12 12 12 100 12 1 12 12 1 12 1 1 7 12 12 12 1 1 1 1 1 1 1 1 1 1 1 1 1 1 1 1
ciMethod java/util/Objects checkFromIndexSize (III)I 3161 1 18540 0 -1
ciInstanceKlass java/lang/StackTraceElement 1 1 224 10 10 9 9 9 9 8 10 7 9 8 9 9 9 8 10 10 100 10 10 8 10 10 8 8 8 10 8 8 10 8 8 7 10 10 10 10 9 10 10 100 10 10 10 10 10 10 10 10 10 7 100 100 1 1 1 1 1 1 1 1 1 1 1 1 1 1 1 1 1 1 1 3 1 3 1 1 5 0 1 1 1 1 1 1 1 1 1 1 1 1 1 1 1 1 1 1 1 1 1 1 1 1 1 1 1 1 1 1 1 1 1 1 1 1 1 1 100 100 100 100 1 1 1 1 1 1 1 1 1 1 1 1 1 100 1 1 1 1 1 1 1 1 1 1 12 12 12 12 12 12 1 7 12 1 12 1 12 12 12 1 12 12 1 12 1 12 12 1 1 1 12 1 1 12 1 1 1 12 12 12 12 12 12 12 1 12 100 12 100 12 12 12 12 12 12 1 1 1 1 1 1 1 1 1 1 1 1 1 1 1 1 1 1 1 1 1 1 1 1 1 1 1
instanceKlass com/intellij/ide/plugins/MainRunner$1
ciInstanceKlass java/lang/ThreadGroup 1 1 289 10 9 8 9 7 9 9 10 10 10 10 10 9 10 10 9 10 9 9 10 100 10 10 10 9 10 10 9 10 10 10 10 10 10 10 10 10 10 10 100 10 10 10 7 10 7 10 9 10 8 10 10 10 10 11 100 9 100 10 8 10 10 8 10 10 10 10 8 10 8 10 8 7 100 1 1 1 1 1 1 1 1 1 1 1 1 1 1 1 1 1 1 1 1 1 1 1 1 1 1 1 1 1 1 1 1 1 1 1 1 1 1 1 1 1 1 1 1 1 1 1 100 1 1 1 1 1 1 100 1 1 1 1 1 1 1 1 1 1 1 1 1 1 1 1 1 1 1 1 1 1 1 1 1 1 1 1 1 1 1 1 1 1 1 1 1 1 1 1 1 1 1 100 1 1 1 1 1 1 1 1 1 1 1 1 1 12 12 1 12 1 12 12 12 12 12 12 12 12 12 12 12 100 12 12 12 7 12 12 7 12 12 12 12 12 12 12 12 12 12 12 12 12 12 12 1 12 12 1 12 12 12 12 1 12 12 12 12 1 12 1 1 12 12 1 12 12 12 100 1 1 12 1 1 1 1 1 1 1 1 1 1 1 1 1 1 1 1 1 1 1 1 1 1 1 1 1 1 1 1 1 1 1 1 1 1 1 1
instanceKlass java/lang/InternalError
instanceKlass java/lang/StackOverflowError
instanceKlass java/lang/OutOfMemoryError
ciInstanceKlass java/lang/VirtualMachineError 1 1 34 10 10 10 10 100 7 1 1 1 5 0 1 1 1 1 1 1 1 1 1 1 1 1 1 1 1 1 12 12 12 12 1 1
instanceKlass io/netty/util/internal/OutOfDirectMemoryError
ciInstanceKlass java/lang/OutOfMemoryError 1 1 26 10 10 100 100 1 1 1 5 0 1 1 1 1 1 1 1 1 1 1 1 1 12 12 1 1
ciInstanceKlass java/lang/ArithmeticException 1 1 26 10 10 100 100 1 1 1 5 0 1 1 1 1 1 1 1 1 1 1 1 1 12 12 1 1
instanceKlass kotlin/KotlinNullPointerException
ciInstanceKlass java/lang/NullPointerException 1 1 26 10 10 100 7 1 1 1 5 0 1 1 1 1 1 1 1 1 1 1 1 1 12 12 1 1
ciInstanceKlass java/lang/Class 1 1 1435 10 9 9 7 10 10 8 10 8 8 10 10 10 10 10 10 10 10 10 10 10 8 10 8 8 10 7 8 8 8 10 11 10 10 8 10 10 10 10 9 10 10 10 18 10 7 10 10 10 100 10 9 7 7 8 10 10 10 10 7 10 7 7 10 10 9 10 10 7 10 100 10 10 10 9 10 10 10 9 10 10 7 10 10 10 10 9 8 10 10 10 10 10 10 9 10 7 10 10 10 10 10 10 10 10 10 10 10 10 10 10 10 10 10 10 10 10 100 8 10 10 100 10 100 11 10 10 10 10 10 10 8 10 10 8 9 10 10 10 10 100 9 10 9 10 10 10 8 10 10 10 10 100 10 10 10 10 10 10 10 7 10 10 10 10 10 10 10 10 10 7 10 10 11 10 10 10 10 10 10 100 10 10 10 100 7 10 10 10 10 10 10 10 10 11 10 10 9 10 9 7 10 9 10 7 10 9 10 10 10 10 10 10 10 8 10 10 9 9 10 7 9 10 10 7 10 10 10 10 9 10 9 10 10 9 9 10 10 9 7 10 10 7 10 7 11 9 9 7 10 9 9 10 10 9 7 10 10 10 10 10 10 10 9 10 10 10 10 8 7 10 7 8 8 8 8 10 9 9 10 7 9 7 10 7 10 10 9 8 10 7 10 7 10 9 100 8 10 7 4 10 10 11 10 100 10 10 8 8 10 9 11 7 11 9 10 10 10 9 9 10 10 10 10 10 11 11 11 11 7 11 10 10 7 11 10 10 10 11 11 7 10 10 9 9 10 10 10 10 100 10 10 7 9 100 7 100 100 1 1 1 7 1 1 1 1 1 3 1 3 1 3 1 1 1 1 1 1 1 1 1 1 1 1 1 1 1 1 1 1 1 1 1 1 1 1 1 1 1 1 5 0 1 1 1 1 1 1 1 1 1 1 1 1 1 1 1 100 1 1 1 1 1 1 1 1 1 1 1 1 1 1 1 1 1 1 7 1 1 1 1 1 1 1 1 1 1 1 1 1 1 1 100 1 1 1 1 1 7 1 1 1 1 1 1 1 1 1 100 1 1 1 1 1 1 1 1 1 7 1 1 1 1 1 1 1 1 1 1 1 1 1 1 1 1 1 1 1 1 1 1 1 1 1 1 1 1 1 1 1 1 1 1 1 1 1 7 1 1 1 1 1 1 1 1 100 1 1 1 1 1 1 1 1 1 1 1 1 1 1 1 1 1 100 1 1 1 1 1 1 1 1 1 1 1 1 1 1 1 1 1 1 1 1 1 1 1 1 100 100 1 1 1 1 1 1 1 1 1 1 1 1 1 1 100 1 1 1 1 1 1 1 1 1 1 1 1 1 1 1 1 1 1 1 1 1 1 1 1 1 1 1 1 1 1 1 1 1 1 1 1 1 1 1 1 1 1 1 1 1 1 1 1 1 1 1 1 1 1 1 7 1 1 1 1 1 1 1 1 1 100 100 100 1 1 1 1 1 1 1 1 1 1 1 1 1 1 1 1 1 1 1 1 1 1 1 1 1 1 1 1 1 1 1 1 1 1 1 1 1 1 1 1 1 1 1 1 1 1 1 1 1 1 1 1 1 1 1 1 1 1 1 1 1 1 1 1 1 1 1 1 1 1 1 1 1 1 1 1 1 1 1 1 1 1 7 1 1 1 1 1 1 1 1 1 1 1 1 1 1 1 1 1 1 1 1 1 1 1 1 1 1 1 1 1 1 1 1 100 1 1 1 1 1 1 1 1 1 1 1 1 1 100 1 1 1 1 1 1 7 1 1 1 1 1 1 1 1 1 1 1 1 1 1 1 1 1 1 1 1 1 1 1 1 1 1 1 1 1 1 1 1 1 1 1 1 1 1 1 1 7 1 1 1 1 1 1 1 1 1 1 1 1 1 1 1 1 1 1 1 1 1 1 1 1 1 12 12 12 1 12 1 12 1 1 12 12 12 12 12 12 7 12 12 12 12 1 12 1 1 12 1 1 1 1 12 12 12 1 7 12 12 12 7 12 7 12 12 7 12 12 1 15 16 15 16 12 7 12 1 12 12 7 1 12 12 1 1 1 12 12 12 12 1 12 1 1 12 12 12 12 1 100 12 12 12 12 12 12 12 12 12 1 12 12 12 12 1 12 12 12 12 12 12 12 7 12 12 12 12 12 12 12 12 12 12 12 12 12 12 12 12 12 12 1 1 12 1 12 1 12 100 12 12 12 12 12 1 12 12 1 12 12 12 12 12 1 12 12 12 12 12 1 12 12 12 12 1 12 12 12 12 12 12 12 1 12 12 12 12 12 12 12 1 7 12 12 12 12 7 12 12 12 1 12 12 1 1 12 12 12 12 12 12 100 12 7 12 12 12 12 12 12 1 12 12 1 12 12 100 12 12 12 100 12 12 12 12 1 12 12 12 12 12 1 12 12 12 1 12 12 7 12 7 12 12 12 12 12 12 12 12 12 12 12 1 12 1 12 7 12 12 1 12 12 12 12 12 12 1 12 12 12 12 12 12 12 12 12 1 7 1 1 1 1 12 12 12 12 1 12 1 1 1 12 7 12 12 1 12 1 12 12 1 1 1 12 12 12 1 12 1 1 12 12 12 1 12 12 100 12 7 12 12 12 12 12 12 12 12 12 12 12 12 1 12 7 12 12 1 12 7 12 12 12 12 1 12 12 12 100 12 12 100 12 12 12 1 12 12 1 12 1 1 1 1 1 100 1 1 1 1 1 1 1 1 1 1 1 1 1 1 1 1 1 1 1 1 1 1 1 1 1 1 1 1 1 1 1 1 1 1 1 1 1 1 1 1 10 1 1 1 1 1 1 1 1 1 1 1 1 1 1 1 1 1 1 1 1 1 1 1 1 1 1 1 1 1 1 1 1 1 1 1 1 1 1 1 1 1 1 1 1 1 1 1 1 1 1 1 1 1 1 1 1 1 1 1 1 1 1 1 1 1 1 1 1 1 1 1 1 1 1 1 1 1 1 1 1 1 1 1 1 1 1 1 1 1 1 1 1 1 1 1 1 1 1 1 1 1 1 1 1 1 1 1 1 1 1 1 1 1 1 1 1 1 1 1 1 1 1 1 1 1 1 1 1 1 1 1 1 1 1 1 1 1 1 1 1 1 1 1 1 1 1 1 1 1 1 1 1 1 1 1 1 1 1 1 1 1 1 1 1 1 1 1 1 1 1 1 1 1 1 1 100 12 1 1 100 1 1 100 1 1
staticfield java/lang/Class EMPTY_CLASS_ARRAY [Ljava/lang/Class; 0 [Ljava/lang/Class;
staticfield java/lang/Class serialPersistentFields [Ljava/io/ObjectStreamField; 0 [Ljava/io/ObjectStreamField;
ciInstanceKlass java/lang/Long 1 1 478 7 100 7 7 10 9 9 10 10 10 10 10 10 10 10 5 0 5 0 100 10 10 10 10 10 10 10 10 10 10 10 10 10 10 10 10 10 10 10 10 7 5 0 5 0 9 9 5 0 7 8 10 8 10 8 8 10 5 0 10 5 0 10 10 10 7 11 100 10 11 10 8 10 8 100 10 10 8 8 11 10 10 10 5 0 5 0 9 10 8 8 10 8 8 8 8 8 8 10 10 10 10 9 10 10 10 100 100 10 10 10 10 10 10 10 5 0 5 0 5 0 10 5 0 5 0 10 10 10 8 10 9 7 100 7 1 1 1 1 1 1 5 0 1 1 1 1 1 1 1 3 1 3 1 5 0 1 1 1 1 1 1 1 1 1 1 1 1 1 100 1 1 1 1 1 1 1 1 1 1 1 1 1 1 1 1 1 1 1 1 1 1 1 1 1 1 1 1 1 1 1 1 1 1 1 1 1 1 1 1 1 1 1 1 1 1 1 1 1 1 1 1 1 1 1 1 1 1 1 1 1 1 1 1 1 1 1 1 1 1 1 1 1 1 1 1 1 1 1 1 1 1 1 1 1 1 1 1 1 1 1 1 1 1 1 1 1 1 1 1 1 1 1 1 100 1 1 1 1 1 1 1 1 1 1 1 1 1 1 1 1 1 1 1 1 1 1 1 1 1 1 1 1 1 1 1 1 1 1 1 1 1 1 1 1 1 1 12 12 12 100 12 12 100 12 12 12 12 12 1 12 12 12 12 12 12 100 12 12 12 12 12 12 7 12 12 12 12 12 12 12 1 12 12 1 1 12 1 12 1 1 12 12 12 12 7 12 1 1 12 1 12 1 1 12 12 1 1 12 12 12 12 12 12 1 1 12 1 1 1 1 1 1 12 12 12 12 12 12 100 12 1 1 12 12 12 12 12 12 12 12 12 12 1 7 12 12 1 1 1 1 1 1 1 1 1 1 1 1 1 1 1 1 1 1 1 1 1 1 1 1 1 1 1 1 1 1 1 1 1 1 1 1 1 1 1 1 1 1 1 1 1 1 1 1 1 1 1 1 1 1 1 1 1 1 1 1
staticfield java/lang/Long TYPE Ljava/lang/Class; java/lang/Class
ciInstanceKlass java/lang/Short 1 1 186 7 100 10 10 100 100 10 8 10 8 10 10 10 10 10 10 9 10 10 10 8 8 10 9 10 10 10 10 10 3 3 5 0 10 8 10 9 7 100 7 1 1 1 1 1 3 1 3 1 1 1 1 1 1 1 3 1 3 1 1 5 0 1 1 1 1 1 1 1 1 1 1 1 1 1 1 1 1 1 1 1 1 1 1 1 1 1 1 1 1 1 1 1 1 1 1 1 1 1 1 1 1 1 1 1 1 1 1 1 1 1 1 1 1 1 1 1 1 1 1 1 1 1 1 1 1 1 1 1 1 1 1 1 1 1 1 100 12 12 1 1 12 1 12 1 12 12 12 12 12 12 12 12 12 12 1 1 12 12 12 12 12 12 12 1 7 12 12 1 1 1 1 1 1 1 1 1 1 1 1 1 1 1 1 1
staticfield java/lang/Short TYPE Ljava/lang/Class; java/lang/Class
ciInstanceKlass java/lang/Byte 1 1 178 7 10 9 10 100 100 10 8 10 8 10 10 10 10 10 10 10 10 8 8 10 9 10 10 10 10 10 5 0 10 8 10 9 7 100 7 1 1 1 1 1 3 1 3 1 1 1 1 1 1 1 3 1 3 1 1 5 0 1 1 1 1 1 1 1 1 1 1 1 1 1 1 1 1 1 1 1 1 1 1 1 1 1 1 1 1 1 1 1 1 1 1 1 1 1 1 1 1 1 1 1 1 1 1 1 1 1 1 1 1 1 1 1 1 1 1 1 1 1 1 1 1 1 1 1 1 1 1 1 100 12 12 12 1 1 12 1 12 1 12 12 12 12 12 12 12 12 1 1 12 12 12 12 12 12 12 1 7 12 12 1 1 1 1 1 1 1 1 1 1 1 1 1 1 1 1 1
staticfield java/lang/Byte TYPE Ljava/lang/Class; java/lang/Class
ciInstanceKlass java/lang/Double 1 1 254 7 100 10 10 10 100 10 10 6 0 8 10 8 10 8 6 0 10 100 5 0 5 0 8 8 10 10 8 10 8 8 8 10 10 10 10 10 10 10 10 6 0 6 0 6 0 10 9 10 10 10 10 5 0 10 10 10 10 8 10 9 7 100 1 1 1 1 1 6 0 1 1 1 6 0 1 1 3 1 3 1 3 1 3 1 1 1 1 1 1 1 5 0 1 1 1 1 1 1 1 1 1 1 1 1 1 1 1 100 1 1 1 1 100 1 1 1 1 1 1 1 1 1 1 1 1 1 1 1 1 1 1 1 1 1 1 1 1 1 1 1 1 1 1 1 1 1 1 1 1 1 1 1 1 1 1 1 1 1 1 1 1 1 1 1 1 1 1 1 1 1 1 1 1 1 1 1 1 1 1 1 1 7 12 12 12 1 12 100 12 1 12 1 12 1 12 1 1 1 100 12 12 1 12 1 1 1 12 12 12 12 12 12 12 12 12 12 12 12 12 12 12 12 12 1 7 12 12 1 1 1 1 1 1 1 1 1 1 1 1 1 1 1 1 1 1 1 1 1 1 1 1 1
staticfield java/lang/Double TYPE Ljava/lang/Class; java/lang/Class
ciInstanceKlass java/lang/Float 1 1 192 7 100 10 10 4 100 10 10 8 8 10 10 10 10 4 4 4 10 9 10 10 10 10 10 10 3 10 10 10 10 8 10 9 7 100 1 1 1 1 1 4 1 1 1 4 1 1 3 1 3 1 3 1 3 1 1 1 1 1 1 1 5 0 1 1 1 1 1 1 1 1 1 1 1 1 1 100 1 1 1 1 1 1 1 1 1 1 1 1 1 1 1 1 1 1 1 1 1 1 1 1 1 1 1 1 1 1 1 1 1 1 1 1 1 1 1 1 1 1 1 1 1 1 1 1 1 1 1 1 1 1 1 1 1 1 1 1 1 1 1 1 1 1 1 1 7 12 100 12 1 12 12 1 1 100 12 12 12 12 12 12 12 12 12 12 12 12 12 12 12 1 7 12 12 1 1 1 1 1 1 1 1 1 1 1 1 1 1 1 1 1
staticfield java/lang/Float TYPE Ljava/lang/Class; java/lang/Class
ciInstanceKlass java/lang/Character 1 1 554 7 100 10 9 9 10 10 10 10 10 10 3 3 3 3 3 10 10 3 11 11 10 10 100 10 10 3 10 10 10 100 8 7 10 10 10 10 10 10 10 10 10 10 10 10 10 10 10 10 10 10 10 10 10 10 10 10 10 10 10 10 10 10 10 10 10 10 10 10 10 10 10 10 10 10 10 10 10 5 0 10 10 10 10 10 10 10 10 10 10 9 100 10 10 10 3 10 10 10 100 10 10 10 10 8 10 9 10 10 10 10 10 10 10 10 10 100 8 10 10 8 10 9 100 100 7 1 1 100 1 100 1 100 1 1 1 1 3 1 3 1 1 3 1 3 1 1 1 1 1 1 1 3 1 1 3 1 3 1 3 1 3 1 3 1 3 1 3 1 3 1 3 1 3 1 3 1 3 1 3 1 3 1 3 1 3 1 3 1 3 1 3 1 3 1 3 1 3 1 3 1 3 1 3 1 3 1 3 1 3 1 1 1 1 1 1 1 1 1 1 1 1 1 1 1 1 1 1 1 3 1 1 1 1 1 1 1 3 1 1 3 1 1 1 1 1 3 1 1 1 5 0 1 1 1 1 1 1 1 1 1 1 1 1 1 1 1 1 1 1 1 1 1 1 1 1 1 1 1 1 1 1 1 1 1 1 1 1 1 1 1 1 1 1 1 1 1 1 1 1 1 1 1 1 1 1 1 1 1 1 1 1 1 1 1 1 1 1 1 1 1 1 1 1 1 1 1 1 1 1 1 1 1 1 1 1 1 1 1 1 1 1 1 1 1 1 1 1 1 1 1 1 1 1 1 1 1 1 1 1 1 1 1 1 1 1 1 1 1 1 1 1 1 1 1 1 1 1 1 1 1 1 1 1 1 1 1 1 1 1 1 1 1 1 1 1 1 1 7 1 1 1 1 1 1 1 1 1 1 1 1 1 12 12 12 12 12 12 12 12 12 12 12 7 12 12 12 12 1 12 12 12 12 1 1 1 100 12 12 12 12 12 12 12 12 7 12 12 12 12 12 12 12 12 12 12 12 12 12 12 12 12 12 12 12 12 12 12 12 12 12 12 12 12 12 12 12 1 12 12 100 12 12 12 1 12 12 12 1 12 100 12 12 12 12 12 12 12 1 1 12 7 12 1 12 12 1 1 1 1 1 1 1 1 1 1 1 1 1 1 1 1 1 1 1 1 1 1 1 1 1 1 1 1 1 1 1 1 1 1 1 1 1 1 1 1 1 1 1 1 1 1 1
staticfield java/lang/Character TYPE Ljava/lang/Class; java/lang/Class
staticfield java/lang/Character $assertionsDisabled Z 1
ciInstanceKlass java/lang/Boolean 1 1 128 10 9 10 10 8 10 9 9 8 10 7 10 10 100 100 10 10 8 10 9 7 100 100 1 1 1 1 1 1 1 1 1 1 1 1 5 0 1 1 1 1 1 1 1 1 1 1 1 1 1 1 1 1 1 1 1 1 1 1 1 1 1 1 7 1 1 1 1 1 1 1 1 1 1 1 100 1 1 1 1 1 1 1 1 1 1 1 1 1 1 1 1 1 12 12 12 12 1 12 12 12 1 12 1 12 7 12 1 1 12 12 1 7 12 12 1 1 1 1 1 1 1 1 1 1 1 1
staticfield java/lang/Boolean TRUE Ljava/lang/Boolean; java/lang/Boolean
staticfield java/lang/Boolean FALSE Ljava/lang/Boolean; java/lang/Boolean
staticfield java/lang/Boolean TYPE Ljava/lang/Class; java/lang/Class
ciInstanceKlass java/lang/LiveStackFrameInfo 0 0 97 10 9 9 9 9 9 100 10 10 8 10 100 8 8 8 10 100 10 100 10 100 100 100 1 1 1 1 1 1 1 1 3 1 3 1 1 1 1 1 1 1 1 1 1 1 1 1 1 1 1 1 1 1 1 1 1 1 100 1 1 1 1 1 1 1 1 1 1 12 12 12 12 12 12 1 12 12 1 12 1 1 1 1 1 12 1 12 1 1 1 1 1 1 1 1 1
instanceKlass java/lang/LiveStackFrameInfo
ciInstanceKlass java/lang/StackFrameInfo 0 0 140 10 9 9 100 9 9 9 11 9 11 10 10 10 11 11 11 10 10 10 10 11 10 9 10 100 8 10 10 100 100 1 1 1 3 1 1 1 1 1 1 1 1 1 1 1 1 1 1 1 1 1 1 1 100 1 1 1 1 1 1 1 1 1 1 1 1 1 1 1 1 1 1 1 1 1 100 100 1 1 1 1 1 12 12 12 1 12 12 12 100 12 12 12 12 100 12 12 12 12 12 12 12 12 12 12 12 12 12 1 1 12 100 12 1 1 1 1 1 1 1 1 1 1 1 1 1 1 1 1 1 1 1 1 1 1 1 1 1 1
ciInstanceKlass java/lang/StackWalker 0 0 235 9 10 100 10 10 11 10 10 100 10 100 8 10 10 10 10 9 9 9 9 10 9 10 11 100 8 10 10 9 10 10 10 18 100 8 10 10 10 9 11 10 100 100 1 1 1 100 1 1 1 1 1 1 1 1 1 1 1 1 1 1 1 1 1 1 1 1 1 1 1 1 1 1 1 1 1 1 1 1 1 1 1 1 1 1 1 1 1 1 1 100 1 1 1 1 1 1 1 1 1 1 1 1 1 1 1 1 1 1 1 1 1 1 1 1 1 1 1 1 1 1 1 1 1 1 1 1 1 1 12 100 12 1 100 12 12 100 12 12 12 1 12 1 1 12 12 12 12 12 12 12 12 12 12 100 12 12 1 1 12 12 12 100 12 100 12 1 15 16 15 16 12 1 1 12 100 12 12 100 12 12 1 1 1 1 1 1 1 1 1 1 1 1 1 1 1 1 1 1 1 1 1 1 1 1 1 1 1 1 10 10 1 1 1 1 1 1 1 1 1 1 1 1 100 12 12 1 1 100 1 1 100 1 1
ciInstanceKlass java/security/CodeSource 1 1 402 10 9 9 9 9 10 9 10 100 10 100 10 7 10 10 10 100 10 10 10 10 10 100 10 10 10 10 10 10 10 10 10 10 10 10 10 8 10 10 10 10 8 10 10 100 10 10 8 10 10 10 8 8 9 100 8 10 10 8 10 8 8 8 10 10 10 10 10 10 100 100 10 10 10 10 10 100 10 10 8 10 10 10 100 10 100 100 8 8 10 10 10 100 10 10 11 10 10 11 10 10 8 100 10 10 100 10 11 11 7 100 1 1 1 5 0 1 1 1 1 1 1 1 1 1 1 1 1 1 1 1 1 1 1 1 1 1 100 1 1 1 1 1 1 1 1 1 1 1 1 1 1 1 1 1 1 1 1 1 1 1 1 1 1 1 1 1 1 1 1 1 1 1 1 1 1 1 1 1 100 1 1 1 1 1 1 1 1 1 1 1 1 1 100 1 1 1 1 1 1 1 1 1 1 1 1 1 1 1 1 1 1 100 100 100 1 1 1 1 1 1 1 1 1 12 12 12 12 12 7 12 12 100 12 100 12 1 12 12 100 1 12 100 12 12 12 1 12 100 100 12 100 12 12 12 12 12 12 1 12 12 12 12 1 12 1 12 1 12 12 12 1 1 12 1 1 12 12 1 12 1 1 1 12 12 12 12 12 12 1 1 12 12 12 12 12 1 12 1 12 12 12 1 12 1 1 1 1 12 100 12 1 12 12 12 12 12 100 1 1 12 12 1 12 12 1 1 1 1 1 1 1 1 1 1 1 1 1 1 1 1 1 1 1 1 1 1 1 1 1 1 1 1 1 1 1 1 1 1 1 1 1 1 1 1 1 1 1 1 1 1 1 1 1 1 1 1 1 1 1 1 1 1 1 1 1 1 1 1 1 1 1 1 1 1 1 1 1 1 1 1
ciInstanceKlass jdk/internal/loader/ClassLoaders$PlatformClassLoader 1 1 57 8 10 9 11 10 100 10 100 7 1 100 1 1 1 1 1 1 1 1 1 1 1 1 1 1 1 1 1 1 1 1 1 1 1 100 1 12 12 100 12 7 12 1 12 1 1 1 1 1 1 1 1 1 1 1 1
ciInstanceKlass jdk/internal/loader/ClassLoaders$AppClassLoader 1 1 134 8 10 9 10 10 10 10 10 10 7 8 10 10 10 9 11 10 10 100 10 7 7 1 1 1 100 1 1 1 1 1 1 1 1 1 1 1 1 1 1 1 1 1 1 1 1 1 1 100 1 100 1 1 1 1 1 1 1 1 1 1 1 1 1 1 1 1 1 1 1 1 1 1 1 1 1 1 1 100 1 12 12 7 12 100 12 12 12 12 12 1 1 12 7 12 7 12 12 100 12 12 7 12 1 12 1 1 1 1 1 1 1 1 1 1 1 1 1 1 1 1 1 1 1 1 1 1 1 1 1 1 1 1
ciInstanceKlass jdk/internal/loader/ClassLoaders 1 1 143 10 9 9 9 7 11 100 11 11 10 10 100 100 10 9 8 10 7 10 7 10 10 7 10 8 10 8 8 7 10 7 100 1 1 1 1 1 1 1 1 1 1 1 1 1 1 1 1 1 1 1 1 1 1 1 1 1 1 1 1 1 1 1 100 1 1 1 1 1 1 1 1 1 1 1 1 12 12 12 12 1 100 12 1 12 12 100 12 100 12 1 1 7 12 12 1 7 12 1 12 1 12 12 1 12 1 7 12 1 1 1 12 1 1 1 1 1 1 1 1 1 1 1 1 1 1 1 1 1 1 1 1 1 1 1 1 1 1 1 1 1 1
staticfield jdk/internal/loader/ClassLoaders JLA Ljdk/internal/misc/JavaLangAccess; java/lang/System$2
staticfield jdk/internal/loader/ClassLoaders BOOT_LOADER Ljdk/internal/loader/ClassLoaders$BootClassLoader; jdk/internal/loader/ClassLoaders$BootClassLoader
staticfield jdk/internal/loader/ClassLoaders PLATFORM_LOADER Ljdk/internal/loader/ClassLoaders$PlatformClassLoader; jdk/internal/loader/ClassLoaders$PlatformClassLoader
staticfield jdk/internal/loader/ClassLoaders APP_LOADER Ljdk/internal/loader/ClassLoaders$AppClassLoader; jdk/internal/loader/ClassLoaders$AppClassLoader
ciInstanceKlass java/util/jar/Manifest 1 1 299 10 7 10 9 7 10 9 9 10 10 10 10 10 11 11 10 10 100 100 10 8 10 10 10 10 11 100 10 10 11 11 11 11 100 100 8 10 11 7 8 10 10 10 10 8 10 10 11 10 10 10 8 10 7 10 10 10 100 8 10 10 8 10 10 10 10 11 10 10 10 100 7 10 11 10 11 10 7 100 1 1 1 1 1 1 1 1 1 1 1 1 1 1 1 1 1 1 1 1 1 1 1 1 1 1 1 1 1 1 1 1 1 1 1 1 1 1 1 1 1 1 1 1 1 1 1 1 1 1 1 1 1 100 100 1 1 1 1 1 1 1 1 1 1 1 1 1 1 1 1 1 1 1 1 100 100 1 1 1 1 1 1 1 1 1 1 1 1 1 1 1 1 12 1 12 1 12 12 12 12 12 12 12 7 12 12 100 12 1 1 1 12 12 12 12 1 12 12 12 100 12 12 12 1 1 1 12 1 1 12 12 12 12 1 12 12 12 12 12 1 12 1 12 12 12 1 1 12 1 12 100 12 12 12 12 12 7 12 12 1 1 12 12 12 1 1 1 1 1 1 1 1 1 1 1 1 1 1 1 1 1 1 1 1 1 1 1 1 1 1 1 1 1 1 1 1 1 1 1 1 1 1 1 1 1 1 1 1 1 1 1 1 1 1 1 1 1 1
ciInstanceKlass java/net/URL 1 1 704 10 10 10 9 9 10 10 10 9 10 8 10 100 10 10 8 10 9 7 8 10 10 8 9 10 9 10 10 9 9 8 9 10 8 9 10 10 10 10 8 10 10 10 8 9 8 10 10 7 10 10 10 100 8 10 10 8 10 10 10 10 10 10 8 10 7 10 10 10 9 10 9 10 10 10 10 10 10 7 10 10 10 8 9 10 10 9 10 100 10 10 10 10 10 10 10 10 10 10 10 9 9 100 8 10 10 9 10 8 10 8 10 10 8 8 10 100 10 10 10 7 7 10 9 10 8 10 7 10 10 8 8 9 10 10 10 10 10 11 10 10 9 10 10 10 8 10 7 100 10 8 8 10 8 8 8 100 10 9 10 10 10 10 10 10 10 10 10 10 10 10 10 10 10 100 8 10 10 10 8 7 10 7 10 7 10 7 7 10 9 9 7 10 10 100 1 1 1 1 1 1 1 5 0 1 1 1 1 1 1 1 1 1 1 1 1 1 1 1 1 1 1 1 1 1 1 1 1 1 1 1 1 1 1 1 1 1 1 1 1 1 1 1 1 1 1 1 1 1 1 1 1 1 1 1 1 1 1 1 1 1 1 1 1 1 1 1 1 1 1 1 1 1 1 1 1 1 1 1 1 1 1 100 1 1 1 1 1 1 1 1 1 1 1 1 1 1 1 1 1 1 1 1 1 1 1 1 100 1 1 1 1 1 1 1 1 100 100 1 1 1 1 1 1 1 1 1 1 1 1 1 1 7 1 1 1 1 1 1 1 1 1 1 1 1 1 1 100 100 1 1 1 1 1 1 1 1 1 1 1 1 1 1 1 1 1 100 1 1 100 1 1 100 1 1 1 1 1 1 1 1 1 1 1 1 1 1 1 1 1 1 1 1 1 12 12 12 12 12 100 12 12 12 12 12 1 12 1 12 1 12 12 1 1 12 12 1 12 12 12 12 12 12 12 1 12 12 1 12 12 12 12 12 1 12 12 12 1 12 1 12 12 1 12 12 12 1 1 12 1 12 12 12 12 12 12 1 12 1 7 12 12 100 12 12 12 12 12 12 12 12 12 1 12 1 12 100 12 12 100 12 12 1 12 12 12 12 100 12 12 12 100 12 12 12 12 12 1 1 12 12 12 1 7 12 1 12 12 1 1 12 1 100 12 12 12 1 1 12 12 1 12 1 7 12 1 7 12 12 12 12 12 7 12 12 12 12 12 12 100 12 12 12 1 1 12 1 12 12 12 12 12 12 12 12 12 12 12 12 12 12 1 1 12 1 1 1 1 1 1 12 7 12 12 1 7 12 1 1 1 1 1 1 1 1 1 1 1 1 1 1 1 1 1 1 1 1 1 1 1 1 1 1 1 1 1 1 1 1 1 1 1 1 1 1 1 1 1 1 1 1 1 1 1 1 1 1 1 1 1 1 1 1 1 1 1 1 1 1 1 1 1 1 1 1 1 1 1 1 1 1 1 1 1 1 1 1 1 1 1 1 1 1 1 1 1 1 1 1 1 1 1 1 1 1 1 1 1 1 1 1 1 1 1 1 1 1 1 1 1 1 1 1 1 1 1 1 1 1 1 1 1 1
staticfield java/net/URL defaultFactory Ljava/net/URLStreamHandlerFactory; java/net/URL$DefaultFactory
staticfield java/net/URL streamHandlerLock Ljava/lang/Object; java/lang/Object
staticfield java/net/URL serialPersistentFields [Ljava/io/ObjectStreamField; 7 [Ljava/io/ObjectStreamField;
instanceKlass sun/security/util/DerInputBuffer
ciInstanceKlass java/io/ByteArrayInputStream 1 1 96 10 9 9 9 9 10 10 10 10 10 10 7 7 1 1 1 1 1 1 1 1 1 1 1 1 1 1 1 1 1 1 1 1 1 1 1 1 1 1 1 1 1 1 1 1 1 1 100 1 1 1 1 1 1 1 1 1 1 1 1 1 1 12 12 12 12 12 7 12 7 12 7 12 7 12 12 100 12 1 1 1 1 1 1 1 1 1 1 1 1 1 1 1 1 1
ciMethod java/io/ByteArrayInputStream read ([BII)I 2049 1 9413 0 0
ciInstanceKlass jdk/internal/module/Modules 1 1 483 10 9 11 11 11 11 11 11 11 11 10 10 18 10 7 10 10 10 10 11 10 10 10 10 9 10 10 10 100 100 11 10 11 10 10 10 10 10 11 18 11 10 11 100 11 11 11 10 10 18 11 18 11 10 18 18 10 9 11 100 10 11 11 100 11 10 100 10 10 10 11 10 100 10 18 10 100 8 10 10 18 11 11 10 10 10 18 10 10 7 10 10 100 1 1 1 1 1 1 1 1 1 1 1 1 1 1 1 1 1 1 1 1 1 1 1 1 1 1 1 1 1 1 1 1 1 1 1 1 1 1 1 1 1 1 1 1 1 1 1 1 1 1 1 1 1 1 1 1 7 100 100 1 1 1 1 1 1 1 1 1 1 1 1 1 1 1 1 1 1 1 1 1 1 1 1 1 1 1 1 1 1 1 100 100 100 100 100 100 100 100 1 1 1 1 1 1 100 1 1 1 1 1 1 1 1 1 1 100 1 1 1 1 1 1 1 1 1 12 12 7 12 12 12 12 12 12 12 12 12 100 12 1 15 16 15 16 12 100 12 1 7 12 7 12 12 12 12 12 12 12 12 12 100 12 1 1 12 100 12 12 12 12 100 12 12 12 12 16 15 16 12 12 100 12 100 12 1 12 12 12 12 100 12 16 15 16 12 12 16 15 16 12 12 12 15 16 15 16 12 12 12 1 12 12 1 12 1 12 12 12 12 12 1 15 16 12 12 1 1 12 12 15 16 12 12 12 15 12 1 12 7 12 1 1 1 1 1 1 1 1 1 1 1 1 1 1 1 1 1 1 1 1 10 1 10 1 1 1 1 1 1 1 1 1 1 1 1 1 1 1 1 1 1 1 1 1 1 1 1 1 1 1 1 1 1 1 1 1 1 1 1 1 1 1 10 1 1 1 1 1 1 1 1 1 1 1 1 1 1 1 1 1 1 1 1 10 1 1 1 1 1 1 10 1 1 1 1 1 1 10 1 10 1 1 1 1 1 1 1 1 1 1 1 1 1 10 1 1 1 1 1 10 1 1 10 1 1 1 1 1 100 12 12 12 12 12 12 12 12 12 1 1 100 1 1 1 1 1 100 1 1
staticfield jdk/internal/module/Modules JLA Ljdk/internal/misc/JavaLangAccess; java/lang/System$2
staticfield jdk/internal/module/Modules $assertionsDisabled Z 1
ciInstanceKlass jdk/internal/misc/Unsafe 1 1 1161 10 9 9 10 10 10 10 10 10 10 10 10 10 10 10 10 10 10 10 10 100 10 10 10 5 0 10 10 10 10 10 10 10 10 10 100 10 10 10 10 10 10 10 10 10 10 10 10 10 10 5 0 5 0 5 0 10 10 10 100 10 10 10 10 10 10 10 10 10 100 10 10 10 10 8 10 8 8 10 9 9 9 9 9 9 9 9 10 10 10 10 5 0 5 0 9 10 10 10 10 10 8 3 10 10 10 10 10 10 10 10 10 10 10 10 10 10 10 10 10 10 10 10 10 10 10 10 10 10 10 10 10 10 10 10 10 10 10 10 10 10 10 10 10 10 10 10 10 10 10 10 10 10 10 10 10 10 10 10 10 10 10 10 10 10 10 10 10 10 10 10 10 10 10 10 10 10 10 10 10 10 10 10 10 10 10 10 10 10 10 10 10 10 10 10 10 10 10 10 100 10 9 5 0 10 5 0 10 5 0 10 10 10 10 10 10 10 10 10 10 10 10 10 10 10 10 10 10 10 10 10 10 10 10 10 10 10 10 10 10 10 5 0 5 0 5 0 10 10 10 10 10 7 10 7 10 9 7 9 7 9 7 9 7 9 7 9 7 9 7 9 7 9 10 9 9 9 9 9 9 9 9 9 10 10 10 7 1 1 1 1 1 3 1 1 1 1 1 1 1 1 1 1 1 1 1 1 1 1 1 1 1 1 1 1 1 1 1 1 1 1 1 1 1 1 1 1 1 1 1 1 1 1 1 1 1 1 1 1 1 1 1 1 1 1 1 1 1 1 1 1 1 1 1 1 1 1 1 1 1 1 1 1 1 1 1 1 1 1 1 1 1 1 1 1 1 1 1 1 1 1 1 1 1 1 1 1 1 1 1 1 1 1 1 1 1 1 1 1 1 1 1 1 1 1 1 1 1 1 1 1 1 7 1 1 1 1 1 1 1 1 1 1 1 1 1 1 1 1 1 1 1 1 1 1 1 1 1 1 1 1 1 1 1 1 1 1 1 1 1 1 1 1 1 1 1 1 1 1 1 1 1 1 1 1 1 1 1 1 1 1 1 1 1 1 1 1 1 1 1 1 1 1 1 1 1 1 1 1 7 1 1 1 1 1 1 1 1 1 1 1 1 1 1 1 1 1 1 1 1 1 1 1 1 1 1 1 1 1 1 1 1 1 1 1 1 1 1 1 1 1 1 1 1 1 1 1 1 1 1 1 1 1 1 1 1 1 1 1 1 1 1 1 1 1 1 1 1 1 1 1 1 1 1 1 1 1 1 1 1 1 1 1 1 1 1 1 1 1 1 1 1 1 1 1 1 1 1 1 1 1 1 1 1 1 1 1 1 1 1 1 1 1 1 1 1 1 1 1 1 1 1 1 1 1 1 1 1 1 1 1 1 1 1 1 1 1 1 1 1 1 1 1 1 1 1 1 1 1 1 1 1 1 1 1 1 1 1 1 1 1 1 1 1 1 1 1 1 1 1 1 1 1 1 1 1 1 1 1 1 1 1 1 1 1 1 1 1 1 1 1 1 1 1 1 1 1 1 1 1 1 1 1 1 1 1 1 1 1 1 1 1 1 1 1 1 1 1 1 1 1 1 1 1 1 1 1 1 1 1 1 1 1 1 1 1 1 1 1 1 1 1 1 1 1 1 1 1 1 1 1 1 1 1 1 1 1 1 1 1 1 1 1 1 1 1 1 1 1 1 1 1 1 1 1 1 1 1 1 1 1 1 1 1 1 1 1 1 1 1 1 1 1 1 1 1 1 1 1 1 1 1 1 1 1 1 1 1 1 1 1 1 1 1 1 1 1 1 1 1 1 1 1 1 1 1 1 1 1 1 1 1 1 1 1 1 1 1 1 1 1 1 1 1 1 1 1 1 1 1 1 1 1 1 1 1 1 1 1 1 1 1 1 1 1 1 1 1 1 1 1 1 1 1 1 1 1 1 1 1 1 1 1 1 1 1 1 1 1 12 12 12 12 7 12 12 12 12 12 12 12 12 12 12 12 12 12 12 12 12 1 12 12 12 12 12 12 12 12 12 12 12 1 12 12 12 12 12 12 12 12 12 12 12 12 12 12 12 12 1 12 12 12 12 12 12 12 12 1 12 12 12 1 12 1 1 12 7 12 100 7 7 100 100 100 12 12 12 12 12 12 12 12 12 12 1 12 12 12 12 12 12 12 12 12 12 12 12 12 12 12 12 12 12 12 12 12 12 12 12 12 12 12 12 12 12 12 12 12 12 12 12 12 12 12 12 12 12 12 12 12 12 12 12 12 12 12 12 12 12 12 12 12 12 12 12 12 12 12 12 12 12 12 12 12 12 12 12 12 12 12 12 12 12 12 12 12 12 12 12 12 12 12 12 12 12 12 12 12 12 12 12 1 12 12 12 12 12 12 12 12 12 12 12 12 12 12 12 12 12 12 12 12 12 12 12 12 12 12 12 12 12 12 12 12 12 12 12 12 12 12 1 1 12 12 12 1 12 1 12 1 12 1 12 1 12 12 12 12 12 12 12 12 12 12 12 12 12 12 12 12 1 1 1 1 1 1 1 1 1 1 1 1 1 1 1 1 1 1 1 1 1 1 1 1 1 1 1 1 1
staticfield jdk/internal/misc/Unsafe theUnsafe Ljdk/internal/misc/Unsafe; jdk/internal/misc/Unsafe
staticfield jdk/internal/misc/Unsafe ARRAY_BOOLEAN_BASE_OFFSET I 16
staticfield jdk/internal/misc/Unsafe ARRAY_BYTE_BASE_OFFSET I 16
staticfield jdk/internal/misc/Unsafe ARRAY_SHORT_BASE_OFFSET I 16
staticfield jdk/internal/misc/Unsafe ARRAY_CHAR_BASE_OFFSET I 16
staticfield jdk/internal/misc/Unsafe ARRAY_INT_BASE_OFFSET I 16
staticfield jdk/internal/misc/Unsafe ARRAY_LONG_BASE_OFFSET I 16
staticfield jdk/internal/misc/Unsafe ARRAY_FLOAT_BASE_OFFSET I 16
staticfield jdk/internal/misc/Unsafe ARRAY_DOUBLE_BASE_OFFSET I 16
staticfield jdk/internal/misc/Unsafe ARRAY_OBJECT_BASE_OFFSET I 16
staticfield jdk/internal/misc/Unsafe ARRAY_BOOLEAN_INDEX_SCALE I 1
staticfield jdk/internal/misc/Unsafe ARRAY_BYTE_INDEX_SCALE I 1
staticfield jdk/internal/misc/Unsafe ARRAY_SHORT_INDEX_SCALE I 2
staticfield jdk/internal/misc/Unsafe ARRAY_CHAR_INDEX_SCALE I 2
staticfield jdk/internal/misc/Unsafe ARRAY_INT_INDEX_SCALE I 4
staticfield jdk/internal/misc/Unsafe ARRAY_LONG_INDEX_SCALE I 8
staticfield jdk/internal/misc/Unsafe ARRAY_FLOAT_INDEX_SCALE I 4
staticfield jdk/internal/misc/Unsafe ARRAY_DOUBLE_INDEX_SCALE I 8
staticfield jdk/internal/misc/Unsafe ARRAY_OBJECT_INDEX_SCALE I 4
staticfield jdk/internal/misc/Unsafe ADDRESS_SIZE I 8
staticfield jdk/internal/misc/Unsafe BE Z 0
staticfield jdk/internal/misc/Unsafe unalignedAccess Z 1
ciMethod jdk/internal/misc/Unsafe compareAndSetObject (Ljava/lang/Object;JLjava/lang/Object;Ljava/lang/Object;)Z 2049 1 256 0 -1
ciInstanceKlass java/lang/StringBuilder 1 1 403 10 10 10 11 10 10 10 10 10 10 10 10 10 10 10 10 10 10 10 10 10 10 10 10 10 10 10 10 10 10 10 10 10 10 10 10 10 10 10 10 10 10 9 9 10 10 10 10 10 10 10 10 10 10 10 100 10 10 10 10 10 10 10 10 10 10 10 10 10 10 10 10 10 10 10 10 10 10 10 10 10 10 10 10 10 10 10 10 10 10 10 10 10 10 10 10 10 10 10 10 10 10 7 10 7 100 100 100 1 1 1 5 0 1 1 1 1 1 1 1 1 1 1 1 1 1 1 1 1 1 1 1 1 1 1 1 1 1 1 1 1 1 1 1 1 1 1 1 1 1 1 1 1 1 1 1 1 1 1 1 1 1 1 1 1 1 1 1 1 1 1 1 1 1 1 1 1 1 1 1 1 1 1 1 1 1 1 1 1 1 1 1 1 1 1 1 1 1 1 1 7 1 1 1 1 1 100 1 1 1 100 1 1 1 1 1 1 1 1 1 1 1 1 1 1 1 1 1 1 1 1 1 1 1 1 1 1 1 1 1 1 1 1 1 1 1 1 1 1 1 1 1 1 1 1 1 1 1 1 1 1 1 1 1 1 1 1 1 1 1 1 12 12 12 12 12 12 12 12 12 12 12 12 12 12 12 12 12 12 12 12 12 12 12 12 12 12 12 12 12 12 12 12 12 12 12 12 12 12 12 12 12 12 7 12 7 100 12 12 12 12 12 100 12 12 12 12 12 12 12 12 12 12 12 12 12 12 12 12 12 12 12 12 12 12 12 12 12 12 12 12 12 12 12 12 12 12 12 12 12 12 12 12 12 12 12 12 12 12 12 1 12 1 1 1 1 1 1 1 1 1 1 1 1 1 1 1 1 1 1 1 1 1 1 1 1 1 1 1 1 1 1
instanceKlass java/lang/StringBuilder
instanceKlass java/lang/StringBuffer
ciInstanceKlass java/lang/AbstractStringBuilder 1 1 522 7 7 10 9 9 9 9 10 9 10 10 10 10 10 10 10 10 7 3 10 3 100 10 10 100 10 10 10 10 10 10 10 100 10 10 10 10 10 10 10 10 10 10 10 10 10 10 10 10 10 10 10 11 10 10 8 10 10 10 10 10 10 10 10 10 10 10 10 10 10 10 10 10 10 10 10 10 10 10 10 10 10 10 10 10 10 10 10 10 10 10 18 100 10 18 10 10 10 11 10 10 10 100 10 8 10 10 8 8 10 10 10 10 100 10 100 10 100 10 7 100 7 1 1 1 1 1 1 1 1 1 1 1 1 1 1 1 1 1 1 1 1 1 1 1 1 1 1 100 1 1 1 1 1 1 1 1 1 1 1 1 1 1 1 1 1 1 1 1 1 1 1 1 1 1 1 1 1 1 1 1 1 1 1 1 1 1 1 1 1 1 1 1 1 1 1 1 1 1 1 1 1 1 1 1 1 1 1 1 1 1 1 1 1 1 1 1 1 1 1 1 1 1 1 1 1 1 1 1 1 1 1 1 1 1 1 1 1 1 1 1 1 1 1 1 1 1 1 1 1 1 1 1 1 1 1 1 1 1 1 1 1 1 1 1 1 1 1 1 1 1 1 1 1 1 1 1 1 1 1 1 1 1 1 1 1 1 1 1 1 100 1 1 1 1 1 1 100 1 1 1 100 1 1 1 1 1 1 1 1 1 12 12 12 12 12 7 12 12 12 7 12 12 12 12 12 7 12 1 12 1 12 1 12 12 12 12 12 12 1 12 100 12 12 12 12 12 12 12 12 12 12 12 12 12 12 12 12 12 1 12 12 12 12 12 12 7 12 12 12 7 12 12 12 12 12 12 12 12 12 7 12 12 12 12 12 12 12 12 12 12 12 12 12 12 12 12 1 15 16 15 16 12 1 100 12 15 12 12 12 12 12 12 1 1 12 12 1 1 12 12 12 1 1 12 1 1 1 1 1 1 1 1 1 1 1 1 1 1 1 1 1 1 1 1 1 1 1 1 1 1 1 1 1 1 1 1 1 1 1 1 1 1 1 1 1 1 1 1 1 1 1 1 1 1 1 1 1 1 1 1 1 1 1 1 1 1 1 1 1 10 1 10 1 1 1 1 1 10 1 1 1 1 1 1 1 1 1 1 100 12 12 12 1 1 100 1 1 100 1 1
staticfield java/lang/AbstractStringBuilder EMPTYVALUE [B 0
ciInstanceKlass java/lang/StringBuffer 1 1 466 10 10 10 11 10 10 10 9 10 10 10 9 10 10 10 10 10 10 10 10 10 10 10 10 10 10 10 10 10 10 10 10 10 10 10 10 10 10 10 10 10 10 10 10 10 10 10 10 10 10 10 10 10 10 10 10 10 9 10 10 7 10 10 10 10 10 8 10 8 10 8 10 10 10 10 7 10 10 10 10 10 10 10 10 10 10 10 10 10 10 10 10 10 10 10 10 10 10 10 10 10 10 10 10 10 10 10 10 10 10 7 10 7 10 9 9 9 7 100 100 100 1 1 1 1 1 5 0 1 1 1 1 1 1 1 1 1 1 1 1 1 1 1 1 1 1 1 1 1 1 1 1 1 1 1 1 1 1 1 1 1 1 1 1 1 1 1 1 1 1 1 1 1 1 1 1 1 1 1 1 1 1 1 1 1 1 1 1 1 1 1 1 1 1 1 1 1 1 1 1 1 1 1 1 1 1 1 1 1 1 1 1 1 1 1 1 1 1 1 1 1 1 1 1 1 1 1 1 1 1 1 1 1 1 1 1 1 1 1 1 1 1 1 1 1 1 1 1 1 1 1 1 1 1 100 1 1 1 1 1 100 1 1 1 100 1 1 100 1 1 1 1 1 1 1 1 1 1 1 1 1 1 1 1 1 1 1 1 1 1 1 1 1 1 1 1 1 1 1 1 1 1 1 1 1 1 1 1 1 1 1 1 1 12 12 12 12 12 12 12 12 12 12 12 12 12 12 12 12 12 12 12 12 12 12 12 12 12 12 12 12 12 12 12 12 12 12 12 12 12 12 12 12 12 12 12 12 12 12 12 12 12 12 12 12 12 12 7 12 7 1 12 100 12 12 1 12 1 12 1 12 12 100 12 12 12 12 12 12 12 12 12 12 12 12 12 12 12 12 12 12 12 12 12 12 12 12 12 12 12 12 12 12 12 12 12 12 12 12 1 12 1 12 7 12 7 12 1 1 1 1 1 1 1 1 1 1 1 1 1 1 1 1 1 1 1 1 1 1 1 1 1 1 1 1 1 1 1 1 1 1 1 1 1 1
staticfield java/lang/StringBuffer serialPersistentFields [Ljava/io/ObjectStreamField; 3 [Ljava/io/ObjectStreamField;
ciInstanceKlass java/lang/AssertionStatusDirectives 0 0 24 10 100 100 1 1 1 1 1 1 1 1 1 1 1 1 1 1 1 1 1 12 1 1
ciInstanceKlass java/lang/invoke/VolatileCallSite 0 0 41 10 10 10 10 10 10 100 100 1 1 1 1 1 1 1 1 1 1 1 1 1 1 1 1 1 1 1 12 12 12 12 12 12 1 1 1 1 1 1 1
instanceKlass java/lang/invoke/VolatileCallSite
instanceKlass java/lang/invoke/MutableCallSite
instanceKlass java/lang/invoke/ConstantCallSite
ciInstanceKlass java/lang/invoke/CallSite 1 1 299 10 10 9 10 9 10 10 100 7 10 7 10 10 10 100 100 10 10 10 8 10 10 10 10 10 10 10 10 9 9 7 8 10 10 100 10 9 8 7 10 10 100 8 10 10 10 7 10 10 10 10 10 9 9 8 10 9 100 10 10 10 10 10 10 100 8 10 10 100 100 100 8 10 10 1 1 1 7 1 1 1 1 1 1 1 1 1 1 1 1 1 1 1 1 1 1 1 1 1 1 1 1 1 1 1 1 1 1 1 1 1 1 1 1 1 1 1 7 1 1 1 1 1 1 1 1 1 1 1 1 1 1 1 1 1 1 1 1 1 1 1 1 1 1 1 1 1 1 1 1 1 1 1 1 1 1 1 100 7 1 1 1 1 1 1 12 12 12 12 12 12 12 1 1 12 1 12 12 12 1 1 12 12 1 12 12 12 12 12 100 12 12 12 7 12 1 12 12 1 100 12 12 12 12 1 1 12 12 1 12 12 12 12 12 12 12 100 12 12 1 7 12 12 12 12 7 12 1 1 12 1 1 1 1 12 12 1 1 1 1 1 1 1 1 1 1 1 1 1 1 1 1 1 1 1 1 1 1 1 1 1 1 1 1 1 1 1 1 1 1 1 1 1 1 1 1 1 1 1 1 1 1 1 1 1 1 1 1 1 1 1 1 1 1 1 1 1 1
staticfield java/lang/invoke/CallSite $assertionsDisabled Z 1
ciInstanceKlass java/lang/invoke/MutableCallSite 1 1 67 10 10 9 10 10 10 9 10 10 7 10 7 7 1 1 1 1 1 1 1 1 1 1 1 1 1 1 1 1 1 1 1 1 1 1 1 1 1 100 1 1 1 1 12 12 12 12 12 12 12 12 100 12 1 12 1 1 1 1 1 1 1 1 1 1 1
staticfield java/lang/invoke/MutableCallSite STORE_BARRIER Ljava/util/concurrent/atomic/AtomicInteger; java/util/concurrent/atomic/AtomicInteger
ciInstanceKlass java/lang/invoke/ConstantCallSite 1 1 49 10 9 10 100 10 9 100 10 10 7 7 1 1 1 1 1 1 1 1 1 1 1 1 1 1 1 1 100 1 1 1 1 1 1 1 1 12 12 12 1 12 12 1 12 1 1 1 1
ciInstanceKlass java/lang/invoke/MethodHandleNatives$CallSiteContext 1 1 49 10 7 10 10 10 10 7 100 1 1 1 1 1 1 1 1 1 1 1 1 1 1 1 1 1 1 7 12 1 7 12 7 12 12 1 1 1 1 1 1 1 1 100 1 1 1 1 1
ciInstanceKlass java/lang/BootstrapMethodError 0 0 45 10 10 10 10 10 100 100 1 1 1 5 0 1 1 1 1 1 1 1 1 1 1 1 1 1 1 1 100 100 1 1 12 12 12 12 12 1 1 1 1 1 1 1 1
ciInstanceKlass java/lang/invoke/MethodType 1 1 680 7 10 9 9 9 10 9 8 10 10 9 9 10 100 10 8 10 10 10 100 8 10 100 10 10 10 10 11 9 11 7 7 10 10 9 10 10 10 10 10 10 9 7 10 7 10 10 10 10 10 10 10 10 10 8 8 10 9 100 10 10 10 10 10 10 10 10 10 8 10 10 10 10 10 10 10 10 10 9 10 10 10 10 9 7 10 10 10 10 10 10 10 10 100 8 8 8 10 10 10 10 11 11 10 9 10 10 10 10 10 10 10 10 10 10 10 10 9 7 10 10 10 10 10 10 10 8 10 11 9 10 10 10 10 10 10 10 10 10 9 9 10 9 10 7 10 7 7 9 100 1 1 100 1 1 1 1 5 0 1 1 1 1 1 1 1 1 1 1 1 1 1 1 1 1 1 1 1 3 1 3 1 3 1 1 1 1 1 1 1 1 1 1 1 1 1 1 1 1 1 1 1 1 1 1 1 1 1 1 1 1 1 1 1 1 1 1 1 1 1 1 1 1 1 1 1 1 1 1 1 1 1 1 1 1 1 1 1 1 1 1 1 1 1 1 1 1 1 1 1 1 1 1 1 1 1 1 1 1 1 1 1 1 1 1 1 1 1 1 1 1 1 1 1 1 1 1 1 1 1 1 1 1 1 1 1 1 1 1 1 1 1 1 1 1 1 1 1 1 1 1 1 1 1 1 1 1 1 1 1 1 1 1 1 1 1 1 1 1 1 1 1 1 1 1 1 1 1 1 1 1 1 1 1 1 1 1 1 1 1 1 1 1 1 1 1 1 1 1 7 1 1 1 1 1 1 1 1 1 1 1 1 1 1 1 1 1 1 1 1 1 1 1 100 1 1 1 1 1 1 1 1 1 1 1 100 100 1 7 7 1 1 1 1 1 1 1 1 1 1 1 1 100 1 1 1 100 1 1 1 100 1 1 1 1 1 100 1 12 12 12 12 7 12 7 12 1 100 12 12 7 7 12 1 1 12 12 12 1 1 12 1 12 12 12 12 12 12 1 7 12 12 12 12 12 12 7 12 12 12 12 1 12 1 12 12 7 12 12 12 12 12 12 12 1 1 12 12 1 12 12 12 12 100 12 12 12 1 12 7 12 12 12 12 12 12 12 12 12 12 12 12 12 1 12 7 12 12 7 12 12 12 1 1 1 1 12 12 12 12 12 100 12 12 12 12 12 12 12 12 12 12 12 12 12 12 1 12 12 12 12 12 12 12 1 7 12 12 12 12 12 100 12 12 12 12 100 12 12 100 12 12 100 12 12 12 1 1 1 12 1 1 1 1 1 1 1 1 1 1 1 1 1 1 1 1 1 1 1 1 1 1 1 1 1 1 1 1 1 1 1 1 1 1 1 1 1 1 1 1 1 1 1 1 1 1 1 1 1 1 1 1 1 1 1 1 1 1 1 1 1 1 1 1 1 1 1 1 1 1 1 1 1 1 1 1 1 1 1 1 1 1 1 1 1 1 1 1 1 1 1 1 1 1 1 1 1 1 1 1 1 1 1 1 1 1 1 1 1
staticfield java/lang/invoke/MethodType internTable Ljava/lang/invoke/MethodType$ConcurrentWeakInternSet; java/lang/invoke/MethodType$ConcurrentWeakInternSet
staticfield java/lang/invoke/MethodType NO_PTYPES [Ljava/lang/Class; 0 [Ljava/lang/Class;
staticfield java/lang/invoke/MethodType objectOnlyTypes [Ljava/lang/invoke/MethodType; 20 [Ljava/lang/invoke/MethodType;
staticfield java/lang/invoke/MethodType METHOD_HANDLE_ARRAY [Ljava/lang/Class; 1 [Ljava/lang/Class;
staticfield java/lang/invoke/MethodType serialPersistentFields [Ljava/io/ObjectStreamField; 0 [Ljava/io/ObjectStreamField;
staticfield java/lang/invoke/MethodType $assertionsDisabled Z 1
ciInstanceKlass java/lang/invoke/LambdaForm 1 1 1075 100 9 10 10 9 9 10 100 10 9 10 9 10 7 9 9 9 9 10 7 10 7 10 10 10 10 10 10 9 100 10 9 10 10 10 10 10 7 10 10 8 10 10 10 7 10 10 7 10 10 9 9 9 10 9 10 10 100 10 9 10 10 100 10 10 10 10 10 10 10 8 10 10 8 8 9 9 9 10 10 10 9 10 10 10 10 10 10 9 10 8 8 8 8 8 8 8 8 10 9 7 10 9 10 10 10 10 10 10 10 10 10 10 10 10 10 10 100 8 10 10 10 10 8 10 8 8 10 9 10 10 100 10 10 10 10 9 8 10 10 10 10 10 9 8 10 100 10 10 9 9 8 10 10 100 100 10 10 8 8 100 8 10 10 10 8 8 9 10 10 8 8 8 100 8 100 8 100 8 10 8 9 10 10 9 10 10 10 10 10 10 10 10 10 10 8 100 10 10 9 10 8 8 100 8 8 8 8 8 8 8 8 10 10 10 10 8 8 8 10 8 10 8 8 8 8 8 10 10 10 10 10 10 10 10 10 10 10 9 8 10 9 10 9 9 9 9 7 10 9 10 10 7 8 10 9 7 10 8 100 10 9 9 10 7 10 10 10 9 10 10 10 9 10 10 10 9 10 9 7 9 10 9 10 100 10 7 9 100 1 1 100 1 100 1 1 1 7 1 7 1 1 1 1 1 1 1 1 1 1 1 1 1 1 1 1 1 1 1 1 1 3 1 3 1 1 1 1 1 3 1 1 1 7 1 1 1 1 1 1 1 1 1 1 1 1 1 1 1 1 1 1 1 1 1 1 1 1 1 1 1 1 1 1 1 1 1 1 1 1 1 1 1 1 1 1 1 1 1 1 1 1 1 1 1 1 1 1 1 1 1 1 1 1 1 1 1 1 1 1 1 1 1 1 1 1 1 1 1 1 1 1 1 1 1 1 1 1 1 1 1 1 1 1 1 1 1 1 1 1 1 1 1 1 1 1 1 1 1 1 100 1 1 1 1 1 1 1 1 1 1 1 1 1 1 1 1 1 1 1 1 1 1 1 1 1 1 1 1 1 1 1 1 1 1 1 1 1 1 1 1 1 1 1 1 1 1 1 1 1 1 1 1 1 1 1 1 1 1 1 1 1 1 7 1 1 1 1 1 1 1 1 1 1 1 1 1 1 1 1 1 1 1 1 1 1 1 1 100 1 1 1 1 1 1 1 1 1 1 1 1 1 1 1 1 1 1 1 1 100 1 1 1 1 1 1 1 1 1 1 1 1 1 1 1 1 1 1 1 1 1 1 1 1 1 1 1 1 1 1 1 1 1 1 1 1 1 1 1 1 1 1 1 1 1 1 1 1 1 1 1 100 1 1 1 1 1 1 1 1 1 1 1 1 1 1 1 1 1 1 1 1 1 1 1 1 100 1 1 1 100 1 1 12 12 12 12 12 12 1 12 12 12 7 12 12 12 12 12 12 1 12 1 12 12 100 12 100 12 12 12 12 1 12 12 12 12 12 12 12 1 12 1 12 12 12 1 12 12 1 12 12 12 12 12 12 12 12 12 1 12 12 12 12 1 12 12 12 12 12 12 12 1 12 12 1 1 12 12 12 12 7 12 12 12 7 12 12 12 12 12 12 12 1 1 1 1 1 1 1 1 12 12 1 12 12 12 12 12 12 12 12 12 12 12 12 12 12 12 1 1 12 12 12 1 12 1 1 12 12 12 12 1 12 12 7 12 12 12 1 100 12 12 12 12 12 12 1 12 12 7 12 12 1 12 12 1 1 12 1 1 1 1 12 12 12 1 1 12 12 12 1 1 1 1 1 1 1 1 1 12 1 12 12 12 12 12 12 12 12 12 12 12 12 1 12 12 12 12 1 1 1 1 1 1 1 1 1 1 1 12 12 12 12 1 1 1 12 1 12 1 1 1 1 1 12 12 12 7 12 12 12 12 12 12 12 12 12 1 12 12 12 12 12 12 12 1 7 12 12 12 12 1 1 12 12 1 12 1 1 12 12 12 12 1 12 7 12 12 7 12 12 12 12 12 12 12 12 12 12 12 12 12 1 1 1 1 1 1 1 1 1 1 1 1 1 1 1 1 1 1 1 1 1 1 1 1 1 1 1 1 1 1 1 1 1 1 1 1 1 1 1 1 1 1 1 1 1 1 1 1 1 1 1 1 1 1 1 1 1 1 1 1 1 1 1 1 1 1 1 1 1 1 1 1 1 1 1 1 1 1 1 1 1 1 1 1 1 1 1 1 1 1 1 1 1 1 1 1 1 1 1 1 1 1 1 1 1 1 1 1 1 1 1 1 1 1 1 1 1 1 1 1 1 1 1 1 1 1 1 1 1 1 1 1 1 1 1 1 1 1 1 1 1 1 1 1 1 1 1 1 1 1 1 1 1 1 1 1 1 1 1 1 1
staticfield java/lang/invoke/LambdaForm COMPILE_THRESHOLD I 0
staticfield java/lang/invoke/LambdaForm INTERNED_ARGUMENTS [[Ljava/lang/invoke/LambdaForm$Name; 5 [[Ljava/lang/invoke/LambdaForm$Name;
staticfield java/lang/invoke/LambdaForm IMPL_NAMES Ljava/lang/invoke/MemberName$Factory; java/lang/invoke/MemberName$Factory
staticfield java/lang/invoke/LambdaForm LF_identity [Ljava/lang/invoke/LambdaForm; 6 [Ljava/lang/invoke/LambdaForm;
staticfield java/lang/invoke/LambdaForm LF_zero [Ljava/lang/invoke/LambdaForm; 6 [Ljava/lang/invoke/LambdaForm;
staticfield java/lang/invoke/LambdaForm NF_identity [Ljava/lang/invoke/LambdaForm$NamedFunction; 6 [Ljava/lang/invoke/LambdaForm$NamedFunction;
staticfield java/lang/invoke/LambdaForm NF_zero [Ljava/lang/invoke/LambdaForm$NamedFunction; 6 [Ljava/lang/invoke/LambdaForm$NamedFunction;
staticfield java/lang/invoke/LambdaForm createFormsLock Ljava/lang/Object; java/lang/Object
staticfield java/lang/invoke/LambdaForm DEBUG_NAME_COUNTERS Ljava/util/HashMap; null
staticfield java/lang/invoke/LambdaForm DEBUG_NAMES Ljava/util/HashMap; null
staticfield java/lang/invoke/LambdaForm TRACE_INTERPRETER Z 0
staticfield java/lang/invoke/LambdaForm $assertionsDisabled Z 1
ciInstanceKlass java/lang/invoke/MethodHandleNatives 1 1 660 100 10 9 10 100 10 10 10 10 8 8 8 8 8 8 8 8 8 8 7 10 7 10 10 7 10 10 8 10 8 10 8 10 9 8 10 100 10 100 100 8 7 7 10 10 7 9 10 10 10 7 10 10 10 10 10 9 8 10 8 10 8 8 8 100 10 8 10 10 10 100 8 10 7 8 10 8 8 8 8 8 10 10 10 10 10 7 10 100 100 10 10 8 8 10 10 10 8 10 8 8 10 10 100 10 7 9 10 10 10 9 10 9 9 10 10 10 7 7 10 10 10 10 10 8 10 10 10 10 10 10 100 8 10 9 10 10 100 10 10 100 100 10 10 100 100 10 100 10 10 10 10 10 10 10 10 10 10 10 10 8 100 10 10 10 10 10 10 7 10 10 10 10 1 1 7 1 1 1 1 1 1 1 1 1 1 1 1 1 1 1 1 1 100 1 1 1 1 1 1 1 1 1 1 1 1 1 1 1 1 1 1 1 1 1 1 1 1 1 1 1 1 1 1 1 1 1 1 1 1 1 1 1 1 1 1 1 1 1 1 1 1 1 1 1 1 1 100 1 1 1 1 1 1 1 1 1 1 1 1 1 1 1 1 1 1 1 1 1 1 7 1 1 1 1 1 1 1 1 1 1 1 1 1 1 1 1 1 1 1 1 1 1 1 1 1 1 1 1 1 1 1 1 1 1 1 1 1 1 1 1 1 1 7 1 1 1 1 1 1 1 1 1 1 1 1 100 1 1 1 1 1 1 1 1 1 1 1 1 1 1 7 1 1 1 1 1 1 1 1 1 1 1 1 1 1 100 1 1 1 1 1 1 1 1 1 1 1 1 1 1 1 1 12 12 12 1 12 12 12 1 1 1 1 1 1 1 1 1 1 1 12 1 12 12 1 12 1 12 1 12 1 12 100 12 1 100 12 1 12 1 1 1 1 1 12 1 7 12 12 12 12 1 12 7 12 12 12 12 12 1 12 1 12 1 1 1 1 12 1 12 12 100 12 1 100 12 1 1 12 1 1 1 1 1 12 12 12 12 12 1 12 1 1 12 12 1 1 12 12 1 100 12 1 1 12 12 1 12 1 12 7 12 12 12 12 12 12 12 12 12 1 1 12 12 12 7 12 12 1 12 12 12 12 7 12 12 1 1 12 12 12 1 12 12 1 1 1 1 1 12 12 12 12 12 12 12 12 12 1 1 12 12 12 12 12 12 1 12 12 12 1 1 1 1 1 100 1 1 1 1 1 1 1 1 1 1 1 1 1 1 1 1 1 1 1 1 1 1 1 1 1 1 1 1 1 1 1 1 1 1 1 1 1 1 1 1 1 1 1 1 1 1 1 1 1 1 1 1 1 1 1 1 1 1 1 1 1 1 1 1 1 1 1 1 1 1 1 1 1 1 1 1 1 1 1 1 1 1 1 1 1 1 1 1 1 1 1 1 1 1 1 1 1 1 1 1 1 1 1 1 1 1 1 1 1 1 1 1
staticfield java/lang/invoke/MethodHandleNatives $assertionsDisabled Z 1
ciInstanceKlass java/lang/invoke/ResolvedMethodName 1 1 16 10 100 100 1 1 1 1 1 1 1 1 1 12 1 1
ciInstanceKlass java/lang/invoke/MemberName 1 1 747 7 7 100 9 10 9 10 10 10 10 10 10 10 9 10 100 100 10 8 10 10 10 10 9 8 10 7 7 10 10 100 100 7 10 9 100 8 10 10 10 10 10 10 10 10 10 10 8 8 8 10 10 9 3 10 10 10 10 10 10 10 10 10 7 8 10 10 8 9 8 9 10 8 10 10 10 10 10 100 10 10 8 10 10 8 10 10 100 10 10 8 8 100 10 10 100 10 10 10 10 10 10 10 10 10 3 10 3 10 3 3 3 3 3 3 100 10 10 10 3 9 10 3 10 10 10 10 10 10 10 10 10 10 10 10 10 10 100 10 10 10 100 10 10 10 10 10 10 8 10 10 10 10 10 10 10 10 10 10 10 10 10 100 10 100 8 10 7 10 10 10 10 10 8 8 8 8 10 10 10 8 8 10 8 10 10 10 8 8 10 10 8 10 8 10 10 10 8 8 8 100 10 8 8 8 8 10 100 100 100 10 100 10 100 10 9 10 100 100 7 1 1 1 1 1 1 1 1 1 1 1 1 1 1 1 1 1 3 1 3 1 3 1 3 1 3 1 3 1 1 1 1 1 1 1 1 3 1 1 1 1 3 1 1 1 1 1 1 1 1 1 1 1 1 1 1 1 1 1 1 1 1 1 1 1 1 1 1 1 1 1 1 1 1 1 1 1 1 1 1 1 1 1 1 1 1 1 1 1 1 1 1 1 1 1 1 1 1 1 1 1 1 1 1 1 1 1 1 1 1 1 1 1 1 1 1 1 1 1 1 1 1 1 1 1 1 1 1 1 1 1 1 1 1 1 1 1 1 1 1 1 1 1 1 1 1 1 1 1 1 1 1 1 1 1 1 1 1 1 1 1 1 1 7 1 1 1 1 1 1 1 1 1 1 1 100 1 1 1 1 1 1 100 1 1 1 1 1 1 1 1 1 1 1 1 1 1 1 1 1 1 1 1 1 1 1 1 1 1 1 1 1 1 1 1 1 1 1 1 1 1 1 1 1 1 1 1 1 1 1 100 1 1 100 1 1 1 1 1 1 1 1 1 7 1 1 12 12 12 12 12 12 12 12 12 12 100 12 12 1 1 12 1 12 12 12 12 12 1 100 12 1 1 12 1 12 12 1 1 12 12 12 12 12 12 12 12 12 12 1 1 1 100 12 12 12 12 12 12 12 12 12 12 12 1 12 12 100 100 12 1 12 12 12 12 12 1 12 12 1 12 12 1 12 12 1 12 12 1 1 1 12 100 12 1 12 12 12 12 12 12 12 12 12 12 100 1 12 7 12 12 12 12 12 7 12 12 12 12 12 12 12 12 12 1 12 1 12 12 12 12 12 12 12 12 12 12 12 12 12 1 12 1 1 1 12 12 12 12 12 1 1 1 1 12 12 12 1 1 12 1 12 12 1 1 12 1 12 1 12 12 12 1 1 1 1 1 1 1 1 12 1 1 1 1 1 12 12 12 1 1 1 1 1 1 1 1 1 1 1 1 1 1 1 1 1 1 1 1 1 1 1 1 1 1 1 1 1 1 1 1 1 1 1 1 1 1 1 1 1 1 1 1 1 1 1 1 1 1 1 1 1 1 1 1 1 1 1 1 1 1 1 1 1 1 1 1 1 1 1 1 1 1 1 1 1 1 1 1 1 1 1 1 1 1 1 1 1 1 1 1 1 1 1 1 1
staticfield java/lang/invoke/MemberName $assertionsDisabled Z 1
ciInstanceKlass jdk/internal/reflect/CallerSensitive 1 1 17 100 100 100 1 1 1 1 1 1 1 1 1 1 1 1 1
instanceKlass jdk/internal/reflect/UnsafeQualifiedStaticFieldAccessorImpl
ciInstanceKlass jdk/internal/reflect/UnsafeStaticFieldAccessorImpl 1 1 43 10 9 10 9 7 7 8 10 7 1 1 1 1 1 1 1 1 1 1 1 1 1 1 1 12 12 7 12 12 1 1 7 12 1 1 1 1 1 1 1 1 1
instanceKlass jdk/internal/reflect/UnsafeFieldAccessorImpl
ciInstanceKlass jdk/internal/reflect/FieldAccessorImpl 1 1 59 10 100 7 100 1 1 1 1 1 1 1 1 1 1 100 1 1 1 1 1 1 1 1 1 1 1 1 1 1 1 1 1 1 100 1 1 1 1 1 1 1 1 1 1 1 1 1 1 1 1 1 1 12 1 1 1 1 1
instanceKlass jdk/internal/reflect/UnsafeIntegerFieldAccessorImpl
instanceKlass jdk/internal/reflect/UnsafeQualifiedFieldAccessorImpl
instanceKlass jdk/internal/reflect/UnsafeLongFieldAccessorImpl
instanceKlass jdk/internal/reflect/UnsafeBooleanFieldAccessorImpl
instanceKlass jdk/internal/reflect/UnsafeObjectFieldAccessorImpl
instanceKlass jdk/internal/reflect/UnsafeStaticFieldAccessorImpl
ciInstanceKlass jdk/internal/reflect/UnsafeFieldAccessorImpl 1 1 253 10 9 10 10 9 10 9 10 10 9 10 10 10 10 100 10 10 10 8 10 10 100 8 10 8 10 8 10 100 10 10 8 10 8 10 8 10 8 10 8 10 8 10 8 10 8 10 8 10 10 8 8 8 8 8 8 10 8 8 8 10 10 7 7 1 1 1 1 1 1 1 1 1 1 1 1 1 1 1 1 7 1 1 1 1 1 1 1 1 1 1 1 1 1 1 1 7 100 1 1 1 1 1 1 1 1 1 1 1 1 1 1 1 1 1 1 1 1 1 1 1 1 1 1 1 1 1 1 1 1 1 1 1 1 1 1 1 12 12 12 7 12 12 7 12 12 12 12 12 12 12 7 12 12 1 12 12 1 12 1 1 12 1 12 1 12 1 12 1 12 1 100 12 1 100 12 1 100 12 1 100 12 1 100 12 1 100 12 1 100 12 1 100 12 12 1 1 1 1 1 1 12 1 1 1 12 12 1 1 1 1 1 1 1 1 1 1 1 1 1 1 1 1 1 1 1 1 1 1 1 1 1 1 1 1 1 1 1 1 1 1 1 1 1 1 1 1 1 1 1 1 1
staticfield jdk/internal/reflect/UnsafeFieldAccessorImpl unsafe Ljdk/internal/misc/Unsafe; jdk/internal/misc/Unsafe
ciInstanceKlass jdk/internal/reflect/ConstantPool 1 1 138 10 9 10 10 10 10 10 10 10 10 10 10 10 10 10 10 10 10 10 10 10 7 7 8 10 100 100 1 1 1 1 1 1 1 1 1 1 1 1 1 1 1 1 1 1 1 1 1 1 1 1 1 1 1 1 1 1 1 1 1 1 1 1 1 1 1 1 1 1 1 1 1 1 1 1 1 1 1 1 1 1 1 1 1 1 1 1 1 1 1 1 1 1 1 1 1 1 1 1 1 1 1 1 1 1 12 12 12 12 12 12 12 12 12 12 12 12 12 12 12 12 12 12 12 12 12 1 1 7 12 1 1 1 1 1 1 1
ciInstanceKlass jdk/internal/reflect/DelegatingClassLoader 1 1 18 10 100 7 1 1 1 1 1 1 1 1 1 1 1 12 1 1
ciInstanceKlass java/lang/reflect/Method 1 1 441 9 10 10 9 10 10 10 10 9 9 9 9 9 9 9 9 9 9 9 7 8 10 7 10 9 8 10 10 10 10 10 10 10 7 10 10 10 7 10 10 10 10 10 10 10 10 10 10 10 10 10 10 10 7 8 10 100 8 10 10 10 10 10 10 10 11 9 10 10 10 10 11 10 7 10 10 10 10 9 10 10 10 10 10 11 10 7 100 100 10 10 10 100 10 8 10 10 10 10 10 8 10 7 1 1 1 1 1 1 1 1 1 1 1 1 1 1 1 1 1 1 1 1 1 1 1 1 1 1 1 1 1 1 1 1 1 1 1 1 1 1 1 1 1 1 1 1 1 1 1 1 1 1 1 1 1 1 1 1 1 1 1 1 1 1 1 1 1 1 1 1 1 1 1 1 1 1 1 1 1 1 1 1 1 1 1 1 1 1 1 1 1 1 1 1 1 1 1 1 1 1 1 1 1 1 1 1 1 1 1 7 100 7 7 1 7 7 1 1 1 1 1 1 1 1 1 1 1 1 1 1 1 1 1 1 1 1 1 1 1 1 1 1 1 1 1 1 1 1 1 1 1 1 1 1 12 7 12 7 12 12 12 12 7 12 12 12 12 12 12 12 12 12 12 12 12 12 1 1 12 1 12 12 1 7 12 7 12 12 12 12 12 12 1 12 12 7 12 12 7 12 12 12 12 12 7 12 12 12 12 12 12 12 1 1 1 1 12 12 12 12 12 12 12 7 12 12 12 12 12 12 12 1 12 12 12 12 12 7 12 12 7 12 7 12 7 12 7 12 7 12 1 1 1 12 12 12 1 1 12 12 12 12 1 12 1 1 1 1 1 1 1 1 1 1 1 1 1 1 1 1 1 1 1 1 1 1 1 1 1 1 1 1 1 1 1 1 1 1 1 1 1 1 1 1 1 1 1 1 1 1 1 1 1 1 1 1 1 1 1 1 1 1 1 1 1 1 1 1 1 1 1 1 1 1 1 1 1 1 1
ciInstanceKlass java/lang/reflect/Parameter 0 0 226 10 9 9 9 9 100 10 10 10 100 10 10 11 10 10 10 10 10 8 8 10 10 10 8 10 8 10 9 10 9 10 10 10 10 10 10 10 10 11 10 100 10 10 10 10 10 9 100 10 11 11 100 100 1 1 1 1 1 1 1 1 1 1 1 1 1 1 1 1 1 1 1 1 1 1 1 1 1 1 1 1 1 1 1 1 1 1 1 1 1 1 1 100 100 1 1 1 1 1 1 1 1 1 1 1 100 1 1 1 1 1 1 1 1 1 1 1 1 1 1 1 1 1 1 1 1 1 1 100 1 1 1 12 12 12 12 12 1 12 12 100 12 1 12 12 12 100 12 12 12 12 1 1 12 12 12 1 1 12 12 12 12 12 12 12 12 12 100 12 12 100 12 12 1 100 12 12 12 12 12 12 1 12 12 1 1 1 1 1 1 1 1 1 1 1 1 1 1 1 1 1 1 1 1 1 1 1 1 1 1 1 1 1 1 1 1 1 1 1 1 1 1 1 1 1
ciInstanceKlass java/lang/reflect/Field 1 1 433 9 10 10 10 9 10 10 10 10 9 9 9 9 9 9 9 7 8 10 7 10 9 9 10 10 10 10 10 10 7 10 10 10 10 10 10 10 7 10 8 10 10 8 10 10 8 8 10 11 9 10 10 11 11 11 11 11 11 11 11 11 11 11 11 11 11 11 11 11 11 10 10 10 10 10 9 10 10 10 10 11 10 7 10 10 9 10 11 10 10 9 10 10 7 100 1 1 1 1 1 1 1 1 1 1 1 1 1 1 1 1 1 1 1 1 1 1 1 1 1 1 1 1 1 1 1 1 1 1 1 1 1 1 1 1 1 1 1 1 1 1 1 1 1 1 1 1 1 1 1 1 1 1 1 1 1 1 1 1 1 1 1 1 1 1 1 1 1 7 1 1 1 1 100 1 1 1 7 1 1 1 1 1 1 1 1 1 1 1 1 1 1 1 1 1 1 1 1 1 1 1 1 1 1 1 1 1 1 1 1 1 1 1 1 1 1 1 1 1 1 1 1 1 1 1 1 1 1 7 100 1 1 1 1 1 7 1 1 1 1 1 1 1 1 1 1 1 1 1 1 1 1 1 1 1 1 7 100 1 1 1 1 1 1 1 1 12 12 7 12 7 12 12 12 12 7 12 12 12 12 12 12 12 12 12 1 1 12 1 12 12 12 12 7 12 12 12 12 12 1 12 12 12 12 12 12 1 1 12 12 1 12 12 1 1 12 12 12 12 12 12 12 12 12 12 12 12 12 12 12 12 12 12 12 12 12 12 12 12 12 12 12 7 12 12 7 12 12 12 1 100 12 7 12 12 7 12 7 12 12 12 100 12 100 12 12 1 1 1 1 1 1 1 1 1 1 1 1 1 1 1 1 1 1 1 1 1 1 1 1 1 1 1 1 1 1 1 1 1 1 1 1 1 1 1 1 1 1 1 1 1 1 1 1 1 1 1 1 1 1 1 1 100 1 1 1 1 1 1 1 1 1
ciInstanceKlass java/lang/Module 1 1 910 10 9 10 9 9 9 10 10 10 10 7 10 10 7 11 7 10 10 9 10 10 8 10 10 10 9 11 9 10 9 10 10 100 7 10 10 8 10 10 10 10 10 10 9 10 10 9 10 10 9 11 7 10 9 9 10 7 7 10 100 8 10 10 10 8 10 10 10 10 8 8 10 10 10 18 10 11 9 11 10 100 8 10 7 10 10 11 11 9 11 10 10 9 10 10 10 10 18 11 10 11 10 11 4 10 7 10 11 7 10 11 7 10 7 8 10 10 7 10 10 7 7 10 9 100 10 10 10 10 10 11 7 10 11 10 11 10 10 10 10 10 10 10 10 18 11 11 18 10 10 10 7 10 10 10 9 7 10 10 10 10 10 10 10 10 10 9 18 10 7 100 8 10 10 10 100 10 100 8 100 10 100 100 3 10 100 10 10 10 100 10 10 100 100 10 8 10 10 10 10 10 10 10 100 10 10 10 100 8 10 10 8 10 8 10 10 10 8 10 7 10 10 10 11 100 7 1 1 1 1 1 1 1 1 1 1 1 1 1 1 1 1 1 1 1 1 1 1 1 1 1 1 1 1 1 1 1 1 1 1 1 1 1 1 1 1 1 1 1 1 1 1 7 1 1 1 1 1 1 1 1 1 1 100 1 1 1 1 1 1 1 1 1 1 1 1 1 1 1 1 1 1 1 1 1 1 1 1 1 1 1 1 1 1 1 1 1 1 1 1 1 1 1 1 1 1 1 1 1 1 1 1 1 1 1 1 1 1 1 1 100 1 1 1 1 1 1 1 1 1 1 1 1 1 1 1 1 1 1 1 1 100 1 1 1 1 1 1 1 1 1 1 1 1 1 1 1 1 1 1 1 1 1 1 1 1 1 1 1 1 1 1 1 7 7 7 7 7 1 1 1 1 1 1 1 1 1 1 1 1 1 1 1 1 1 1 1 1 7 1 1 1 1 1 1 1 1 1 1 1 1 1 1 1 1 1 1 1 1 100 1 1 1 1 1 1 1 1 1 1 1 1 1 100 100 1 100 1 1 1 1 1 100 1 1 1 1 1 1 1 1 1 1 1 1 1 1 1 1 1 7 1 1 1 1 1 1 1 1 1 12 12 12 12 12 12 12 12 12 12 1 7 12 12 1 12 12 7 12 100 12 12 12 1 12 12 12 12 12 12 7 12 12 7 12 12 1 1 12 1 12 12 12 12 12 12 12 12 12 12 12 12 12 12 1 12 12 12 12 1 1 12 1 1 12 12 1 12 12 12 12 1 1 12 12 12 1 15 16 15 16 12 12 12 12 12 7 12 1 1 1 12 12 12 12 12 12 12 12 12 12 7 12 16 15 16 12 12 100 12 12 12 12 12 1 12 1 12 1 7 12 100 1 1 1 12 12 1 12 12 1 1 12 12 1 7 12 12 12 12 1 12 12 12 12 12 12 12 12 12 12 12 16 15 16 12 12 12 15 16 12 12 12 12 1 12 12 12 12 1 12 12 12 12 12 12 12 16 15 16 12 100 12 1 1 1 12 12 12 1 12 1 1 1 1 1 12 1 12 12 12 1 12 12 1 1 12 1 12 12 7 12 12 12 12 12 1 12 12 1 1 12 7 12 1 12 1 12 12 12 1 1 12 12 12 1 1 1 1 1 1 1 1 1 1 1 1 1 1 1 1 1 1 1 1 1 1 1 1 1 1 1 1 1 1 1 1 1 1 1 1 1 1 1 1 1 1 1 1 1 1 1 1 1 1 1 1 1 1 1 1 1 1 1 1 10 10 1 1 1 1 1 1 1 1 1 1 1 1 1 1 1 1 10 1 1 1 1 1 1 1 1 1 1 1 1 1 1 1 1 1 1 1 1 1 1 1 1 1 1 1 1 1 1 1 1 1 1 1 10 1 1 1 1 1 1 10 1 1 1 1 1 1 10 1 1 1 1 1 1 1 1 1 1 1 1 1 1 1 1 1 1 1 1 1 1 1 1 1 1 1 1 1 1 1 1 1 1 1 1 1 1 1 7 12 12 100 12 12 12 1 1 100 1 1 1 100 1 1
staticfield java/lang/Module ALL_UNNAMED_MODULE Ljava/lang/Module; java/lang/Module
staticfield java/lang/Module ALL_UNNAMED_MODULE_SET Ljava/util/Set; java/util/ImmutableCollections$Set12
staticfield java/lang/Module EVERYONE_MODULE Ljava/lang/Module; java/lang/Module
staticfield java/lang/Module EVERYONE_SET Ljava/util/Set; java/util/ImmutableCollections$Set12
staticfield java/lang/Module $assertionsDisabled Z 1
instanceKlass com/intellij/openapi/util/PropertiesUtil$1
instanceKlass java/security/Provider
ciInstanceKlass java/util/Properties 1 1 636 10 100 10 7 10 9 9 9 10 10 8 10 7 10 10 8 10 10 9 10 100 3 100 8 10 7 10 10 100 10 10 10 10 10 8 10 10 10 10 10 100 100 10 10 100 8 10 10 10 10 100 10 10 10 11 11 11 7 11 11 10 8 10 10 100 10 10 10 8 10 10 10 100 100 100 10 8 8 10 10 10 7 10 10 10 7 10 10 11 10 8 10 11 8 10 11 9 10 10 10 10 10 10 10 10 10 10 10 10 10 10 10 7 10 10 10 10 10 10 10 10 10 10 10 10 10 10 10 10 7 10 100 10 11 4 11 10 10 11 10 10 10 100 8 10 10 10 100 6 0 10 11 10 10 1 1 1 1 1 1 5 0 1 1 1 1 1 1 1 1 1 1 1 1 1 1 1 1 1 1 1 1 1 1 1 1 1 1 1 1 1 1 1 1 1 1 1 1 1 1 1 1 1 1 1 1 1 1 1 1 100 1 1 1 1 1 1 1 1 1 1 1 1 1 1 1 1 1 1 1 1 1 1 1 1 1 1 1 1 1 1 1 1 1 1 1 1 1 1 100 1 1 1 1 1 1 1 1 1 100 7 100 1 1 1 100 1 1 1 1 1 1 1 1 1 1 1 1 1 1 1 1 1 1 1 1 1 1 1 1 1 1 1 1 1 1 1 1 7 100 1 1 100 1 1 1 1 1 1 1 1 1 1 1 1 1 1 1 1 1 1 1 1 1 1 1 1 1 1 1 1 1 1 1 1 1 1 1 1 1 1 1 1 1 1 1 1 1 1 1 1 1 1 1 1 1 1 1 1 1 1 1 1 1 1 1 1 1 1 1 1 1 1 1 1 1 1 1 1 1 1 1 1 1 1 1 1 1 1 1 1 1 1 1 100 100 1 1 1 1 100 1 1 1 1 1 12 1 12 1 12 12 12 12 7 12 12 1 7 12 1 12 12 1 12 12 12 12 1 1 1 12 1 12 12 1 12 12 12 12 1 12 12 12 12 12 1 1 12 12 1 1 12 12 12 12 1 12 7 12 12 12 1 12 12 12 1 12 12 1 12 100 12 1 12 100 12 12 1 1 1 1 1 12 12 12 1 12 12 1 12 12 7 12 1 12 1 12 12 12 12 12 12 12 12 12 12 12 12 12 12 1 12 12 12 12 12 12 12 12 12 12 12 12 12 12 12 1 12 1 12 12 12 12 12 100 12 12 1 1 12 100 12 1 12 100 12 12 12 1 1 1 1 1 1 1 1 1 1 1 1 1 1 1 1 1 1 1 1 1 1 1 1 1 1 1 1 1 1 1 1 1 1 1 1 1 1 1 1 1 1 1 1 1 1 1 1 1 1 1 100 1 1 1 1 1 1 1 1 1 1 1 1 1 1 1 1 1 1 1 1 1 1 1 1 1 1 1 1 1 1 1 1 1 1
staticfield java/util/Properties UNSAFE Ljdk/internal/misc/Unsafe; jdk/internal/misc/Unsafe
staticfield java/util/Properties hexDigit [C 16
instanceKlass java/util/Hashtable
ciInstanceKlass java/util/Dictionary 1 1 36 10 100 7 1 1 1 1 1 1 1 1 1 1 1 1 1 1 1 1 1 1 1 1 1 1 1 1 1 1 1 1 1 12 1 1
instanceKlass javax/swing/UIDefaults
instanceKlass java/util/Properties
ciInstanceKlass java/util/Hashtable 1 1 488 100 10 9 100 100 10 8 10 10 10 10 10 8 10 9 7 9 7 4 10 9 4 10 11 10 10 9 10 100 10 9 10 9 10 10 3 9 9 3 10 10 10 11 11 11 11 7 11 11 10 10 10 9 9 9 10 100 100 10 10 8 10 10 8 10 8 10 7 10 10 7 10 10 7 10 100 10 10 7 11 11 100 10 10 10 11 100 10 11 11 10 10 10 10 10 10 10 100 10 10 8 10 10 100 11 10 10 10 7 100 100 1 1 1 1 1 1 1 1 1 1 1 1 1 1 1 1 1 1 1 5 0 1 1 1 1 1 1 1 1 1 1 3 1 3 1 3 1 1 1 1 1 1 1 1 1 1 1 1 1 1 1 1 1 1 1 1 1 1 1 1 1 1 1 1 1 1 1 1 1 1 1 1 1 1 1 100 1 1 1 1 1 7 1 1 1 1 1 1 1 1 1 1 1 1 1 1 1 1 1 1 1 1 1 1 1 1 1 7 1 1 1 1 1 1 1 1 1 1 1 1 1 1 1 1 1 100 1 1 1 1 1 1 1 1 1 1 1 1 1 1 1 1 1 1 1 1 1 1 1 1 1 1 1 1 1 1 100 1 1 1 1 1 1 1 100 1 1 1 1 1 1 1 1 1 1 1 1 1 100 1 1 1 1 1 1 1 1 1 1 1 1 1 1 1 100 1 1 1 100 100 1 1 1 1 1 1 100 1 1 1 1 1 1 1 1 1 1 12 12 1 1 1 12 12 12 12 7 12 1 12 12 1 12 1 7 12 12 12 12 12 12 12 12 1 12 12 12 12 12 12 12 12 12 12 12 7 12 12 12 1 12 12 12 12 12 12 12 12 1 1 12 1 12 1 1 7 12 1 12 12 1 12 12 1 1 12 1 12 12 1 100 12 12 1 12 12 12 12 12 12 12 12 100 12 1 12 1 12 100 12 1 100 12 12 12 1 1 1 1 1 1 1 1 1 1 1 1 1 1 1 1 1 1 1 1 1 1 1 1 1 1 1 1 1 1 1 1 1 1 1 1 1 1 1 1 1 1 1 1 1 1 1 1 1 1 1 1 1 1 1 1 1 1 1 1 1
ciMethod java/util/Hashtable put (Ljava/lang/Object;Ljava/lang/Object;)Ljava/lang/Object; 2089 1249 7121 0 -1
ciMethod java/util/Hashtable <init> ()V 2457 1 529 0 -1
ciInstanceKlass java/lang/ref/Finalizer 1 1 139 9 10 9 9 9 9 7 10 10 7 11 100 10 100 10 10 10 100 10 10 7 10 7 10 10 10 10 7 10 7 10 10 10 7 1 1 1 1 1 1 1 1 1 1 1 1 1 1 1 1 1 1 1 1 1 1 1 1 1 1 1 1 1 1 1 1 1 1 1 1 1 1 1 1 7 1 1 1 1 12 12 12 12 12 12 1 12 12 1 7 12 1 12 1 12 100 12 100 12 1 12 12 1 1 12 12 12 1 12 1 12 12 12 1 1 1 1 1 1 1 1 1 1 1 1 1 1 1 1 1 1 1 1 1 1 1 1 1
staticfield java/lang/ref/Finalizer lock Ljava/lang/Object; java/lang/Object
instanceKlass java/lang/ref/Finalizer
ciInstanceKlass java/lang/ref/FinalReference 1 1 36 10 100 8 10 100 7 1 1 1 1 1 1 1 1 1 1 1 1 1 1 1 1 1 1 1 1 1 1 12 1 1 12 1 1 1
ciInstanceKlass java/lang/IllegalMonitorStateException 1 1 26 10 10 100 100 1 1 1 5 0 1 1 1 1 1 1 1 1 1 1 1 1 12 12 1 1
ciInstanceKlass java/lang/StackOverflowError 1 1 26 10 10 100 100 1 1 1 5 0 1 1 1 1 1 1 1 1 1 1 1 1 12 12 1 1
ciInstanceKlass java/lang/ArrayStoreException 1 1 26 10 10 100 100 1 1 1 5 0 1 1 1 1 1 1 1 1 1 1 1 1 12 12 1 1
instanceKlass kotlin/TypeCastException
ciInstanceKlass java/lang/ClassCastException 1 1 26 10 10 100 7 1 1 1 5 0 1 1 1 1 1 1 1 1 1 1 1 1 12 12 1 1
ciInstanceKlass java/lang/NoClassDefFoundError 0 0 26 10 10 100 100 1 1 1 5 0 1 1 1 1 1 1 1 1 1 1 1 1 12 12 1 1
ciInstanceKlass java/lang/ClassNotFoundException 1 1 37 100 10 10 9 100 7 1 1 1 5 0 1 1 1 1 1 1 1 1 1 1 1 1 1 1 1 1 1 1 1 12 12 12 1 1 1
ciInstanceKlass java/security/AccessControlContext 1 1 367 9 9 10 8 10 10 9 9 9 10 7 100 10 11 11 11 11 7 11 10 10 9 10 11 10 7 100 8 10 10 7 10 9 9 9 9 9 9 9 10 9 10 10 8 10 10 10 100 10 10 10 10 8 10 8 10 8 8 10 8 10 8 10 10 10 8 8 100 10 10 100 10 8 10 10 10 8 10 10 10 7 10 10 10 10 10 10 10 10 7 1 1 1 1 1 1 1 1 1 1 1 1 1 1 1 1 1 1 1 1 1 1 1 1 1 1 1 1 1 1 1 1 1 1 100 1 1 1 1 1 1 100 1 1 1 1 1 1 100 1 1 1 1 1 1 1 1 100 1 1 1 1 1 1 1 1 1 1 1 1 1 1 100 1 1 1 1 1 1 1 1 1 1 1 1 1 1 1 1 1 1 1 1 1 1 1 1 1 1 1 1 1 1 1 1 1 1 1 1 1 1 1 1 1 1 1 1 1 1 1 1 1 1 12 12 100 12 1 100 12 12 12 12 12 7 12 1 12 12 12 12 12 1 12 12 100 12 100 12 12 12 1 1 1 12 12 1 7 12 12 12 12 12 12 12 12 7 12 12 12 12 1 12 12 100 12 1 12 100 12 1 12 1 100 12 1 1 12 1 12 1 12 12 12 1 1 1 12 12 1 12 1 12 12 1 12 12 12 1 12 12 12 12 12 12 1 1 1 1 1 1 1 1 1 1 1 1 1 1 1 1 1 1 1 1 1 1 1 1 1 1 1 1 1 1 1 1 1 1 1 1 1 1 1 1 1 1 1 1 1 1 1 1 1 1 1 1 1 1 1 1 1 1 1 1 1
ciInstanceKlass java/security/ProtectionDomain 1 1 331 10 9 7 10 9 9 9 10 7 9 9 7 9 9 10 100 10 10 10 10 9 9 10 7 10 100 10 9 8 100 8 10 10 10 10 8 11 8 10 8 8 10 10 10 10 8 10 8 8 10 9 10 9 10 100 100 10 10 7 10 100 10 10 11 11 100 11 10 10 11 11 10 10 10 11 10 8 8 10 7 10 10 7 1 1 100 1 1 1 1 1 1 1 1 1 1 1 1 1 1 1 1 1 1 1 1 1 1 1 1 100 1 100 1 1 1 1 1 1 1 1 1 1 1 1 1 1 1 1 1 1 1 100 1 1 1 1 1 1 1 1 1 1 7 1 1 1 100 1 1 1 1 1 1 1 1 1 1 1 1 1 1 1 1 1 1 1 1 1 100 100 100 100 1 1 1 1 1 100 12 12 1 12 12 12 12 12 1 12 12 1 12 12 100 12 100 12 12 12 12 100 12 12 1 1 12 100 12 1 1 1 12 12 12 1 1 12 1 1 12 12 12 12 1 12 1 1 100 12 12 12 12 12 1 1 100 12 1 1 12 12 12 12 1 12 12 12 12 12 12 100 12 12 12 1 1 7 12 1 7 12 1 1 1 1 1 1 1 1 1 1 1 1 1 1 1 1 1 1 1 1 1 1 1 1 1 1 1 1 1 1 1 1 1 1 1 1 1 1 1 1 1 1 1 1 1 1 1 1 1 1 1 1 1 1 1 1 1 1 1 1 1 1 1 1 1 1 1 1 1
staticfield java/security/ProtectionDomain filePermCompatInPD Z 0
instanceKlass javax/crypto/JceSecurityManager
instanceKlass com/intellij/util/ReflectionUtil$MySecurityManager
ciInstanceKlass java/lang/SecurityManager 1 1 572 10 9 7 10 100 8 10 10 10 10 100 10 100 10 9 10 10 10 100 8 10 9 9 8 9 100 10 8 10 10 10 100 10 10 100 100 8 10 8 8 8 8 8 8 10 8 8 8 8 8 10 10 8 100 8 10 8 8 8 8 8 10 8 100 8 8 10 8 8 10 100 8 10 10 100 10 10 10 10 10 10 11 18 11 18 11 18 18 11 18 11 9 9 9 9 7 10 10 10 18 18 10 18 10 18 18 8 10 9 11 8 100 10 10 10 9 10 10 8 100 10 9 8 8 100 10 10 10 9 11 10 11 10 7 7 10 10 10 1 1 1 1 1 1 1 1 1 1 1 1 1 1 1 1 1 1 1 1 1 1 1 1 1 1 100 1 1 1 1 1 1 1 1 1 1 1 1 1 1 1 7 1 1 1 1 1 1 1 1 1 1 1 1 1 1 1 1 1 1 1 1 1 1 1 1 1 1 1 1 1 1 1 1 1 1 1 1 1 1 1 1 1 1 1 1 1 1 1 1 1 1 1 1 1 1 1 1 1 1 100 1 1 1 1 1 1 1 1 1 1 1 1 1 1 1 1 1 1 1 1 1 1 1 1 1 1 1 1 7 1 1 1 1 7 1 1 1 1 1 1 1 1 1 1 1 12 12 1 7 12 1 1 12 12 100 12 1 1 12 7 12 12 12 1 1 12 12 1 12 1 1 12 12 12 1 12 1 1 1 12 1 1 1 1 1 1 12 1 1 1 1 1 12 12 1 1 1 1 1 1 1 1 100 12 1 1 1 1 1 1 12 1 1 12 1 12 12 12 7 12 12 7 12 7 12 1 15 16 15 16 12 7 12 16 15 16 12 12 15 16 15 16 12 16 15 16 12 12 12 12 12 12 1 7 12 12 12 15 16 12 15 16 7 12 15 12 12 15 16 15 16 1 12 12 7 12 1 1 12 12 12 12 12 12 1 1 12 1 1 1 12 7 12 12 12 12 12 1 1 12 12 1 1 1 1 1 1 1 1 1 1 1 1 1 1 1 1 1 1 1 1 1 1 1 1 1 1 1 1 1 1 1 1 1 1 1 1 1 1 1 1 1 1 1 1 1 1 10 1 10 1 1 1 1 1 1 10 1 1 1 1 1 10 11 1 1 1 10 1 1 1 1 1 1 10 1 10 1 1 1 11 1 1 10 10 1 1 1 1 1 1 1 1 1 1 1 1 1 1 1 1 1 1 1 1 7 12 7 12 12 12 7 12 12 12 12 12 1 1 100 1 1 1 1 1 1 1 1 100 1 1
staticfield java/lang/SecurityManager packageAccessLock Ljava/lang/Object; java/lang/Object
staticfield java/lang/SecurityManager packageDefinitionLock Ljava/lang/Object; java/lang/Object
staticfield java/lang/SecurityManager nonExportedPkgs Ljava/util/Map; java/util/concurrent/ConcurrentHashMap
ciInstanceKlass java/lang/ThreadDeath 0 0 21 10 100 100 1 1 1 5 0 1 1 1 1 1 1 1 1 1 12 1 1
ciInstanceKlass java/lang/System 1 1 622 10 10 10 10 10 9 7 10 11 10 10 10 100 8 10 10 9 100 8 10 8 10 100 10 8 10 10 100 10 10 10 9 9 7 10 10 10 10 10 10 100 100 8 10 10 7 10 100 8 10 8 10 100 8 10 100 10 8 10 10 10 8 10 10 10 100 8 10 10 10 100 18 100 9 10 100 10 10 10 10 10 10 10 10 7 7 10 10 100 10 10 100 8 10 9 9 10 10 10 10 8 10 10 8 10 10 8 10 10 7 9 10 7 9 10 9 7 10 8 10 8 10 10 10 10 10 10 10 10 9 100 8 10 8 10 10 8 100 10 10 10 10 100 10 10 10 10 10 8 10 10 10 10 8 10 10 10 7 10 10 10 9 100 1 1 1 1 1 1 1 1 1 1 1 1 1 1 1 1 1 1 1 1 1 1 1 1 1 1 1 1 1 1 1 1 1 1 1 100 100 1 1 1 100 1 1 1 1 1 1 1 1 1 1 1 1 1 1 1 1 1 1 1 1 1 1 1 1 1 1 1 1 1 1 1 1 1 1 1 1 1 1 1 1 1 1 1 1 1 1 1 1 1 1 1 1 1 1 1 1 1 1 1 1 1 1 1 1 1 1 1 1 1 1 1 1 1 1 1 1 1 1 1 1 1 1 1 100 1 1 1 1 1 1 1 1 1 1 1 1 1 1 1 1 1 100 1 1 1 1 1 1 1 100 12 12 12 12 12 12 1 7 12 100 12 100 12 12 12 1 1 12 12 12 1 1 12 1 12 1 12 12 12 1 12 100 12 12 12 12 1 12 12 12 12 12 1 1 1 12 12 1 12 1 1 1 12 1 1 1 1 12 12 7 12 1 12 100 12 7 12 1 1 12 100 12 1 1 15 16 15 16 12 1 12 12 1 12 12 7 12 12 12 12 12 12 1 1 12 12 1 12 7 12 1 1 12 12 12 12 12 12 1 12 12 1 12 12 1 7 12 7 12 1 7 12 12 1 12 12 1 12 1 12 1 7 12 12 7 12 12 7 12 12 12 7 12 12 1 1 12 1 12 1 1 12 7 12 12 1 12 12 12 100 12 1 12 12 1 12 12 12 1 12 12 12 1 1 1 1 1 1 1 1 1 1 1 1 1 1 1 1 1 1 1 1 1 1 1 1 1 1 1 1 1 1 1 1 1 1 1 1 1 1 1 1 1 1 1 1 1 1 1 10 1 10 1 1 1 1 1 1 1 1 1 1 1 1 1 1 1 1 1 1 1 1 1 1 1 1 1 1 1 1 1 1 1 1 1 1 1 1 1 1 1 1 1 1 1 1 1 1 1 1 1 1 1 1 1 1 1 1 1 1 1 1 1 1 1 1 1 1 1 1 1 1 1 1 1 1 100 12 12 1 1 100 1 1 100 1 1
staticfield java/lang/System in Ljava/io/InputStream; java/io/BufferedInputStream
staticfield java/lang/System out Ljava/io/PrintStream; java/io/PrintStream
staticfield java/lang/System err Ljava/io/PrintStream; java/io/PrintStream
ciMethod java/lang/System arraycopy (Ljava/lang/Object;ILjava/lang/Object;II)V 2049 1 256 0 -1
instanceKlass java/lang/ArrayIndexOutOfBoundsException
instanceKlass java/lang/StringIndexOutOfBoundsException
ciInstanceKlass java/lang/IndexOutOfBoundsException 0 0 45 10 10 100 10 8 10 10 10 100 100 1 1 1 5 0 1 1 1 1 1 1 1 1 1 1 1 1 1 1 1 12 12 1 1 12 12 12 1 1 1 1 1 1 1
instanceKlass java/awt/image/ComponentColorModel
instanceKlass java/awt/image/IndexColorModel
instanceKlass java/awt/image/PackedColorModel
ciInstanceKlass java/awt/image/ColorModel 1 1 461 9 7 10 10 9 7 3 3 3 10 10 100 9 9 9 9 9 7 10 9 9 9 9 100 8 10 9 10 9 10 10 18 18 10 9 8 8 8 100 8 10 10 7 10 10 10 10 100 100 3 100 18 10 8 10 10 10 10 8 8 18 4 8 10 10 10 10 10 10 10 8 100 18 10 100 9 9 9 4 4 4 4 6 0 10 4 10 9 4 6 0 9 3 4 9 10 10 9 11 100 10 100 10 11 11 11 100 10 10 11 9 11 4 10 9 9 10 10 7 7 1 1 1 1 1 1 1 1 1 1 1 1 1 1 1 1 1 1 1 1 1 1 1 1 1 1 1 1 1 1 1 1 1 1 1 1 1 1 1 1 1 1 1 1 1 1 1 1 1 1 1 1 1 1 1 1 1 1 1 1 1 1 1 1 1 1 1 1 1 1 1 1 1 1 1 1 1 1 1 1 1 1 1 1 1 1 1 1 1 1 1 1 1 1 1 1 1 1 1 1 1 1 1 1 1 1 1 1 1 1 1 1 1 1 1 1 1 1 1 1 1 1 1 1 1 1 1 1 1 1 1 1 1 1 1 1 1 1 1 1 1 1 1 1 1 1 1 1 1 1 1 1 1 1 1 1 1 1 1 1 100 100 1 1 1 1 1 1 1 1 1 1 1 1 12 1 12 7 12 12 1 12 1 12 12 12 12 12 1 12 12 12 12 12 1 1 12 12 12 12 12 12 1 15 8 12 8 12 7 12 12 1 1 1 1 1 7 12 12 12 12 12 1 8 1 12 12 12 12 1 1 8 1 12 12 12 12 12 12 12 1 1 8 12 1 7 12 12 12 7 12 12 12 12 12 12 12 12 100 12 1 12 1 12 12 12 12 1 12 100 12 12 12 12 12 12 12 12 12 1 1 1 1 1 1 1 1 1 1 1 10 1 1 1 1 1 1 1 1 1 1 1 1 1 1 1 1 1 1 1 1 1 1 1 1 1 1 1 1 1 1 1 1 1 1 1 1 1 1 1 1 100 12 1 100 1 1 100 1 1
ciInstanceKlass java/awt/image/IndexColorModel 1 1 475 9 7 10 100 10 10 9 9 7 9 100 8 10 10 10 10 9 10 18 9 10 9 9 10 100 8 10 10 9 9 3 10 10 100 10 9 9 9 10 100 10 3 9 9 10 100 3 9 100 100 100 18 10 10 10 10 10 3 10 10 10 10 8 10 10 10 10 100 10 100 10 10 10 10 8 10 100 3 3 3 10 10 10 10 10 10 10 10 10 10 100 10 10 100 9 9 18 10 10 10 10 10 10 10 10 10 10 9 10 10 10 10 7 1 1 1 1 1 1 1 1 1 1 1 1 100 1 1 1 1 1 1 1 3 1 1 1 1 1 1 1 1 1 1 1 1 1 1 1 1 1 1 1 1 1 1 1 1 1 1 1 1 1 1 1 1 1 1 1 1 1 1 1 1 1 1 1 1 1 1 1 1 1 1 1 1 1 1 1 1 1 1 1 1 1 1 1 1 1 1 1 1 1 1 1 1 1 1 1 1 1 1 1 1 1 1 1 1 1 1 1 1 100 1 1 1 1 1 1 1 1 1 1 1 1 1 1 1 1 1 1 1 1 1 1 1 1 1 100 1 1 1 1 1 1 1 1 1 1 1 1 1 1 1 1 1 1 1 1 1 1 7 1 1 1 1 1 1 1 1 1 1 1 1 1 1 1 1 1 1 1 12 1 12 1 12 12 12 12 1 12 1 1 12 12 12 12 12 12 1 15 8 12 12 12 12 12 12 1 1 12 12 12 12 7 12 100 12 1 12 12 12 12 100 12 7 12 12 12 12 1 12 1 8 12 12 12 12 12 12 12 12 1 12 7 12 12 12 1 12 1 12 12 1 12 1 12 12 12 12 12 12 12 12 12 1 12 12 1 12 12 8 12 12 12 12 12 12 12 12 12 12 12 12 12 12 1 100 1 1 1 1 1 1 1 1 1 10 1 1 1 1 1 1 1 1 1 1 1 1 1 1 1 1 1 1 1 1 1 1 1 1 1 1 1 1 1 1 1 1 1 1 1 1 1 1 1 1 1 1 1 1 1 1 1 1 1 1 1 1 1 1 1 1 1 100 12 1 100 1 1 100 1 1
ciInstanceKlass sun/awt/image/ImageFetchable 1 0 9 100 100 1 1 1 1 1 1
instanceKlass sun/awt/image/ByteArrayImageSource
ciInstanceKlass sun/awt/image/InputStreamImageSource 1 1 316 10 9 9 9 9 10 9 9 10 9 18 10 18 8 10 18 8 18 10 10 9 7 10 9 10 10 9 10 10 100 8 10 9 9 10 10 100 11 100 9 10 10 10 10 10 10 10 10 100 10 10 10 10 7 10 100 10 100 10 7 10 100 10 10 10 10 10 10 10 10 10 100 10 10 7 7 100 100 1 1 1 1 1 1 1 1 1 1 1 1 1 1 1 1 1 1 1 1 1 1 1 1 7 1 1 1 1 1 1 1 1 1 1 1 1 1 1 1 1 1 100 1 1 1 1 1 1 1 1 1 1 1 1 1 1 1 1 1 1 1 1 1 1 1 1 1 1 7 1 1 1 1 1 100 1 1 1 1 1 1 1 1 1 1 1 12 12 12 12 12 12 12 12 12 100 12 1 15 8 12 100 12 8 12 1 12 8 12 1 8 12 12 12 1 12 12 12 12 12 12 12 1 1 12 12 12 12 12 1 12 1 12 100 12 12 12 7 12 12 12 12 1 12 12 12 12 1 12 1 1 1 1 12 12 12 12 12 7 12 12 12 12 1 12 1 1 1 1 1 1 1 1 1 1 1 1 1 10 1 1 1 1 1 1 1 1 1 1 1 1 1 1 1 1 1 1 1 1 1 1 1 1 1 1 1 1 1 1 1 1 1 1 1 1 1 1 1 1 1 1 1 1 1 1 1 100 12 1 100 1 1 1 100 1 1
ciInstanceKlass sun/awt/image/ByteArrayImageSource 1 1 55 10 10 9 9 9 7 7 10 10 10 7 7 1 1 1 1 1 1 1 1 1 1 1 1 1 1 1 1 1 1 1 1 1 1 1 1 1 1 1 1 12 12 12 12 12 1 1 12 12 1 1 1 1 1
ciInstanceKlass java/awt/image/ImageConsumer 1 0 38 100 100 1 1 1 3 1 3 1 3 1 3 1 3 1 1 1 3 1 1 1 1 1 1 1 1 1 1 1 1 1 1 1 1 1 1 1
ciInstanceKlass sun/awt/image/ImageRepresentation 1 1 540 10 9 9 9 9 9 9 9 9 9 9 10 7 9 10 9 10 9 100 9 10 10 100 10 10 10 10 10 100 10 9 9 7 10 10 10 10 7 10 100 10 10 10 10 10 7 10 3 10 3 10 10 9 10 10 100 10 10 10 7 10 10 7 10 10 10 10 10 10 3 10 9 10 10 10 100 8 10 8 10 10 10 10 10 100 10 7 9 10 10 10 10 10 10 10 10 10 10 10 10 10 10 10 10 10 11 9 10 10 10 11 10 10 11 10 10 10 10 100 10 10 10 7 7 1 1 1 1 1 1 1 1 1 1 1 1 1 1 1 1 1 1 1 1 1 1 1 1 1 1 1 1 1 1 1 1 1 1 1 1 1 1 1 1 1 1 1 1 7 7 1 1 1 1 1 1 100 1 1 1 1 1 1 1 1 1 1 1 1 1 1 1 1 1 1 1 1 1 1 1 1 1 1 1 1 1 1 1 1 1 1 1 1 1 1 1 1 1 1 1 1 1 1 1 1 1 1 1 1 1 1 100 100 7 1 1 1 1 1 1 1 1 1 1 1 1 1 1 1 1 1 1 1 1 1 1 1 1 1 1 1 1 1 1 1 1 1 1 1 1 1 1 1 1 7 1 1 1 1 1 1 1 1 1 1 1 1 1 1 1 1 1 1 1 1 1 1 1 1 1 1 1 1 1 1 1 1 1 1 1 1 1 1 1 1 1 1 1 1 1 12 12 12 12 12 12 12 12 12 12 12 12 1 12 12 12 12 12 1 12 12 12 1 100 12 12 12 12 12 1 12 12 12 1 12 12 12 12 1 12 1 12 12 7 12 12 12 1 12 12 12 12 12 12 12 1 12 12 12 1 12 7 12 1 12 12 12 12 12 12 7 12 12 12 1 1 12 1 12 12 12 12 12 1 12 1 12 12 12 12 12 12 7 12 12 12 12 12 12 12 12 12 12 12 7 12 12 12 12 12 12 12 12 12 12 7 12 12 12 1 12 7 12 12 1 1 1 1 1 1 1 1 1 1 1 1 1 1 1 1 1 1 1 1 1 1 1 1 1 1 1 1 1 1 1 1 1 1 1 1 1 1 1 1 1 1 1 1 1 1 1 1 1 1 1 1 1 1 1 1 1 1 1 1 1 1 1 1 1 1 1 1 1 1 1 1 1 1 1 1 1 1 1 1 1 1 1 1 1 1 1 1 1 1 1 1 1 1 1
ciInstanceKlass sun/awt/image/ImageConsumerQueue 1 1 118 9 9 9 10 7 9 9 100 8 10 9 10 10 9 8 8 18 18 7 7 1 1 1 1 1 1 1 1 1 1 1 1 1 1 1 1 1 1 1 1 1 1 1 1 1 1 1 1 1 1 1 100 100 100 1 1 100 1 1 12 12 12 12 1 12 7 12 1 1 12 12 100 12 12 12 1 1 1 15 8 12 8 12 1 1 1 1 1 1 1 1 1 1 1 1 1 1 1 1 1 1 10 1 1 1 1 1 100 12 1 100 1 1 1 100 1 1
ciInstanceKlass sun/awt/image/ImageFetcher 1 1 243 10 100 8 10 18 10 10 10 9 10 10 9 9 9 10 10 10 10 10 10 7 5 0 10 10 100 10 7 10 100 10 10 10 10 11 9 8 10 10 18 10 8 10 10 10 10 100 7 10 10 7 1 1 1 1 3 1 3 1 3 1 3 1 1 1 1 1 1 1 1 1 1 1 1 1 1 1 1 1 1 7 7 100 1 1 1 1 1 1 1 1 1 1 1 1 1 1 1 1 1 1 1 1 1 1 1 1 1 1 1 1 1 1 1 7 7 1 1 1 12 1 1 12 1 15 8 12 12 12 12 12 7 12 12 12 12 12 12 12 12 12 12 7 12 1 12 12 1 12 1 12 1 12 12 12 12 12 12 1 100 12 12 8 12 1 12 12 12 1 1 12 7 12 1 1 1 1 1 1 1 10 1 1 1 1 1 1 1 1 1 1 1 1 1 1 1 1 1 1 1 1 1 1 1 1 1 1 1 1 1 1 1 1 1 1 1 1 1 1 1 1 1 1 1 1 1 1 1 1 1 1 1 1 7 12 1 100 1 1 100 1 1
ciInstanceKlass sun/awt/image/FetcherInfo 1 1 76 10 7 7 9 9 9 7 10 9 10 9 10 10 10 7 8 10 7 1 1 1 3 1 1 1 1 1 1 1 1 1 1 1 1 1 1 1 1 1 1 1 1 1 1 1 7 100 1 1 1 12 1 1 12 12 12 1 12 12 12 12 12 1 1 12 1 1 1 1 1 1 1 1 1 1
staticfield sun/awt/image/FetcherInfo FETCHER_INFO_KEY Ljava/lang/Object; java/lang/StringBuffer
instanceKlass sun/awt/image/GifImageDecoder
instanceKlass sun/awt/image/PNGImageDecoder
ciInstanceKlass sun/awt/image/ImageDecoder 1 1 178 10 9 9 10 9 9 10 10 9 10 9 9 9 10 9 11 11 11 11 100 10 10 11 11 10 11 10 100 10 10 10 100 7 7 1 1 1 1 1 1 1 1 1 1 1 1 1 1 1 1 1 1 1 1 1 1 1 1 1 1 1 1 1 1 1 1 7 100 1 1 1 1 1 1 1 1 1 1 1 1 1 1 1 1 1 1 1 1 1 1 1 1 1 1 1 1 1 1 1 1 1 1 1 1 1 1 1 100 1 1 1 1 1 12 12 12 7 12 12 12 12 12 12 12 12 12 12 12 12 7 12 12 12 12 1 12 7 12 12 12 12 12 12 1 12 100 12 7 1 1 1 1 1 1 1 1 1 1 1 1 1 1 1 1 1 1 1 1 1 1 1 1 1 1 1 1 1
ciInstanceKlass sun/awt/image/PNGImageDecoder 1 1 539 9 7 10 10 10 10 100 8 10 10 9 10 100 10 9 9 9 8 8 100 10 10 8 9 3 8 4 10 9 9 8 10 9 9 9 9 7 10 8 100 10 10 10 9 10 9 9 9 9 10 8 7 7 9 7 10 10 10 10 8 8 100 10 9 10 9 10 10 8 10 10 100 10 10 7 9 9 9 9 9 9 10 8 10 3 8 10 10 10 10 100 100 9 8 10 10 8 10 9 7 10 9 9 9 9 10 9 10 9 18 9 9 10 9 8 10 10 9 10 10 10 18 10 9 10 7 3 7 1 1 1 1 1 1 3 1 3 1 3 1 3 1 3 1 3 1 3 1 3 1 3 1 3 1 3 1 3 1 3 1 3 1 3 1 3 1 3 1 3 1 1 1 1 1 1 1 1 1 1 1 1 1 1 1 1 1 1 1 1 1 1 1 1 1 1 1 1 1 1 1 1 1 1 1 1 1 1 1 1 1 1 1 1 1 1 1 1 1 1 1 1 1 1 1 1 1 1 1 1 1 1 1 1 1 1 1 1 1 1 1 1 1 1 1 1 1 1 1 1 1 1 100 1 1 1 1 1 1 1 1 1 1 1 1 1 1 1 1 1 1 1 1 1 1 1 1 1 1 1 1 1 1 1 1 1 1 1 1 1 1 1 1 1 1 7 100 100 1 1 1 1 1 1 1 1 1 1 1 1 1 1 1 1 1 1 1 1 1 1 1 1 1 1 1 1 1 1 1 1 1 1 1 1 1 1 1 1 1 1 1 1 1 1 1 1 1 1 1 1 1 1 12 1 12 12 100 12 12 1 1 12 12 12 12 1 12 12 12 12 1 1 1 12 12 1 12 12 12 12 1 12 12 12 12 12 1 12 1 1 12 12 12 12 7 12 12 12 12 12 12 1 1 1 12 1 12 12 12 1 1 1 12 12 12 12 12 12 1 12 12 1 12 12 1 12 12 12 12 12 12 12 1 12 1 12 12 12 12 1 1 12 1 12 12 1 12 12 1 12 12 12 12 12 12 12 12 1 15 8 12 12 12 12 12 1 12 12 12 100 12 12 12 8 12 12 12 1 1 1 1 1 1 1 1 1 1 1 1 1 1 1 1 1 1 1 1 1 1 1 1 1 1 1 1 1 1 1 1 1 1 1 1 1 1 1 1 1 1 1 10 1 1 1 1 1 1 1 1 1 100 12 1 100 1 1 100 1 1
staticfield sun/awt/image/PNGImageDecoder startingRow [B 8
staticfield sun/awt/image/PNGImageDecoder startingCol [B 8
staticfield sun/awt/image/PNGImageDecoder rowIncrement [B 8
staticfield sun/awt/image/PNGImageDecoder colIncrement [B 8
staticfield sun/awt/image/PNGImageDecoder blockHeight [B 8
staticfield sun/awt/image/PNGImageDecoder blockWidth [B 8
staticfield sun/awt/image/PNGImageDecoder signature [B 8
staticfield sun/awt/image/PNGImageDecoder crc_table [I 256
ciInstanceKlass sun/awt/image/PNGFilterInputStream 1 1 84 10 9 9 9 9 9 10 9 10 9 9 10 10 10 7 7 1 1 1 1 1 1 1 1 1 1 1 1 1 1 1 100 1 1 1 1 1 1 1 1 1 1 1 1 1 1 1 1 1 1 12 12 12 12 7 12 12 100 12 12 12 12 12 12 7 12 12 1 1 1 1 1 1 1 1 1 1 1 1 1 1 1 1
ciInstanceKlass sun/awt/image/GifImageDecoder 1 1 351 100 7 10 9 7 10 9 9 9 9 100 10 9 10 100 10 9 10 10 10 10 10 10 8 100 10 18 8 10 8 10 10 10 100 9 10 10 9 9 10 10 8 10 9 9 9 9 9 8 6 0 18 100 3 9 7 9 10 10 10 10 9 10 7 10 10 10 10 10 10 10 10 10 10 10 7 1 1 1 3 1 1 3 1 3 1 3 1 3 1 3 1 3 1 3 1 3 1 3 1 1 1 1 1 1 1 1 1 1 1 1 1 1 1 1 1 1 3 1 3 1 1 1 1 1 1 1 1 1 1 1 1 1 1 1 1 1 1 1 1 1 1 1 1 1 1 1 1 1 100 1 1 1 1 1 1 1 1 1 1 1 1 1 1 1 1 100 1 1 1 1 1 1 1 1 1 1 1 1 1 1 1 1 1 1 1 1 1 1 1 100 1 1 1 1 1 1 1 1 1 1 1 1 1 1 1 1 1 1 1 1 1 1 1 1 12 12 1 12 12 12 12 12 1 12 12 7 12 1 12 12 12 12 12 12 100 12 12 1 1 12 1 15 8 12 1 12 12 12 12 1 12 12 12 12 12 12 1 12 12 12 12 12 12 1 8 12 1 12 1 12 12 100 12 12 12 12 1 12 12 12 12 12 12 12 12 12 7 12 12 1 1 1 1 1 1 1 1 1 1 1 1 10 1 1 1 1 1 1 1 1 1 1 1 1 1 1 1 1 1 1 1 1 1 1 1 1 1 1 1 1 1 1 1 1 1 1 1 1 1 100 12 1 100 1 1 1 100 1 1
compile sun/awt/image/PNGImageDecoder produceImage ()V 960 4 inline 14 0 -1 sun/awt/image/PNGImageDecoder produceImage ()V 1 1728 sun/awt/image/PNGImageDecoder sendPixels (IIII[III)Z 1 871 java/io/BufferedInputStream read ()I 2 29 java/io/BufferedInputStream getBufIfOpen ()[B 1 896 java/io/BufferedInputStream read ([BII)I 2 1 java/io/BufferedInputStream getBufIfOpen ()[B 2 49 java/io/BufferedInputStream read1 ([BII)I 3 18 java/io/BufferedInputStream getBufIfOpen ()[B 3 33 java/io/BufferedInputStream getInIfOpen ()Ljava/io/InputStream; 3 39 java/io/FileInputStream read ([BII)I 3 44 java/io/BufferedInputStream fill ()V 4 1 java/io/BufferedInputStream getBufIfOpen ()[B 4 202 java/io/BufferedInputStream getInIfOpen ()Ljava/io/InputStream; 3 80 java/io/BufferedInputStream getBufIfOpen ()[B
