"transaksi_id","jenis","nomer","fulldate","supplier_id","supplier_nama","debet_rek","locker_awal","locker_nilai_active","locker_nilai_diklaim","selisih_debet_vs_locker_awal","status_rekonsiliasi","reg_create_at","locker_last_dtime"
"611713","3344","3344.-1.107","2025-11-05","4","PT.PANASONIC GOBEL INDONESIA","361471500.000000","0.000000","0.000000","0.000000","361471500.000000","LOCKER_ZERO","2026-02-02 23:03:36","2025-11-15 10:24:28"
"552047","999","999.-1.63","2025-08-28","4","","317354905.000000","0.000000","0.000000","0.000000","317354905.000000","LOCKER_ZERO","2026-02-02 23:03:36",
"493520","467","467.-1.2729","2025-06-25","4","PT.PANASONIC GOBEL INDONESIA","58243764.703792","3505411.764580","0.000000","3505411.764580","54738352.939212","LOCKER_UNDER","2026-02-02 23:03:36","2025-08-20 10:29:17"
"494063","467","467.-1.2739","2025-06-25","4","PT.PANASONIC GOBEL INDONESIA","58243764.703792","3505411.764580","0.000000","3505411.764580","54738352.939212","LOCKER_UNDER","2026-02-02 23:03:36","2025-08-20 10:43:48"
"494735","467","467.-1.2744","2025-06-26","4","PT.PANASONIC GOBEL INDONESIA","58243764.703792","3505411.764580","0.000000","3505411.764580","54738352.939212","LOCKER_UNDER","2026-02-02 23:03:36","2025-08-20 10:44:55"
"496545","467","467.-1.2747","2025-06-28","4","PT.PANASONIC GOBEL INDONESIA","58243764.703792","3505411.764580","0.000000","3505411.764580","54738352.939212","LOCKER_UNDER","2026-02-02 23:03:36","2025-08-20 10:45:40"
"505959","467","467.-1.2803","2025-07-07","4","PT.PANASONIC GOBEL INDONESIA","58243764.703792","3505411.764580","0.000000","3505411.764580","54738352.939212","LOCKER_UNDER","2026-02-02 23:03:36","2025-08-20 10:56:35"
"506207","467","467.-1.2804","2025-07-08","4","PT.PANASONIC GOBEL INDONESIA","58243764.703792","3505411.764580","0.000000","3505411.764580","54738352.939212","LOCKER_UNDER","2026-02-02 23:03:36","2025-08-20 10:57:30"
"490327","467","467.-1.2714","2025-06-21","4","PT.PANASONIC GOBEL INDONESIA","58243764.703792","6201882.352719","0.000000","6201882.352719","52041882.351073","LOCKER_UNDER","2026-02-02 23:03:36","2025-08-20 10:28:36"
"500900","467","467.-1.2772","2025-07-02","4","PT.PANASONIC GOBEL INDONESIA","58243764.703792","6201882.352719","0.000000","6201882.352719","52041882.351073","LOCKER_UNDER","2026-02-02 23:03:36","2025-08-20 10:51:20"
"502335","467","467.-1.2782","2025-07-04","4","PT.PANASONIC GOBEL INDONESIA","58243764.703792","6201882.352719","0.000000","6201882.352719","52041882.351073","LOCKER_UNDER","2026-02-02 23:03:36","2025-08-20 10:52:21"
"507297","467","467.-1.2810","2025-07-09","4","PT.PANASONIC GOBEL INDONESIA","58243764.703792","6201882.352719","0.000000","6201882.352719","52041882.351073","LOCKER_UNDER","2026-02-02 23:03:36","2025-08-20 10:58:35"
"508794","467","467.-1.2819","2025-07-10","4","PT.PANASONIC GOBEL INDONESIA","58243764.703792","6201882.352719","0.000000","6201882.352719","52041882.351073","LOCKER_UNDER","2026-02-02 23:03:36","2025-08-20 11:07:33"
"509654","467","467.-1.2825","2025-07-11","4","PT.PANASONIC GOBEL INDONESIA","58243764.703792","6201882.352719","0.000000","6201882.352719","52041882.351073","LOCKER_UNDER","2026-02-02 23:03:36","2025-08-20 11:09:49"
"515361","467","467.-1.2857","2025-07-18","4","PT.PANASONIC GOBEL INDONESIA","30582866.396999","0.000000","0.000000","0.000000","30582866.396999","LOCKER_ZERO","2026-02-02 23:03:36","2025-08-18 20:32:50"
"512220","467","467.-1.2838","2025-07-14","4","PT.PANASONIC GOBEL INDONESIA","30582866.396999","3629836.707388","0.000000","3629836.707388","26953029.689610","LOCKER_UNDER","2026-02-02 23:03:36","2025-08-20 11:29:29"
"510486","467","467.-1.2833","2025-07-12","4","PT.PANASONIC GOBEL INDONESIA","30582866.396999","3968007.305902","0.000000","3968007.305902","26614859.091097","LOCKER_UNDER","2026-02-02 23:03:36","2025-08-20 11:13:07"
"512748","467","467.-1.2840","2025-07-15","4","PT.PANASONIC GOBEL INDONESIA","30582866.396999","3968007.305902","0.000000","3968007.305902","26614859.091097","LOCKER_UNDER","2026-02-02 23:03:36","2025-08-20 11:30:39"
"510482","467","467.-1.2832","2025-07-12","4","PT.PANASONIC GOBEL INDONESIA","30582866.396999","4537295.884236","0.000000","4537295.884236","26045570.512763","LOCKER_UNDER","2026-02-02 23:03:36","2025-08-20 11:11:19"
"488326","467","467.-1.2689","2025-06-19","4","PT.PANASONIC GOBEL INDONESIA","29121882.351896","3505411.764580","0.000000","3505411.764580","25616470.587316","LOCKER_UNDER","2026-02-02 23:03:36","2025-08-20 10:19:44"
"490325","467","467.-1.2713","2025-06-21","4","PT.PANASONIC GOBEL INDONESIA","29121882.351896","3505411.764580","0.000000","3505411.764580","25616470.587316","LOCKER_UNDER","2026-02-02 23:03:36","2025-08-20 10:24:13"
"573520","967","967.-1.12","2025-09-25","4","PT.PANASONIC GOBEL INDONESIA","23653594.950000","0.000000","0.000000","0.000000","23653594.950000","LOCKER_ZERO","2026-02-02 23:03:36",
"487083","467","467.-1.2678","2025-06-18","4","PT.PANASONIC GOBEL INDONESIA","27275294.116594","3896470.588085","0.000000","3896470.588085","23378823.528509","LOCKER_UNDER","2026-02-02 23:03:36","2025-08-20 10:03:30"
"489138","467","467.-1.2704","2025-06-20","4","PT.PANASONIC GOBEL INDONESIA","27275294.116594","3896470.588085","0.000000","3896470.588085","23378823.528509","LOCKER_UNDER","2026-02-02 23:03:36","2025-08-20 10:21:37"
"510488","467","467.-1.2834","2025-07-12","4","PT.PANASONIC GOBEL INDONESIA","30582866.396999","9443295.126242","0.000000","9443295.126242","21139571.270757","LOCKER_UNDER","2026-02-02 23:03:36","2025-08-20 11:28:50"
"198192","467","467.-1.1238","2024-09-12","4","PT.PANASONIC GOBEL INDONESIA","18000000.000000","0.000000","0.000000","0.000000","18000000.000000","LOCKER_ZERO","2026-02-02 23:03:36","2025-04-17 10:29:07"
"524333","467","467.-1.2909","2025-07-28","4","PT.PANASONIC GOBEL INDONESIA","15951292.000000","1614564.000000","0.000000","1614564.000000","14336728.000000","LOCKER_UNDER","2026-02-02 23:03:36","2025-08-20 11:49:03"
"524519","467","467.-1.2911","2025-07-28","4","PT.PANASONIC GOBEL INDONESIA","15951292.000000","2767824.000000","0.000000","2767824.000000","13183468.000000","LOCKER_UNDER","2026-02-02 23:03:36","2025-08-20 11:50:21"
"496547","467","467.-1.2748","2025-06-28","4","PT.PANASONIC GOBEL INDONESIA","15079058.823353","3896470.588085","0.000000","3896470.588085","11182588.235268","LOCKER_UNDER","2026-02-02 23:03:36","2025-08-20 10:46:21"
"498714","467","467.-1.2760","2025-06-30","4","PT.PANASONIC GOBEL INDONESIA","15079058.823353","4870588.235106","0.000000","4870588.235106","10208470.588247","LOCKER_UNDER","2026-02-02 23:03:36","2025-08-20 10:50:24"
"497065","467","467.-1.2754","2025-06-28","4","PT.PANASONIC GOBEL INDONESIA","15079058.823353","6312000.000162","0.000000","6312000.000162","8767058.823191","LOCKER_UNDER","2026-02-02 23:03:36","2025-08-20 10:49:12"
"516907","467","467.-1.2863","2025-07-19","4","PT.PANASONIC GOBEL INDONESIA","9462198.000000","1464960.000000","0.000000","1464960.000000","7997238.000000","LOCKER_UNDER","2026-02-02 23:03:36","2025-08-20 11:40:21"
"516909","467","467.-1.2864","2025-07-19","4","PT.PANASONIC GOBEL INDONESIA","9462198.000000","1515984.000000","0.000000","1515984.000000","7946214.000000","LOCKER_UNDER","2026-02-02 23:03:36","2025-08-20 11:41:16"
"518074","467","467.-1.2868","2025-07-21","4","PT.PANASONIC GOBEL INDONESIA","9462198.000000","1729890.000000","0.000000","1729890.000000","7732308.000000","LOCKER_UNDER","2026-02-02 23:03:36","2025-08-20 11:43:58"
"518805","467","467.-1.2877","2025-07-22","4","PT.PANASONIC GOBEL INDONESIA","9462198.000000","1983540.000000","0.000000","1983540.000000","7478658.000000","LOCKER_UNDER","2026-02-02 23:03:36","2025-08-20 11:48:19"
"45210","3344","3344.-1.7","2024-03-15","4","PT.PANASONIC GOBEL INDONESIA","6750000.000000","0.000000","0.000000","0.000000","6750000.000000","LOCKER_ZERO","2026-02-02 23:03:36","2025-04-17 10:29:07"
"516905","467","467.-1.2862","2025-07-19","4","PT.PANASONIC GOBEL INDONESIA","9462198.000000","2767824.000000","0.000000","2767824.000000","6694374.000000","LOCKER_UNDER","2026-02-02 23:03:36","2025-08-20 11:39:27"
"310045","467","467.-1.1760","2025-01-02","4","PT.PANASONIC GOBEL INDONESIA","5753647.058778","0.000000","0.000000","0.000000","5753647.058778","LOCKER_ZERO","2026-02-02 23:03:36","2025-04-17 10:29:09"
"525068","467","467.-1.2915","2025-07-28","4","PT.PANASONIC GOBEL INDONESIA","6302165.882280","821517.647050","0.000000","821517.647050","5480648.235230","LOCKER_UNDER","2026-02-02 23:03:36","2025-08-20 11:51:04"
"318428","467","467.-1.1810","2025-01-10","4","PT.PANASONIC GOBEL INDONESIA","5357835.294094","0.000000","0.000000","0.000000","5357835.294094","LOCKER_ZERO","2026-02-02 23:03:36","2025-04-17 10:29:08"
"320810","467","467.-1.1824","2025-01-13","4","PT.PANASONIC GOBEL INDONESIA","5357835.294094","0.000000","0.000000","0.000000","5357835.294094","LOCKER_ZERO","2026-02-02 23:03:36","2025-04-17 10:29:08"
"322115","467","467.-1.1833","2025-01-15","4","PT.PANASONIC GOBEL INDONESIA","5357835.294094","0.000000","0.000000","0.000000","5357835.294094","LOCKER_ZERO","2026-02-02 23:03:36","2025-04-17 10:29:09"
"329849","467","467.-1.1883","2025-01-25","4","PT.PANASONIC GOBEL INDONESIA","4653176.470633","0.000000","0.000000","0.000000","4653176.470633","LOCKER_ZERO","2026-02-02 23:03:36","2025-04-17 10:29:09"
"211644","467","467.-1.1293","2024-09-27","4","PT.PANASONIC GOBEL INDONESIA","4500000.000000","0.000000","0.000000","0.000000","4500000.000000","LOCKER_ZERO","2026-02-02 23:03:36","2025-04-17 10:29:08"
"298214","467","467.-1.1697","2024-12-17","4","PT.PANASONIC GOBEL INDONESIA","4221176.470425","0.000000","0.000000","0.000000","4221176.470425","LOCKER_ZERO","2026-02-02 23:03:36","2025-04-17 10:29:08"
"315024","467","467.-1.1778","2025-01-06","4","PT.PANASONIC GOBEL INDONESIA","4221176.470425","0.000000","0.000000","0.000000","4221176.470425","LOCKER_ZERO","2026-02-02 23:03:36","2025-04-17 10:29:09"
"324489","467","467.-1.1850","2025-01-18","4","PT.PANASONIC GOBEL INDONESIA","4221176.470425","0.000000","0.000000","0.000000","4221176.470425","LOCKER_ZERO","2026-02-02 23:03:36","2025-04-17 10:29:09"
"327048","467","467.-1.1868","2025-01-22","4","PT.PANASONIC GOBEL INDONESIA","4221176.470425","0.000000","0.000000","0.000000","4221176.470425","LOCKER_ZERO","2026-02-02 23:03:36","2025-04-17 10:29:09"
"334777","467","467.-1.1891","2025-01-30","4","PT.PANASONIC GOBEL INDONESIA","4221176.470425","0.000000","0.000000","0.000000","4221176.470425","LOCKER_ZERO","2026-02-02 23:03:36","2025-04-17 10:29:09"
"339007","467","467.-1.1924","2025-02-05","4","PT.PANASONIC GOBEL INDONESIA","4044705.882208","0.000000","0.000000","0.000000","4044705.882208","LOCKER_ZERO","2026-02-02 23:03:36","2025-04-17 10:29:08"
"339829","467","467.-1.1932","2025-02-06","4","PT.PANASONIC GOBEL INDONESIA","4044705.882208","0.000000","0.000000","0.000000","4044705.882208","LOCKER_ZERO","2026-02-02 23:03:36","2025-04-17 10:29:08"
"310031","467","467.-1.1759","2025-01-02","4","PT.PANASONIC GOBEL INDONESIA","4032752.941215","0.000000","0.000000","0.000000","4032752.941215","LOCKER_ZERO","2026-02-02 23:03:36","2025-04-17 10:29:09"
"320812","467","467.-1.1825","2025-01-13","4","PT.PANASONIC GOBEL INDONESIA","4032752.941215","0.000000","0.000000","0.000000","4032752.941215","LOCKER_ZERO","2026-02-02 23:03:36","2025-04-17 10:29:09"
"309868","467","467.-1.1758","2025-01-02","4","PT.PANASONIC GOBEL INDONESIA","3896470.588085","0.000000","0.000000","0.000000","3896470.588085","LOCKER_ZERO","2026-02-02 23:03:36","2025-04-17 10:29:09"
"317240","467","467.-1.1799","2025-01-09","4","PT.PANASONIC GOBEL INDONESIA","3896470.588085","0.000000","0.000000","0.000000","3896470.588085","LOCKER_ZERO","2026-02-02 23:03:36","2025-04-17 10:29:08"
"318144","467","467.-1.1807","2025-01-09","4","PT.PANASONIC GOBEL INDONESIA","3896470.588085","0.000000","0.000000","0.000000","3896470.588085","LOCKER_ZERO","2026-02-02 23:03:36","2025-04-17 10:29:08"
"328804","467","467.-1.1879","2025-01-23","4","PT.PANASONIC GOBEL INDONESIA","3896470.588085","0.000000","0.000000","0.000000","3896470.588085","LOCKER_ZERO","2026-02-02 23:03:36","2025-04-17 10:29:09"
"339003","467","467.-1.1922","2025-02-05","4","PT.PANASONIC GOBEL INDONESIA","3896470.588085","0.000000","0.000000","0.000000","3896470.588085","LOCKER_ZERO","2026-02-02 23:03:36","2025-04-17 10:29:08"
"295756","467","467.-1.1681","2024-12-13","4","PT.PANASONIC GOBEL INDONESIA","3861458.823628","0.000000","0.000000","0.000000","3861458.823628","LOCKER_ZERO","2026-02-02 23:03:36","2025-04-17 10:29:08"
"302531","467","467.-1.1712","2024-12-21","4","PT.PANASONIC GOBEL INDONESIA","3861458.823628","0.000000","0.000000","0.000000","3861458.823628","LOCKER_ZERO","2026-02-02 23:03:36","2025-04-17 10:29:09"
"318392","467","467.-1.1809","2025-01-10","4","PT.PANASONIC GOBEL INDONESIA","3861458.823628","0.000000","0.000000","0.000000","3861458.823628","LOCKER_ZERO","2026-02-02 23:03:36","2025-04-17 10:29:08"
"319552","467","467.-1.1816","2025-01-11","4","PT.PANASONIC GOBEL INDONESIA","3775058.823394","0.000000","0.000000","0.000000","3775058.823394","LOCKER_ZERO","2026-02-02 23:03:36","2025-04-17 10:29:08"
"334779","467","467.-1.1892","2025-01-30","4","PT.PANASONIC GOBEL INDONESIA","3775058.823394","0.000000","0.000000","0.000000","3775058.823394","LOCKER_ZERO","2026-02-02 23:03:36","2025-04-17 10:29:09"
"339839","467","467.-1.1933","2025-02-06","4","PT.PANASONIC GOBEL INDONESIA","3775058.823394","0.000000","0.000000","0.000000","3775058.823394","LOCKER_ZERO","2026-02-02 23:03:36","2025-04-17 10:29:08"
"318388","467","467.-1.1808","2025-01-10","4","PT.PANASONIC GOBEL INDONESIA","3722541.176506","0.000000","0.000000","0.000000","3722541.176506","LOCKER_ZERO","2026-02-02 23:03:36","2025-04-17 10:29:08"
"317236","467","467.-1.1798","2025-01-09","4","PT.PANASONIC GOBEL INDONESIA","3564423.529503","0.000000","0.000000","0.000000","3564423.529503","LOCKER_ZERO","2026-02-02 23:03:36","2025-04-17 10:29:08"
"322121","467","467.-1.1834","2025-01-15","4","PT.PANASONIC GOBEL INDONESIA","3564423.529503","0.000000","0.000000","0.000000","3564423.529503","LOCKER_ZERO","2026-02-02 23:03:36","2025-04-17 10:29:09"
"327044","467","467.-1.1866","2025-01-22","4","PT.PANASONIC GOBEL INDONESIA","3564423.529503","0.000000","0.000000","0.000000","3564423.529503","LOCKER_ZERO","2026-02-02 23:03:36","2025-04-17 10:29:09"
"339005","467","467.-1.1923","2025-02-05","4","PT.PANASONIC GOBEL INDONESIA","3564423.529503","0.000000","0.000000","0.000000","3564423.529503","LOCKER_ZERO","2026-02-02 23:03:36","2025-04-17 10:29:08"
"297022","467","467.-1.1690","2024-12-16","4","PT.PANASONIC GOBEL INDONESIA","3505411.764580","0.000000","0.000000","0.000000","3505411.764580","LOCKER_ZERO","2026-02-02 23:03:36","2025-04-17 10:29:08"
"298338","467","467.-1.1698","2024-12-17","4","PT.PANASONIC GOBEL INDONESIA","3505411.764580","0.000000","0.000000","0.000000","3505411.764580","LOCKER_ZERO","2026-02-02 23:03:36","2025-04-17 10:29:08"
"298342","467","467.-1.1699","2024-12-17","4","PT.PANASONIC GOBEL INDONESIA","3505411.764580","0.000000","0.000000","0.000000","3505411.764580","LOCKER_ZERO","2026-02-02 23:03:36","2025-04-17 10:29:08"
"302695","467","467.-1.1713","2024-12-21","4","PT.PANASONIC GOBEL INDONESIA","3505411.764580","0.000000","0.000000","0.000000","3505411.764580","LOCKER_ZERO","2026-02-02 23:03:36","2025-04-17 10:29:09"
"302697","467","467.-1.1714","2024-12-21","4","PT.PANASONIC GOBEL INDONESIA","3505411.764580","0.000000","0.000000","0.000000","3505411.764580","LOCKER_ZERO","2026-02-02 23:03:36","2025-04-17 10:29:09"
"309778","467","467.-1.1757","2024-12-31","4","PT.PANASONIC GOBEL INDONESIA","3505411.764580","0.000000","0.000000","0.000000","3505411.764580","LOCKER_ZERO","2026-02-02 23:03:36","2025-04-17 10:29:09"
"315058","467","467.-1.1779","2025-01-06","4","PT.PANASONIC GOBEL INDONESIA","3505411.764580","0.000000","0.000000","0.000000","3505411.764580","LOCKER_ZERO","2026-02-02 23:03:36","2025-04-17 10:29:09"
"315236","467","467.-1.1780","2025-01-07","4","PT.PANASONIC GOBEL INDONESIA","3505411.764580","0.000000","0.000000","0.000000","3505411.764580","LOCKER_ZERO","2026-02-02 23:03:36","2025-04-17 10:29:09"
"320808","467","467.-1.1823","2025-01-13","4","PT.PANASONIC GOBEL INDONESIA","3505411.764580","0.000000","0.000000","0.000000","3505411.764580","LOCKER_ZERO","2026-02-02 23:03:36","2025-04-17 10:29:08"
"321052","467","467.-1.1826","2025-01-14","4","PT.PANASONIC GOBEL INDONESIA","3505411.764580","0.000000","0.000000","0.000000","3505411.764580","LOCKER_ZERO","2026-02-02 23:03:36","2025-04-17 10:29:09"
"322133","467","467.-1.1835","2025-01-15","4","PT.PANASONIC GOBEL INDONESIA","3505411.764580","0.000000","0.000000","0.000000","3505411.764580","LOCKER_ZERO","2026-02-02 23:03:36","2025-04-17 10:29:09"
"326780","467","467.-1.1865","2025-01-21","4","PT.PANASONIC GOBEL INDONESIA","3505411.764580","0.000000","0.000000","0.000000","3505411.764580","LOCKER_ZERO","2026-02-02 23:03:36","2025-04-17 10:29:09"
"327046","467","467.-1.1867","2025-01-22","4","PT.PANASONIC GOBEL INDONESIA","3505411.764580","0.000000","0.000000","0.000000","3505411.764580","LOCKER_ZERO","2026-02-02 23:03:36","2025-04-17 10:29:09"
"329110","467","467.-1.1880","2025-01-24","4","PT.PANASONIC GOBEL INDONESIA","3505411.764580","0.000000","0.000000","0.000000","3505411.764580","LOCKER_ZERO","2026-02-02 23:03:36","2025-04-17 10:29:09"
"525315","467","467.-1.2916","2025-07-29","4","PT.PANASONIC GOBEL INDONESIA","4818932.000000","1579150.000000","0.000000","1579150.000000","3239782.000000","LOCKER_UNDER","2026-02-02 23:03:36","2025-08-20 11:52:30"
"518735","467","467.-1.2874","2025-07-22","4","PT.PANASONIC GOBEL INDONESIA","3732080.294102","647576.470585","0.000000","647576.470585","3084503.823517","LOCKER_UNDER","2026-02-02 23:03:36","2025-08-20 11:45:05"
"153860","467","467.-1.975","2024-07-22","4","PT.PANASONIC GOBEL INDONESIA","2728750.000015","0.000000","0.000000","0.000000","2728750.000015","LOCKER_ZERO","2026-02-02 23:03:36","2025-04-17 10:29:09"
"336048","467","467.-1.1902","2025-02-01","4","PT.PANASONIC GOBEL INDONESIA","2435294.117553","0.000000","0.000000","0.000000","2435294.117553","LOCKER_ZERO","2026-02-02 23:03:36","2025-04-17 10:29:09"
"336100","467","467.-1.1903","2025-02-01","4","PT.PANASONIC GOBEL INDONESIA","2326588.235316","0.000000","0.000000","0.000000","2326588.235316","LOCKER_ZERO","2026-02-02 23:03:36","2025-04-17 10:29:09"
"494017","467","467.-1.2737","2025-06-25","4","PT.PANASONIC GOBEL INDONESIA","3109576.470528","932872.941158","0.000000","932872.941158","2176703.529369","LOCKER_UNDER","2026-02-02 23:03:36","2025-08-20 10:41:34"
"319666","467","467.-1.1818","2025-01-11","4","PT.PANASONIC GOBEL INDONESIA","2061076.470574","0.000000","0.000000","0.000000","2061076.470574","LOCKER_ZERO","2026-02-02 23:03:36","2025-04-17 10:29:08"
"297018","467","467.-1.1689","2024-12-16","4","PT.PANASONIC GOBEL INDONESIA","1713919.999984","0.000000","0.000000","0.000000","1713919.999984","LOCKER_ZERO","2026-02-02 23:03:36","2025-04-17 10:29:08"
"488923","467","467.-1.2702","2025-06-19","4","PT.PANASONIC GOBEL INDONESIA","3109576.470528","1554788.235264","0.000000","1554788.235264","1554788.235264","LOCKER_UNDER","2026-02-02 23:03:36","2025-08-20 10:20:59"
"514128","467","467.-1.2855","2025-07-16","4","PT.PANASONIC GOBEL INDONESIA","6302165.882280","5049052.941115","0.000000","5049052.941115","1253112.941165","LOCKER_UNDER","2026-02-02 23:03:36","2025-08-20 11:32:44"
"507781","467","467.-1.2816","2025-07-09","4","PT.PANASONIC GOBEL INDONESIA","3732080.294102","3084503.823517","0.000000","3084503.823517","647576.470585","LOCKER_UNDER","2026-02-02 23:03:36","2025-08-20 11:00:16"
"514126","467","467.-1.2854","2025-07-16","4","PT.PANASONIC GOBEL INDONESIA","379911.764705","120881.176471","0.000000","120881.176471","259030.588234","LOCKER_UNDER","2026-02-02 23:03:36","2025-08-20 11:31:40"
"488921","467","467.-1.2701","2025-06-19","4","PT.PANASONIC GOBEL INDONESIA","783905.882356","593290.588238","0.000000","593290.588238","190615.294117","LOCKER_UNDER","2026-02-02 23:03:36","2025-08-20 10:20:22"
"518739","467","467.-1.2875","2025-07-22","4","PT.PANASONIC GOBEL INDONESIA","379911.764705","259030.588234","0.000000","259030.588234","120881.176471","LOCKER_UNDER","2026-02-02 23:03:36","2025-08-20 11:46:33"
"75447","467","467.-1.483","2024-04-30","4","PT.PANASONIC GOBEL INDONESIA","6629594.999814","6629594.999814","0.000000","6629594.999814","0.000000","MATCH","2026-02-02 23:03:36","2024-09-20 16:45:24"
"89451","467","467.-1.565","2024-05-14","4","PT.PANASONIC GOBEL INDONESIA","5160349.999912","5160349.999913","0.000000","5160349.999913","0.000000","MATCH","2026-02-02 23:03:36","2024-09-20 17:09:27"
"2092","467","467.-1.10","2024-01-11","4","PT.PANASONIC GOBEL INDONESIA","4778894.999922","4778894.999922","0.000000","4778894.999922","0.000000","MATCH","2026-02-02 23:03:36","2024-09-18 22:00:16"
"3129","467","467.-1.18","2024-01-13","4","PT.PANASONIC GOBEL INDONESIA","6718261.645407","6718261.645407","0.000000","6718261.645407","0.000000","MATCH","2026-02-02 23:03:36","2024-09-18 22:01:42"
"3529","467","467.-1.22","2024-01-15","4","PT.PANASONIC GOBEL INDONESIA","4050449.999943","4050449.999943","0.000000","4050449.999943","0.000000","MATCH","2026-02-02 23:03:36","2024-09-18 22:02:36"
"3531","467","467.-1.23","2024-01-15","4","PT.PANASONIC GOBEL INDONESIA","2578949.999964","2578949.999964","0.000000","2578949.999964","0.000000","MATCH","2026-02-02 23:03:36","2024-09-18 22:03:42"
"3673","467","467.-1.24","2024-01-15","4","PT.PANASONIC GOBEL INDONESIA","2642650.000003","2642650.000003","0.000000","2642650.000003","0.000000","MATCH","2026-02-02 23:03:36","2024-09-18 22:04:33"
"4799","467","467.-1.35","2024-01-17","4","PT.PANASONIC GOBEL INDONESIA","1629330.000024","1629330.000024","0.000000","1629330.000024","0.000000","MATCH","2026-02-02 23:03:36","2024-09-19 09:39:08"
"4959","467","467.-1.36","2024-01-17","4","PT.PANASONIC GOBEL INDONESIA","7307024.999898","7307024.999898","0.000000","7307024.999898","0.000000","MATCH","2026-02-02 23:03:36","2024-09-19 09:39:52"
"6099","467","467.-1.49","2024-01-20","4","PT.PANASONIC GOBEL INDONESIA","6997454.999748","6997454.999748","0.000000","6997454.999748","0.000000","MATCH","2026-02-02 23:03:36","2024-09-19 09:40:34"
"6395","467","467.-1.53","2024-01-22","4","PT.PANASONIC GOBEL INDONESIA","4527764.999837","4527764.999837","0.000000","4527764.999837","0.000000","MATCH","2026-02-02 23:03:36","2024-09-19 09:41:34"
"6397","467","467.-1.54","2024-01-22","4","PT.PANASONIC GOBEL INDONESIA","9570149.999771","9570149.999771","0.000000","9570149.999771","0.000000","MATCH","2026-02-02 23:03:36","2024-09-19 09:46:34"
"7097","467","467.-1.58","2024-01-23","4","PT.PANASONIC GOBEL INDONESIA","1324139.999982","1324139.999982","0.000000","1324139.999982","0.000000","MATCH","2026-02-02 23:03:36","2024-09-19 09:47:22"
"7545","467","467.-1.63","2024-01-24","4","PT.PANASONIC GOBEL INDONESIA","7367650.000018","7367650.000018","0.000000","7367650.000018","0.000000","MATCH","2026-02-02 23:03:36","2024-09-19 09:48:09"
"8101","467","467.-1.64","2024-01-24","4","PT.PANASONIC GOBEL INDONESIA","7367650.000018","7367650.000018","0.000000","7367650.000018","0.000000","MATCH","2026-02-02 23:03:36","2024-09-19 09:48:54"
"8221","467","467.-1.65","2024-01-24","4","PT.PANASONIC GOBEL INDONESIA","7367650.000018","7367650.000018","0.000000","7367650.000018","0.000000","MATCH","2026-02-02 23:03:36","2024-09-19 09:55:24"
"8858","467","467.-1.69","2024-01-25","4","PT.PANASONIC GOBEL INDONESIA","5894120.000014","5894120.000014","0.000000","5894120.000014","0.000000","MATCH","2026-02-02 23:03:36","2024-09-19 09:57:36"
"8869","467","467.-1.70","2024-01-25","4","PT.PANASONIC GOBEL INDONESIA","6214773.000025","6214773.000025","0.000000","6214773.000025","0.000000","MATCH","2026-02-02 23:03:36","2024-09-19 10:16:46"
"9159","467","467.-1.73","2024-01-26","4","PT.PANASONIC GOBEL INDONESIA","7367650.000018","7367650.000018","0.000000","7367650.000018","0.000000","MATCH","2026-02-02 23:03:36","2024-09-19 10:17:30"
"11883","467","467.-1.97","2024-01-31","4","PT.PANASONIC GOBEL INDONESIA","1324139.999982","1324139.999982","0.000000","1324139.999982","0.000000","MATCH","2026-02-02 23:03:36","2024-09-19 10:18:17"
"12257","467","467.-1.100","2024-02-01","4","PT.PANASONIC GOBEL INDONESIA","7367650.000018","7367650.000018","0.000000","7367650.000018","0.000000","MATCH","2026-02-02 23:03:36","2024-09-19 10:19:21"
"12856","467","467.-1.108","2024-02-01","4","PT.PANASONIC GOBEL INDONESIA","7367650.000018","7367650.000018","0.000000","7367650.000018","0.000000","MATCH","2026-02-02 23:03:36","2024-09-19 10:20:22"
"14881","467","467.-1.123","2024-02-05","4","PT.PANASONIC GOBEL INDONESIA","6997454.999748","6997454.999748","0.000000","6997454.999748","0.000000","MATCH","2026-02-02 23:03:36","2024-09-19 10:21:52"
"14885","467","467.-1.124","2024-02-05","4","PT.PANASONIC GOBEL INDONESIA","4792299.999935","4792299.999935","0.000000","4792299.999935","0.000000","MATCH","2026-02-02 23:03:36","2024-09-19 10:22:34"
"15469","467","467.-1.128","2024-02-06","4","PT.PANASONIC GOBEL INDONESIA","9570149.999771","9570149.999771","0.000000","9570149.999771","0.000000","MATCH","2026-02-02 23:03:36","2024-09-19 10:25:25"
"15571","3344","3344.-1.3","2024-02-06","4","PT.PANASONIC GOBEL INDONESIA","37500000.000000","37500000.000000","0.000000","37500000.000000","0.000000","MATCH","2026-02-02 23:03:36","2024-08-03 14:02:48"
"15629","467","467.-1.129","2024-02-06","4","PT.PANASONIC GOBEL INDONESIA","5285300.000006","5285300.000006","0.000000","5285300.000006","0.000000","MATCH","2026-02-02 23:03:36","2024-09-19 10:26:54"
"15676","467","467.-1.131","2024-02-06","4","PT.PANASONIC GOBEL INDONESIA","2052800.000018","2052800.000018","0.000000","2052800.000018","0.000000","MATCH","2026-02-02 23:03:36","2024-09-19 10:27:40"
"16474","467","467.-1.135","2024-02-07","4","PT.PANASONIC GOBEL INDONESIA","9570149.999771","9570149.999771","0.000000","9570149.999771","0.000000","MATCH","2026-02-02 23:03:36","2024-09-19 10:28:24"
"16926","467","467.-1.137","2024-02-12","4","PT.PANASONIC GOBEL INDONESIA","7650849.999893","7650849.999893","0.000000","7650849.999893","0.000000","MATCH","2026-02-02 23:03:36","2024-09-19 10:30:01"
"17216","467","467.-1.139","2024-02-12","4","PT.PANASONIC GOBEL INDONESIA","7534095.999890","7534095.999890","0.000000","7534095.999890","0.000000","MATCH","2026-02-02 23:03:36","2024-09-19 10:30:56"
"17288","467","467.-1.140","2024-02-12","4","PT.PANASONIC GOBEL INDONESIA","7650849.999893","7650849.999893","0.000000","7650849.999893","0.000000","MATCH","2026-02-02 23:03:36","2024-09-19 10:39:37"
"17322","467","467.-1.142","2024-02-12","4","PT.PANASONIC GOBEL INDONESIA","9570149.999771","9570149.999771","0.000000","9570149.999771","0.000000","MATCH","2026-02-02 23:03:36","2024-09-19 10:40:27"
"17934","467","467.-1.145","2024-02-13","4","PT.PANASONIC GOBEL INDONESIA","4939379.999822","4939379.999822","0.000000","4939379.999822","0.000000","MATCH","2026-02-02 23:03:36","2024-09-19 10:41:59"
"24759","467","467.-1.192","2024-02-20","4","PT.PANASONIC GOBEL INDONESIA","7367650.000018","7367650.000018","0.000000","7367650.000018","0.000000","MATCH","2026-02-02 23:03:36","2024-09-19 10:43:19"
"24849","467","467.-1.193","2024-02-20","4","PT.PANASONIC GOBEL INDONESIA","7367650.000018","7367650.000018","0.000000","7367650.000018","0.000000","MATCH","2026-02-02 23:03:36","2024-09-19 10:47:57"
"25959","467","467.-1.202","2024-02-21","4","PT.PANASONIC GOBEL INDONESIA","7367650.000018","7367650.000018","0.000000","7367650.000018","0.000000","MATCH","2026-02-02 23:03:36","2024-09-19 11:02:10"
"27867","467","467.-1.206","2024-02-23","4","PT.PANASONIC GOBEL INDONESIA","7308639.999885","7308639.999885","0.000000","7308639.999885","0.000000","MATCH","2026-02-02 23:03:36","2024-09-19 12:02:11"
"27871","467","467.-1.207","2024-02-23","4","PT.PANASONIC GOBEL INDONESIA","6997454.999748","6997454.999748","0.000000","6997454.999748","0.000000","MATCH","2026-02-02 23:03:36","2024-09-19 12:02:56"
"28601","467","467.-1.208","2024-02-24","4","PT.PANASONIC GOBEL INDONESIA","4715296.000012","4715296.000012","0.000000","4715296.000012","0.000000","MATCH","2026-02-02 23:03:36","2024-09-19 14:19:05"
"28603","467","467.-1.209","2024-02-24","4","PT.PANASONIC GOBEL INDONESIA","2652354.000007","2652354.000007","0.000000","2652354.000007","0.000000","MATCH","2026-02-02 23:03:36","2024-09-20 15:02:45"
"29149","467","467.-1.212","2024-02-24","4","PT.PANASONIC GOBEL INDONESIA","4378079.999940","4378079.999940","0.000000","4378079.999940","0.000000","MATCH","2026-02-02 23:03:36","2024-09-20 15:04:35"
"29161","467","467.-1.213","2024-02-24","4","PT.PANASONIC GOBEL INDONESIA","1682570.000019","1682570.000019","0.000000","1682570.000019","0.000000","MATCH","2026-02-02 23:03:36","2024-09-20 15:06:06"
"31168","467","467.-1.222","2024-02-27","4","PT.PANASONIC GOBEL INDONESIA","7650849.999893","7650849.999893","0.000000","7650849.999893","0.000000","MATCH","2026-02-02 23:03:36","2024-09-20 15:06:51"
"32294","467","467.-1.236","2024-02-28","4","PT.PANASONIC GOBEL INDONESIA","7650849.999893","7650849.999893","0.000000","7650849.999893","0.000000","MATCH","2026-02-02 23:03:36","2024-09-20 15:07:35"
"33906","467","467.-1.245","2024-03-01","4","PT.PANASONIC GOBEL INDONESIA","7650849.999893","7650849.999893","0.000000","7650849.999893","0.000000","MATCH","2026-02-02 23:03:36","2024-09-20 15:08:13"
"34178","467","467.-1.247","2024-03-01","4","PT.PANASONIC GOBEL INDONESIA","7367650.000018","7367650.000018","0.000000","7367650.000018","0.000000","MATCH","2026-02-02 23:03:36","2024-09-20 15:08:52"
"35026","467","467.-1.253","2024-03-02","4","PT.PANASONIC GOBEL INDONESIA","4515264.999962","4515264.999962","0.000000","4515264.999962","0.000000","MATCH","2026-02-02 23:03:36","2024-09-20 15:10:21"
"35724","467","467.-1.257","2024-03-04","4","PT.PANASONIC GOBEL INDONESIA","7367650.000018","7367650.000018","0.000000","7367650.000018","0.000000","MATCH","2026-02-02 23:03:36","2024-09-20 15:11:15"
"36672","467","467.-1.260","2024-03-05","4","PT.PANASONIC GOBEL INDONESIA","7367650.000018","7367650.000018","0.000000","7367650.000018","0.000000","MATCH","2026-02-02 23:03:36","2024-09-20 15:12:18"
"37080","467","467.-1.262","2024-03-05","4","PT.PANASONIC GOBEL INDONESIA","7367650.000018","7367650.000018","0.000000","7367650.000018","0.000000","MATCH","2026-02-02 23:03:36","2024-09-20 15:14:25"
"38556","467","467.-1.273","2024-03-06","4","PT.PANASONIC GOBEL INDONESIA","6997454.999748","6997454.999748","0.000000","6997454.999748","0.000000","MATCH","2026-02-02 23:03:36","2024-09-20 15:16:28"
"38570","467","467.-1.274","2024-03-06","4","PT.PANASONIC GOBEL INDONESIA","6234069.999790","6234069.999790","0.000000","6234069.999790","0.000000","MATCH","2026-02-02 23:03:36","2024-09-20 15:17:44"
"39539","467","467.-1.279","2024-03-07","4","PT.PANASONIC GOBEL INDONESIA","6750000.000000","6750000.000000","0.000000","6750000.000000","0.000000","MATCH","2026-02-02 23:03:36","2024-07-11 21:53:14"
"40607","467","467.-1.287","2024-03-08","4","PT.PANASONIC GOBEL INDONESIA","6997454.999748","6997454.999748","0.000000","6997454.999748","0.000000","MATCH","2026-02-02 23:03:36","2024-09-20 15:20:28"
"41409","467","467.-1.290","2024-03-09","4","PT.PANASONIC GOBEL INDONESIA","6003300.000044","6003300.000044","0.000000","6003300.000044","0.000000","MATCH","2026-02-02 23:03:36","2024-09-20 15:24:06"
"42609","467","467.-1.298","2024-03-12","4","PT.PANASONIC GOBEL INDONESIA","4553964.999951","4553964.999951","0.000000","4553964.999951","0.000000","MATCH","2026-02-02 23:03:36","2024-09-20 15:25:18"
"42611","467","467.-1.299","2024-03-12","4","PT.PANASONIC GOBEL INDONESIA","1401219.999985","1401219.999985","0.000000","1401219.999985","0.000000","MATCH","2026-02-02 23:03:36","2024-09-20 15:26:09"
"42775","467","467.-1.301","2024-03-12","4","PT.PANASONIC GOBEL INDONESIA","6003300.000044","6003300.000044","0.000000","6003300.000044","0.000000","MATCH","2026-02-02 23:03:36","2024-09-20 15:27:32"
"43435","467","467.-1.302","2024-03-13","4","PT.PANASONIC GOBEL INDONESIA","6003300.000044","6003300.000044","0.000000","6003300.000044","0.000000","MATCH","2026-02-02 23:03:36","2024-09-20 15:28:42"
"43451","467","467.-1.303","2024-03-13","4","PT.PANASONIC GOBEL INDONESIA","6750000.000000","6750000.000000","0.000000","6750000.000000","0.000000","MATCH","2026-02-02 23:03:36","2024-09-20 15:33:35"
"43603","467","467.-1.304","2024-03-13","4","PT.PANASONIC GOBEL INDONESIA","6003300.000044","6003300.000044","0.000000","6003300.000044","0.000000","MATCH","2026-02-02 23:03:36","2024-09-20 15:29:48"
"45102","467","467.-1.314","2024-03-15","4","PT.PANASONIC GOBEL INDONESIA","6234069.999790","6234069.999790","0.000000","6234069.999790","0.000000","MATCH","2026-02-02 23:03:36","2024-09-20 15:30:42"
"45104","467","467.-1.315","2024-03-15","4","PT.PANASONIC GOBEL INDONESIA","2145819.999987","2145819.999987","0.000000","2145819.999987","0.000000","MATCH","2026-02-02 23:03:36","2024-09-20 15:31:27"
"45172","467","467.-1.316","2024-03-15","4","PT.PANASONIC GOBEL INDONESIA","6234069.999790","6234069.999790","0.000000","6234069.999790","0.000000","MATCH","2026-02-02 23:03:36","2024-09-20 15:33:35"
"50294","467","467.-1.341","2024-03-21","4","PT.PANASONIC GOBEL INDONESIA","6234069.999790","6234069.999790","0.000000","6234069.999790","0.000000","MATCH","2026-02-02 23:03:36","2024-09-20 15:35:15"
"51232","467","467.-1.346","2024-03-22","4","PT.PANASONIC GOBEL INDONESIA","9570149.999771","9570149.999771","0.000000","9570149.999771","0.000000","MATCH","2026-02-02 23:03:36","2024-09-20 15:36:26"
"52165","467","467.-1.357","2024-03-23","4","PT.PANASONIC GOBEL INDONESIA","6095306.999935","6095306.999935","0.000000","6095306.999935","0.000000","MATCH","2026-02-02 23:03:36","2024-09-20 15:37:09"
"53971","467","467.-1.373","2024-03-26","4","PT.PANASONIC GOBEL INDONESIA","6003300.000044","6003300.000044","0.000000","6003300.000044","0.000000","MATCH","2026-02-02 23:03:36","2024-09-20 15:38:38"
"54337","467","467.-1.374","2024-03-27","4","PT.PANASONIC GOBEL INDONESIA","6003300.000044","6003300.000044","0.000000","6003300.000044","0.000000","MATCH","2026-02-02 23:03:36","2024-09-20 15:47:40"
"55324","467","467.-1.384","2024-03-28","4","PT.PANASONIC GOBEL INDONESIA","6234069.999790","6234069.999790","0.000000","6234069.999790","0.000000","MATCH","2026-02-02 23:03:36","2024-09-20 15:51:06"
"55394","467","467.-1.385","2024-03-28","4","PT.PANASONIC GOBEL INDONESIA","53369.999995","53369.999995","0.000000","53369.999995","0.000000","MATCH","2026-02-02 23:03:36","2024-09-20 15:53:48"
"55398","467","467.-1.386","2024-03-28","4","PT.PANASONIC GOBEL INDONESIA","1878536.000048","1878536.000048","0.000000","1878536.000048","0.000000","MATCH","2026-02-02 23:03:36","2024-09-20 15:54:27"
"56305","467","467.-1.397","2024-03-30","4","PT.PANASONIC GOBEL INDONESIA","3108529.999938","3108529.999938","0.000000","3108529.999938","0.000000","MATCH","2026-02-02 23:03:36","2024-09-20 15:56:41"
"57903","467","467.-1.404","2024-04-01","4","PT.PANASONIC GOBEL INDONESIA","6234069.999790","6234069.999790","0.000000","6234069.999790","0.000000","MATCH","2026-02-02 23:03:36","2024-09-20 15:57:45"
"57905","467","467.-1.405","2024-04-01","4","PT.PANASONIC GOBEL INDONESIA","6003300.000044","6003300.000044","0.000000","6003300.000044","0.000000","MATCH","2026-02-02 23:03:36","2024-09-20 16:11:31"
"58219","467","467.-1.406","2024-04-01","4","PT.PANASONIC GOBEL INDONESIA","6003300.000044","6003300.000044","0.000000","6003300.000044","0.000000","MATCH","2026-02-02 23:03:36","2024-09-20 16:13:54"
"59653","467","467.-1.414","2024-04-03","4","PT.PANASONIC GOBEL INDONESIA","5701629.999794","5701629.999794","0.000000","5701629.999794","0.000000","MATCH","2026-02-02 23:03:36","2024-09-20 16:14:32"
"68415","467","467.-1.427","2024-04-23","4","PT.PANASONIC GOBEL INDONESIA","6234069.999790","6234069.999790","0.000000","6234069.999790","0.000000","MATCH","2026-02-02 23:03:36","2024-09-20 16:22:15"
"68417","467","467.-1.428","2024-04-23","4","PT.PANASONIC GOBEL INDONESIA","6234069.999790","6234069.999790","0.000000","6234069.999790","0.000000","MATCH","2026-02-02 23:03:36","2024-09-20 16:23:31"
"68687","467","467.-1.430","2024-04-23","4","PT.PANASONIC GOBEL INDONESIA","7367650.000018","7367650.000018","0.000000","7367650.000018","0.000000","MATCH","2026-02-02 23:03:36","2024-09-20 16:24:40"
"69695","467","467.-1.436","2024-04-24","4","PT.PANASONIC GOBEL INDONESIA","9570149.999771","9570149.999771","0.000000","9570149.999771","0.000000","MATCH","2026-02-02 23:03:36","2024-09-20 16:25:25"
"70797","467","467.-1.449","2024-04-25","4","PT.PANASONIC GOBEL INDONESIA","9570149.999771","9570149.999771","0.000000","9570149.999771","0.000000","MATCH","2026-02-02 23:03:36","2024-09-20 16:26:46"
"71429","467","467.-1.451","2024-04-26","4","PT.PANASONIC GOBEL INDONESIA","6234069.999790","6234069.999790","0.000000","6234069.999790","0.000000","MATCH","2026-02-02 23:03:36","2024-09-20 16:28:39"
"71909","467","467.-1.456","2024-04-26","4","PT.PANASONIC GOBEL INDONESIA","7367650.000018","7367650.000018","0.000000","7367650.000018","0.000000","MATCH","2026-02-02 23:03:36","2024-09-20 16:32:27"
"72907","467","467.-1.462","2024-04-27","4","PT.PANASONIC GOBEL INDONESIA","5285300.000006","5285300.000006","0.000000","5285300.000006","0.000000","MATCH","2026-02-02 23:03:36","2024-09-20 16:39:24"
"73083","467","467.-1.463","2024-04-27","4","PT.PANASONIC GOBEL INDONESIA","7367650.000018","7367650.000018","0.000000","7367650.000018","0.000000","MATCH","2026-02-02 23:03:36","2024-09-20 16:42:51"
"74899","467","467.-1.474","2024-04-30","4","PT.PANASONIC GOBEL INDONESIA","6234069.999790","6234069.999790","0.000000","6234069.999790","0.000000","MATCH","2026-02-02 23:03:36","2024-09-20 16:43:37"
"75439","467","467.-1.482","2024-04-30","4","PT.PANASONIC GOBEL INDONESIA","5955184.999936","5955184.999936","0.000000","5955184.999936","0.000000","MATCH","2026-02-02 23:03:36","2024-09-20 16:44:47"
"75639","467","467.-1.484","2024-04-30","4","PT.PANASONIC GOBEL INDONESIA","5955184.999936","5955184.999936","0.000000","5955184.999936","0.000000","MATCH","2026-02-02 23:03:36","2024-09-20 16:45:59"
"76869","467","467.-1.490","2024-05-02","4","PT.PANASONIC GOBEL INDONESIA","3423449.999984","3423449.999984","0.000000","3423449.999984","0.000000","MATCH","2026-02-02 23:03:36","2024-09-20 17:01:02"
"76885","467","467.-1.491","2024-05-02","4","PT.PANASONIC GOBEL INDONESIA","6750000.000000","6750000.000000","0.000000","6750000.000000","0.000000","MATCH","2026-02-02 23:03:36","2024-07-11 21:53:14"
"77747","467","467.-1.497","2024-05-03","4","PT.PANASONIC GOBEL INDONESIA","7367650.000018","7367650.000018","0.000000","7367650.000018","0.000000","MATCH","2026-02-02 23:03:36","2024-09-20 17:03:57"
"80734","467","467.-1.504","2024-05-06","4","PT.PANASONIC GOBEL INDONESIA","7367650.000018","7367650.000018","0.000000","7367650.000018","0.000000","MATCH","2026-02-02 23:03:36","2024-09-20 17:04:41"
"81020","467","467.-1.506","2024-05-07","4","PT.PANASONIC GOBEL INDONESIA","5457500.000029","5457500.000029","0.000000","5457500.000029","0.000000","MATCH","2026-02-02 23:03:36","2024-09-20 17:06:05"
"81524","467","467.-1.512","2024-05-07","4","PT.PANASONIC GOBEL INDONESIA","5667289.999976","5667289.999976","0.000000","5667289.999976","0.000000","MATCH","2026-02-02 23:03:36","2024-09-20 17:06:47"
"81726","467","467.-1.514","2024-05-07","4","PT.PANASONIC GOBEL INDONESIA","9783449.999765","9783449.999765","0.000000","9783449.999765","0.000000","MATCH","2026-02-02 23:03:36","2024-09-20 17:08:08"
"87334","467","467.-1.554","2024-05-13","4","PT.PANASONIC GOBEL INDONESIA","5701629.999794","5701629.999794","0.000000","5701629.999794","0.000000","MATCH","2026-02-02 23:03:36","2024-09-20 17:08:54"
"90973","467","467.-1.572","2024-05-15","4","PT.PANASONIC GOBEL INDONESIA","2079022.000022","2079022.000022","0.000000","2079022.000022","0.000000","MATCH","2026-02-02 23:03:36","2024-09-20 17:11:04"
"91169","467","467.-1.573","2024-05-15","4","PT.PANASONIC GOBEL INDONESIA","6750000.000000","6750000.000000","0.000000","6750000.000000","0.000000","MATCH","2026-02-02 23:03:36","2024-09-21 10:43:57"
"92397","3344","3344.-1.9","2024-05-16","4","PT.PANASONIC GOBEL INDONESIA","20250000.000000","20250000.000000","0.000000","20250000.000000","0.000000","MATCH","2026-02-02 23:03:36","2024-07-11 21:53:14"
"92727","467","467.-1.584","2024-05-16","4","PT.PANASONIC GOBEL INDONESIA","3570749.999914","3570749.999914","0.000000","3570749.999914","0.000000","MATCH","2026-02-02 23:03:36","2024-09-21 10:43:57"
"92729","467","467.-1.585","2024-05-16","4","PT.PANASONIC GOBEL INDONESIA","5667289.999976","5667289.999976","0.000000","5667289.999976","0.000000","MATCH","2026-02-02 23:03:36","2024-09-20 17:10:13"
"93459","467","467.-1.589","2024-05-17","4","PT.PANASONIC GOBEL INDONESIA","1733892.000010","1733892.000010","0.000000","1733892.000010","0.000000","MATCH","2026-02-02 23:03:36","2024-09-21 10:46:02"
"95942","467","467.-1.599","2024-05-20","4","PT.PANASONIC GOBEL INDONESIA","6003300.000044","6003300.000044","0.000000","6003300.000044","0.000000","MATCH","2026-02-02 23:03:36","2024-09-21 10:47:15"
"96778","467","467.-1.606","2024-05-20","4","PT.PANASONIC GOBEL INDONESIA","6003300.000044","6003300.000044","0.000000","6003300.000044","0.000000","MATCH","2026-02-02 23:03:36","2024-09-21 10:47:54"
"97656","467","467.-1.614","2024-05-21","4","PT.PANASONIC GOBEL INDONESIA","5667289.999976","5667289.999976","0.000000","5667289.999976","0.000000","MATCH","2026-02-02 23:03:36","2024-09-21 11:05:16"
"98130","467","467.-1.617","2024-05-21","4","PT.PANASONIC GOBEL INDONESIA","3794052.000009","3794052.000009","0.000000","3794052.000009","0.000000","MATCH","2026-02-02 23:03:36","2024-09-21 11:06:09"
"99007","467","467.-1.626","2024-05-22","4","PT.PANASONIC GOBEL INDONESIA","5667289.999976","5667289.999976","0.000000","5667289.999976","0.000000","MATCH","2026-02-02 23:03:36","2024-09-21 12:19:27"
"99237","467","467.-1.627","2024-05-22","4","PT.PANASONIC GOBEL INDONESIA","6003300.000044","6003300.000044","0.000000","6003300.000044","0.000000","MATCH","2026-02-02 23:03:36","2024-09-21 12:20:33"
"103703","467","467.-1.645","2024-05-28","4","PT.PANASONIC GOBEL INDONESIA","6188162.999894","6188162.999894","0.000000","6188162.999894","0.000000","MATCH","2026-02-02 23:03:36","2024-09-21 12:22:04"
"104963","467","467.-1.657","2024-05-29","4","PT.PANASONIC GOBEL INDONESIA","7088999.999830","7088999.999830","0.000000","7088999.999830","0.000000","MATCH","2026-02-02 23:03:36","2024-09-21 12:22:40"
"105205","467","467.-1.661","2024-05-29","4","PT.PANASONIC GOBEL INDONESIA","5667289.999976","5667289.999976","0.000000","5667289.999976","0.000000","MATCH","2026-02-02 23:03:36","2024-09-21 12:23:47"
"105251","467","467.-1.662","2024-05-29","4","PT.PANASONIC GOBEL INDONESIA","6003300.000044","6003300.000044","0.000000","6003300.000044","0.000000","MATCH","2026-02-02 23:03:36","2024-09-21 12:25:52"
"106814","467","467.-1.680","2024-05-31","4","PT.PANASONIC GOBEL INDONESIA","1943014.117670","1943014.117670","0.000000","1943014.117670","0.000000","MATCH","2026-02-02 23:03:36","2024-09-21 12:26:44"
"106848","467","467.-1.681","2024-05-31","4","PT.PANASONIC GOBEL INDONESIA","6154657.999949","6154657.999949","0.000000","6154657.999949","0.000000","MATCH","2026-02-02 23:03:36","2024-09-21 12:27:51"
"108573","467","467.-1.689","2024-06-03","4","PT.PANASONIC GOBEL INDONESIA","5413819.999796","5413819.999796","0.000000","5413819.999796","0.000000","MATCH","2026-02-02 23:03:36","2024-09-21 12:29:14"
"109081","467","467.-1.690","2024-06-04","4","PT.PANASONIC GOBEL INDONESIA","700611.999974","700611.999974","0.000000","700611.999974","0.000000","MATCH","2026-02-02 23:03:36","2024-09-19 10:16:46"
"109085","467","467.-1.691","2024-06-04","4","PT.PANASONIC GOBEL INDONESIA","3667069.999985","3667069.999985","0.000000","3667069.999985","0.000000","MATCH","2026-02-02 23:03:36","2024-09-21 12:30:15"
"109510","467","467.-1.693","2024-06-04","4","PT.PANASONIC GOBEL INDONESIA","6003300.000044","6003300.000044","0.000000","6003300.000044","0.000000","MATCH","2026-02-02 23:03:36","2024-09-21 12:30:52"
"109512","467","467.-1.694","2024-06-04","4","PT.PANASONIC GOBEL INDONESIA","6003300.000044","6003300.000044","0.000000","6003300.000044","0.000000","MATCH","2026-02-02 23:03:36","2024-09-21 12:34:29"
"109956","467","467.-1.698","2024-06-04","4","PT.PANASONIC GOBEL INDONESIA","13500000.000000","13500000.000000","0.000000","13500000.000000","0.000000","MATCH","2026-02-02 23:03:36","2024-08-06 13:06:28"
"110160","467","467.-1.699","2024-06-05","4","PT.PANASONIC GOBEL INDONESIA","4500000.000000","4500000.000000","0.000000","4500000.000000","0.000000","MATCH","2026-02-02 23:03:36","2024-09-21 12:45:37"
"111496","467","467.-1.703","2024-06-06","4","PT.PANASONIC GOBEL INDONESIA","9570149.999771","9570149.999771","0.000000","9570149.999771","0.000000","MATCH","2026-02-02 23:03:36","2024-09-21 12:45:37"
"112114","467","467.-1.709","2024-06-06","4","PT.PANASONIC GOBEL INDONESIA","711647.999990","711647.999990","0.000000","711647.999990","0.000000","MATCH","2026-02-02 23:03:36","2024-09-21 12:46:59"
"112860","467","467.-1.715","2024-06-07","4","PT.PANASONIC GOBEL INDONESIA","5413819.999796","5413819.999796","0.000000","5413819.999796","0.000000","MATCH","2026-02-02 23:03:36","2024-09-21 12:47:47"
"113706","467","467.-1.721","2024-06-08","4","PT.PANASONIC GOBEL INDONESIA","6003300.000044","6003300.000044","0.000000","6003300.000044","0.000000","MATCH","2026-02-02 23:03:36","2024-09-21 12:48:28"
"117644","467","467.-1.745","2024-06-13","4","PT.PANASONIC GOBEL INDONESIA","5667289.999976","5667289.999976","0.000000","5667289.999976","0.000000","MATCH","2026-02-02 23:03:36","2024-09-21 12:49:09"
"120954","467","467.-1.766","2024-06-18","4","PT.PANASONIC GOBEL INDONESIA","6003300.000044","6003300.000044","0.000000","6003300.000044","0.000000","MATCH","2026-02-02 23:03:36","2024-09-21 12:50:46"
"121096","467","467.-1.767","2024-06-18","4","PT.PANASONIC GOBEL INDONESIA","6003300.000044","6003300.000044","0.000000","6003300.000044","0.000000","MATCH","2026-02-02 23:03:36","2024-09-21 12:51:35"
"122502","467","467.-1.773","2024-06-19","4","PT.PANASONIC GOBEL INDONESIA","2918999.999930","2918999.999930","0.000000","2918999.999930","0.000000","MATCH","2026-02-02 23:03:36","2024-09-21 12:52:25"
"122504","467","467.-1.774","2024-06-19","4","PT.PANASONIC GOBEL INDONESIA","3104999.999925","3104999.999925","0.000000","3104999.999925","0.000000","MATCH","2026-02-02 23:03:36","2024-09-21 12:53:06"
"122506","467","467.-1.775","2024-06-19","4","PT.PANASONIC GOBEL INDONESIA","545750.000003","545750.000003","0.000000","545750.000003","0.000000","MATCH","2026-02-02 23:03:36","2024-09-21 12:53:42"
"123192","467","467.-1.779","2024-06-20","4","PT.PANASONIC GOBEL INDONESIA","2153714.999952","2153714.999952","0.000000","2153714.999952","0.000000","MATCH","2026-02-02 23:03:36","2024-09-21 14:00:38"
"126019","467","467.-1.796","2024-06-22","4","PT.PANASONIC GOBEL INDONESIA","711647.999990","711647.999990","0.000000","711647.999990","0.000000","MATCH","2026-02-02 23:03:36","2024-09-21 14:01:14"
"128134","467","467.-1.801","2024-06-25","4","PT.PANASONIC GOBEL INDONESIA","6750000.000000","6750000.000000","0.000000","6750000.000000","0.000000","MATCH","2026-02-02 23:03:36","2024-09-21 14:02:08"
"129522","467","467.-1.805","2024-06-26","4","PT.PANASONIC GOBEL INDONESIA","5667289.999976","5667289.999976","0.000000","5667289.999976","0.000000","MATCH","2026-02-02 23:03:36","2024-09-21 14:02:08"
"129654","467","467.-1.806","2024-06-26","4","PT.PANASONIC GOBEL INDONESIA","5457500.000029","5457500.000029","0.000000","5457500.000029","0.000000","MATCH","2026-02-02 23:03:36","2024-09-21 14:03:09"
"129662","467","467.-1.807","2024-06-26","4","PT.PANASONIC GOBEL INDONESIA","5159051.999806","5159051.999806","0.000000","5159051.999806","0.000000","MATCH","2026-02-02 23:03:36","2024-09-21 14:08:14"
"130487","467","467.-1.820","2024-06-27","4","PT.PANASONIC GOBEL INDONESIA","4741679.999984","4741679.999984","0.000000","4741679.999984","0.000000","MATCH","2026-02-02 23:03:36","2024-09-21 14:10:00"
"131535","467","467.-1.831","2024-06-28","4","PT.PANASONIC GOBEL INDONESIA","5707218.342228","5707218.342228","0.000000","5707218.342228","0.000000","MATCH","2026-02-02 23:03:36","2024-09-21 14:11:28"
"131723","467","467.-1.832","2024-06-28","4","PT.PANASONIC GOBEL INDONESIA","7088999.999830","7088999.999830","0.000000","7088999.999830","0.000000","MATCH","2026-02-02 23:03:36","2024-09-21 14:12:06"
"132427","467","467.-1.837","2024-06-29","4","PT.PANASONIC GOBEL INDONESIA","5457500.000029","5457500.000029","0.000000","5457500.000029","0.000000","MATCH","2026-02-02 23:03:36","2024-09-21 14:12:37"
"133604","467","467.-1.850","2024-07-01","4","PT.PANASONIC GOBEL INDONESIA","5457500.000029","5457500.000029","0.000000","5457500.000029","0.000000","MATCH","2026-02-02 23:03:36","2024-09-21 14:13:15"
"134280","467","467.-1.852","2024-07-01","4","PT.PANASONIC GOBEL INDONESIA","5457500.000029","5457500.000029","0.000000","5457500.000029","0.000000","MATCH","2026-02-02 23:03:36","2024-09-21 14:13:54"
"134306","467","467.-1.853","2024-07-01","4","PT.PANASONIC GOBEL INDONESIA","3556259.999988","3556259.999988","0.000000","3556259.999988","0.000000","MATCH","2026-02-02 23:03:36","2024-09-21 14:14:27"
"134308","467","467.-1.854","2024-07-01","4","PT.PANASONIC GOBEL INDONESIA","1681164.999991","1681164.999991","0.000000","1681164.999991","0.000000","MATCH","2026-02-02 23:03:36","2024-09-21 14:15:00"
"135468","467","467.-1.861","2024-07-02","4","PT.PANASONIC GOBEL INDONESIA","5667289.999976","5667289.999976","0.000000","5667289.999976","0.000000","MATCH","2026-02-02 23:03:36","2024-09-21 14:15:56"
"136316","467","467.-1.866","2024-07-03","4","PT.PANASONIC GOBEL INDONESIA","5667289.999976","5667289.999976","0.000000","5667289.999976","0.000000","MATCH","2026-02-02 23:03:36","2024-09-21 14:16:48"
"138813","467","467.-1.876","2024-07-05","4","PT.PANASONIC GOBEL INDONESIA","4500000.000000","4500000.000000","0.000000","4500000.000000","0.000000","MATCH","2026-02-02 23:03:36","2024-09-21 14:18:28"
"139367","467","467.-1.881","2024-07-05","4","PT.PANASONIC GOBEL INDONESIA","7088999.999830","7088999.999830","0.000000","7088999.999830","0.000000","MATCH","2026-02-02 23:03:36","2024-09-21 14:18:28"
"140431","467","467.-1.882","2024-07-06","4","PT.PANASONIC GOBEL INDONESIA","2947050.000016","2947050.000016","0.000000","2947050.000016","0.000000","MATCH","2026-02-02 23:03:36","2024-09-21 14:25:32"
"140451","467","467.-1.883","2024-07-06","4","PT.PANASONIC GOBEL INDONESIA","3246449.999932","3246449.999932","0.000000","3246449.999932","0.000000","MATCH","2026-02-02 23:03:36","2024-09-21 14:26:23"
"143566","467","467.-1.912","2024-07-10","4","PT.PANASONIC GOBEL INDONESIA","4500000.000000","4500000.000000","0.000000","4500000.000000","0.000000","MATCH","2026-02-02 23:03:36","2024-09-21 14:31:42"
"144144","467","467.-1.915","2024-07-11","4","PT.PANASONIC GOBEL INDONESIA","5457500.000029","5457500.000029","0.000000","5457500.000029","0.000000","MATCH","2026-02-02 23:03:36","2024-09-21 14:31:42"
"145088","467","467.-1.921","2024-07-11","4","PT.PANASONIC GOBEL INDONESIA","5667289.999976","5667289.999976","0.000000","5667289.999976","0.000000","MATCH","2026-02-02 23:03:36","2024-09-21 14:32:58"
"145610","467","467.-1.926","2024-07-12","4","PT.PANASONIC GOBEL INDONESIA","2392800.000019","2392800.000019","0.000000","2392800.000019","0.000000","MATCH","2026-02-02 23:03:36","2024-09-21 14:33:40"
"145612","467","467.-1.927","2024-07-12","4","PT.PANASONIC GOBEL INDONESIA","5413819.999796","5413819.999796","0.000000","5413819.999796","0.000000","MATCH","2026-02-02 23:03:36","2024-09-21 14:34:39"
"145654","467","467.-1.928","2024-07-12","4","PT.PANASONIC GOBEL INDONESIA","955379.999964","955379.999964","0.000000","955379.999964","0.000000","MATCH","2026-02-02 23:03:36","2024-09-21 14:36:07"
"145684","467","467.-1.929","2024-07-12","4","PT.PANASONIC GOBEL INDONESIA","3184599.999880","3184599.999880","0.000000","3184599.999880","0.000000","MATCH","2026-02-02 23:03:36","2024-09-21 16:01:31"
"146480","467","467.-1.930","2024-07-13","4","PT.PANASONIC GOBEL INDONESIA","2728750.000015","2728750.000015","0.000000","2728750.000015","0.000000","MATCH","2026-02-02 23:03:36","2024-09-21 16:04:20"
"146484","467","467.-1.931","2024-07-13","4","PT.PANASONIC GOBEL INDONESIA","2728750.000015","2728750.000015","0.000000","2728750.000015","0.000000","MATCH","2026-02-02 23:03:36","2024-09-21 16:05:54"
"146894","467","467.-1.935","2024-07-13","4","PT.PANASONIC GOBEL INDONESIA","1595200.000013","1595200.000013","0.000000","1595200.000013","0.000000","MATCH","2026-02-02 23:03:36","2024-09-21 16:10:58"
"148568","467","467.-1.937","2024-07-16","4","PT.PANASONIC GOBEL INDONESIA","4657499.999888","4657499.999888","0.000000","4657499.999888","0.000000","MATCH","2026-02-02 23:03:36","2024-09-21 16:11:44"
"148570","467","467.-1.938","2024-07-16","4","PT.PANASONIC GOBEL INDONESIA","1552499.999963","1552499.999963","0.000000","1552499.999963","0.000000","MATCH","2026-02-02 23:03:36","2024-09-21 16:12:50"
"150745","467","467.-1.951","2024-07-18","4","PT.PANASONIC GOBEL INDONESIA","6750000.000000","6750000.000000","0.000000","6750000.000000","0.000000","MATCH","2026-02-02 23:03:36","2024-09-21 16:14:22"
"151427","467","467.-1.959","2024-07-19","4","PT.PANASONIC GOBEL INDONESIA","2666959.999989","2666959.999989","0.000000","2666959.999989","0.000000","MATCH","2026-02-02 23:03:36","2024-09-21 16:14:22"
"151437","467","467.-1.960","2024-07-19","4","PT.PANASONIC GOBEL INDONESIA","3000329.999987","3000329.999987","0.000000","3000329.999987","0.000000","MATCH","2026-02-02 23:03:36","2024-09-21 16:15:33"
"151441","467","467.-1.961","2024-07-19","4","PT.PANASONIC GOBEL INDONESIA","3000329.999987","3000329.999987","0.000000","3000329.999987","0.000000","MATCH","2026-02-02 23:03:36","2024-09-21 16:16:32"
"151443","467","467.-1.962","2024-07-19","4","PT.PANASONIC GOBEL INDONESIA","2666959.999989","2666959.999989","0.000000","2666959.999989","0.000000","MATCH","2026-02-02 23:03:36","2024-09-21 16:20:05"
"152127","467","467.-1.967","2024-07-19","4","PT.PANASONIC GOBEL INDONESIA","666895.000005","666895.000005","0.000000","666895.000005","0.000000","MATCH","2026-02-02 23:03:36","2024-09-21 16:23:47"
"153133","467","467.-1.972","2024-07-20","4","PT.PANASONIC GOBEL INDONESIA","3658799.999868","3658799.999868","0.000000","3658799.999868","0.000000","MATCH","2026-02-02 23:03:36","2024-09-21 16:24:46"
"153137","467","467.-1.973","2024-07-20","4","PT.PANASONIC GOBEL INDONESIA","1524499.999945","1524499.999945","0.000000","1524499.999945","0.000000","MATCH","2026-02-02 23:03:36","2024-09-21 16:25:51"
"153862","467","467.-1.976","2024-07-22","4","PT.PANASONIC GOBEL INDONESIA","2728750.000015","2728750.000015","0.000000","2728750.000015","0.000000","MATCH","2026-02-02 23:03:36","2024-09-21 16:29:34"
"153864","467","467.-1.977","2024-07-22","4","PT.PANASONIC GOBEL INDONESIA","2728750.000015","2728750.000015","0.000000","2728750.000015","0.000000","MATCH","2026-02-02 23:03:36","2024-09-21 16:30:45"
"154448","467","467.-1.984","2024-07-23","4","PT.PANASONIC GOBEL INDONESIA","4741679.999984","4741679.999984","0.000000","4741679.999984","0.000000","MATCH","2026-02-02 23:03:36","2024-09-21 16:33:36"
"154812","467","467.-1.985","2024-07-24","4","PT.PANASONIC GOBEL INDONESIA","3108999.999956","3108999.999956","0.000000","3108999.999956","0.000000","MATCH","2026-02-02 23:03:36","2024-09-21 16:35:35"
"154884","467","467.-1.987","2024-07-24","4","PT.PANASONIC GOBEL INDONESIA","3108999.999956","3108999.999956","0.000000","3108999.999956","0.000000","MATCH","2026-02-02 23:03:36","2024-09-21 16:39:57"
"155812","467","467.-1.994","2024-07-25","4","PT.PANASONIC GOBEL INDONESIA","3108999.999956","3108999.999956","0.000000","3108999.999956","0.000000","MATCH","2026-02-02 23:03:36","2024-09-22 20:25:59"
"156105","467","467.-1.999","2024-07-26","4","PT.PANASONIC GOBEL INDONESIA","3104999.999925","3104999.999925","0.000000","3104999.999925","0.000000","MATCH","2026-02-02 23:03:36","2024-09-22 20:26:33"
"156985","467","467.-1.1007","2024-07-27","4","PT.PANASONIC GOBEL INDONESIA","2962000.000123","2962000.000123","0.000000","2962000.000123","0.000000","MATCH","2026-02-02 23:03:36","2024-09-22 22:23:14"
"156989","467","467.-1.1008","2024-07-27","4","PT.PANASONIC GOBEL INDONESIA","2962000.000123","2962000.000123","0.000000","2962000.000123","0.000000","MATCH","2026-02-02 23:03:36","2024-09-22 22:23:44"
"159271","467","467.-1.1022","2024-07-31","4","PT.PANASONIC GOBEL INDONESIA","2728750.000015","2728750.000015","0.000000","2728750.000015","0.000000","MATCH","2026-02-02 23:03:36","2024-09-22 22:24:12"
"159275","467","467.-1.1023","2024-07-31","4","PT.PANASONIC GOBEL INDONESIA","2728750.000015","2728750.000015","0.000000","2728750.000015","0.000000","MATCH","2026-02-02 23:03:36","2024-09-22 22:24:41"
"159951","467","467.-1.1024","2024-07-31","4","PT.PANASONIC GOBEL INDONESIA","4500000.000000","4500000.000000","0.000000","4500000.000000","0.000000","MATCH","2026-02-02 23:03:36","2024-09-22 22:25:41"
"161065","467","467.-1.1028","2024-08-02","4","PT.PANASONIC GOBEL INDONESIA","7088999.999830","7088999.999830","0.000000","7088999.999830","0.000000","MATCH","2026-02-02 23:03:36","2024-09-22 22:25:41"
"162239","467","467.-1.1029","2024-08-03","4","PT.PANASONIC GOBEL INDONESIA","2728750.000015","2728750.000015","0.000000","2728750.000015","0.000000","MATCH","2026-02-02 23:03:36","2024-09-22 22:26:53"
"162241","467","467.-1.1030","2024-08-03","4","PT.PANASONIC GOBEL INDONESIA","2728750.000015","2728750.000015","0.000000","2728750.000015","0.000000","MATCH","2026-02-02 23:03:36","2024-09-22 22:27:17"
"162325","467","467.-1.1033","2024-08-03","4","PT.PANASONIC GOBEL INDONESIA","4500000.000000","4500000.000000","0.000000","4500000.000000","0.000000","MATCH","2026-02-02 23:03:36","2024-09-22 22:27:56"
"165099","467","467.-1.1042","2024-08-07","4","PT.PANASONIC GOBEL INDONESIA","1666849.999993","1666849.999993","0.000000","1666849.999993","0.000000","MATCH","2026-02-02 23:03:36","2024-09-22 22:27:56"
"165103","467","467.-1.1043","2024-08-07","4","PT.PANASONIC GOBEL INDONESIA","4000439.999983","4000439.999983","0.000000","4000439.999983","0.000000","MATCH","2026-02-02 23:03:36","2024-09-22 22:28:54"
"165107","467","467.-1.1044","2024-08-07","4","PT.PANASONIC GOBEL INDONESIA","1756255.999935","1756255.999935","0.000000","1756255.999935","0.000000","MATCH","2026-02-02 23:03:36","2024-09-22 22:28:27"
"166845","467","467.-1.1056","2024-08-08","4","PT.PANASONIC GOBEL INDONESIA","3492800.000019","3492800.000019","0.000000","3492800.000019","0.000000","MATCH","2026-02-02 23:03:36","2024-09-22 22:29:45"
"167063","467","467.-1.1057","2024-08-09","4","PT.PANASONIC GOBEL INDONESIA","1409499.999981","1409499.999981","0.000000","1409499.999981","0.000000","MATCH","2026-02-02 23:03:36","2024-09-22 22:30:12"
"167213","467","467.-1.1058","2024-08-09","4","PT.PANASONIC GOBEL INDONESIA","3100899.999958","3100899.999958","0.000000","3100899.999958","0.000000","MATCH","2026-02-02 23:03:36","2024-09-22 22:30:45"
"167215","467","467.-1.1059","2024-08-09","4","PT.PANASONIC GOBEL INDONESIA","1127599.999985","1127599.999985","0.000000","1127599.999985","0.000000","MATCH","2026-02-02 23:03:36","2024-09-22 22:31:13"
"167217","467","467.-1.1060","2024-08-09","4","PT.PANASONIC GOBEL INDONESIA","1964700.000010","1964700.000010","0.000000","1964700.000010","0.000000","MATCH","2026-02-02 23:03:36","2024-09-22 22:31:38"
"169169","467","467.-1.1070","2024-08-12","4","PT.PANASONIC GOBEL INDONESIA","2892143.999951","2892143.999951","0.000000","2892143.999951","0.000000","MATCH","2026-02-02 23:03:36","2024-09-22 22:32:08"
"169191","467","467.-1.1071","2024-08-12","4","PT.PANASONIC GOBEL INDONESIA","2666959.999989","2666959.999989","0.000000","2666959.999989","0.000000","MATCH","2026-02-02 23:03:36","2024-09-22 22:32:35"
"170356","467","467.-1.1075","2024-08-13","4","PT.PANASONIC GOBEL INDONESIA","1250999.999970","1250999.999970","0.000000","1250999.999970","0.000000","MATCH","2026-02-02 23:03:36","2024-09-22 22:33:00"
"170374","467","467.-1.1076","2024-08-13","4","PT.PANASONIC GOBEL INDONESIA","2501999.999940","2501999.999940","0.000000","2501999.999940","0.000000","MATCH","2026-02-02 23:03:36","2024-09-22 22:33:31"
"170378","467","467.-1.1077","2024-08-13","4","PT.PANASONIC GOBEL INDONESIA","2728750.000015","2728750.000015","0.000000","2728750.000015","0.000000","MATCH","2026-02-02 23:03:36","2024-09-22 22:33:57"
"170598","467","467.-1.1082","2024-08-13","4","PT.PANASONIC GOBEL INDONESIA","2728750.000015","2728750.000015","0.000000","2728750.000015","0.000000","MATCH","2026-02-02 23:03:36","2024-09-22 22:34:36"
"170800","467","467.-1.1087","2024-08-13","4","PT.PANASONIC GOBEL INDONESIA","3752999.999910","3752999.999910","0.000000","3752999.999910","0.000000","MATCH","2026-02-02 23:03:36","2024-09-22 22:34:57"
"173178","467","467.-1.1094","2024-08-15","4","PT.PANASONIC GOBEL INDONESIA","1666849.999993","1666849.999993","0.000000","1666849.999993","0.000000","MATCH","2026-02-02 23:03:36","2024-09-22 22:35:42"
"173538","467","467.-1.1095","2024-08-16","4","PT.PANASONIC GOBEL INDONESIA","4000439.999983","4000439.999983","0.000000","4000439.999983","0.000000","MATCH","2026-02-02 23:03:36","2024-09-22 22:36:16"
"173542","467","467.-1.1096","2024-08-16","4","PT.PANASONIC GOBEL INDONESIA","2666959.999989","2666959.999989","0.000000","2666959.999989","0.000000","MATCH","2026-02-02 23:03:36","2024-09-22 22:37:10"
"173548","467","467.-1.1097","2024-08-16","4","PT.PANASONIC GOBEL INDONESIA","3000329.999987","3000329.999987","0.000000","3000329.999987","0.000000","MATCH","2026-02-02 23:03:36","2024-09-22 22:38:07"
"174277","467","467.-1.1103","2024-08-19","4","PT.PANASONIC GOBEL INDONESIA","2728750.000015","2728750.000015","0.000000","2728750.000015","0.000000","MATCH","2026-02-02 23:03:36","2024-09-22 22:38:35"
"174279","467","467.-1.1104","2024-08-19","4","PT.PANASONIC GOBEL INDONESIA","2728750.000015","2728750.000015","0.000000","2728750.000015","0.000000","MATCH","2026-02-02 23:03:36","2024-09-22 22:38:59"
"174852","467","467.-1.1107","2024-08-19","4","PT.PANASONIC GOBEL INDONESIA","2080119.705865","2080119.705865","0.000000","2080119.705865","0.000000","MATCH","2026-02-02 23:03:36","2024-09-22 22:39:28"
"176733","467","467.-1.1112","2024-08-21","4","PT.PANASONIC GOBEL INDONESIA","2728750.000015","2728750.000015","0.000000","2728750.000015","0.000000","MATCH","2026-02-02 23:03:36","2024-09-22 22:39:48"
"176899","467","467.-1.1113","2024-08-21","4","PT.PANASONIC GOBEL INDONESIA","2728750.000015","2728750.000015","0.000000","2728750.000015","0.000000","MATCH","2026-02-02 23:03:36","2024-09-22 22:40:12"
"178399","467","467.-1.1115","2024-08-22","4","PT.PANASONIC GOBEL INDONESIA","3063695.999940","3063695.999940","0.000000","3063695.999940","0.000000","MATCH","2026-02-02 23:03:36","2024-09-22 22:40:36"
"179153","467","467.-1.1122","2024-08-22","4","PT.PANASONIC GOBEL INDONESIA","666895.000005","666895.000005","0.000000","666895.000005","0.000000","MATCH","2026-02-02 23:03:36","2024-09-22 22:41:01"
"179157","467","467.-1.1123","2024-08-22","4","PT.PANASONIC GOBEL INDONESIA","2189218.999994","2189218.999994","0.000000","2189218.999994","0.000000","MATCH","2026-02-02 23:03:36","2024-09-22 22:41:23"
"179470","467","467.-1.1124","2024-08-23","4","PT.PANASONIC GOBEL INDONESIA","3184599.999880","3184599.999880","0.000000","3184599.999880","0.000000","MATCH","2026-02-02 23:03:36","2024-09-22 22:41:42"
"179474","467","467.-1.1125","2024-08-23","4","PT.PANASONIC GOBEL INDONESIA","3439367.999870","3439367.999870","0.000000","3439367.999870","0.000000","MATCH","2026-02-02 23:03:36","2024-09-22 22:42:04"
"181110","467","467.-1.1129","2024-08-24","4","PT.PANASONIC GOBEL INDONESIA","2370839.999992","2370839.999992","0.000000","2370839.999992","0.000000","MATCH","2026-02-02 23:03:36","2024-09-22 22:42:29"
"181330","467","467.-1.1132","2024-08-24","4","PT.PANASONIC GOBEL INDONESIA","6750000.000000","6750000.000000","0.000000","6750000.000000","0.000000","MATCH","2026-02-02 23:03:36","2024-09-22 22:43:03"
"181538","467","467.-1.1134","2024-08-24","4","PT.PANASONIC GOBEL INDONESIA","3881249.999907","3881249.999907","0.000000","3881249.999907","0.000000","MATCH","2026-02-02 23:03:36","2024-09-22 22:43:03"
"181628","467","467.-1.1135","2024-08-24","4","PT.PANASONIC GOBEL INDONESIA","3881249.999907","3881249.999907","0.000000","3881249.999907","0.000000","MATCH","2026-02-02 23:03:36","2024-09-22 22:43:29"
"182551","467","467.-1.1142","2024-08-26","4","PT.PANASONIC GOBEL INDONESIA","3658799.999868","3658799.999868","0.000000","3658799.999868","0.000000","MATCH","2026-02-02 23:03:36","2024-09-22 22:44:07"
"184090","467","467.-1.1150","2024-08-28","4","PT.PANASONIC GOBEL INDONESIA","2927039.999894","2927039.999894","0.000000","2927039.999894","0.000000","MATCH","2026-02-02 23:03:36","2024-09-22 22:44:31"
"184094","467","467.-1.1151","2024-08-28","4","PT.PANASONIC GOBEL INDONESIA","3170959.999886","3170959.999886","0.000000","3170959.999886","0.000000","MATCH","2026-02-02 23:03:36","2024-09-22 22:46:16"
"184098","467","467.-1.1152","2024-08-28","4","PT.PANASONIC GOBEL INDONESIA","3419899.999951","3419899.999951","0.000000","3419899.999951","0.000000","MATCH","2026-02-02 23:03:36","2024-09-22 22:46:40"
"184304","467","467.-1.1153","2024-08-28","4","PT.PANASONIC GOBEL INDONESIA","2682099.999963","2682099.999963","0.000000","2682099.999963","0.000000","MATCH","2026-02-02 23:03:36","2024-09-22 22:47:05"
"184584","467","467.-1.1157","2024-08-28","4","PT.PANASONIC GOBEL INDONESIA","1310690.000004","1310690.000004","0.000000","1310690.000004","0.000000","MATCH","2026-02-02 23:03:36","2024-09-22 22:47:54"
"185187","467","467.-1.1158","2024-08-29","4","PT.PANASONIC GOBEL INDONESIA","2728750.000015","2728750.000015","0.000000","2728750.000015","0.000000","MATCH","2026-02-02 23:03:36","2024-09-22 22:48:15"
"185189","467","467.-1.1159","2024-08-29","4","PT.PANASONIC GOBEL INDONESIA","5003999.999880","5003999.999880","0.000000","5003999.999880","0.000000","MATCH","2026-02-02 23:03:36","2024-09-22 22:48:36"
"185213","467","467.-1.1160","2024-08-29","4","PT.PANASONIC GOBEL INDONESIA","2084999.999950","2084999.999950","0.000000","2084999.999950","0.000000","MATCH","2026-02-02 23:03:36","2024-09-22 22:48:59"
"185401","467","467.-1.1161","2024-08-29","4","PT.PANASONIC GOBEL INDONESIA","2728750.000015","2728750.000015","0.000000","2728750.000015","0.000000","MATCH","2026-02-02 23:03:36","2024-09-22 22:49:22"
"185715","467","467.-1.1163","2024-08-29","4","PT.PANASONIC GOBEL INDONESIA","2666959.999989","2666959.999989","0.000000","2666959.999989","0.000000","MATCH","2026-02-02 23:03:36","2024-09-22 22:49:42"
"185717","467","467.-1.1164","2024-08-29","4","PT.PANASONIC GOBEL INDONESIA","3000329.999987","3000329.999987","0.000000","3000329.999987","0.000000","MATCH","2026-02-02 23:03:36","2024-09-22 22:50:05"
"186067","467","467.-1.1165","2024-08-30","4","PT.PANASONIC GOBEL INDONESIA","1435809.999968","1435809.999968","0.000000","1435809.999968","0.000000","MATCH","2026-02-02 23:03:36","2024-09-22 22:50:41"
"186069","467","467.-1.1166","2024-08-30","4","PT.PANASONIC GOBEL INDONESIA","1202773.542088","1202773.542088","0.000000","1202773.542088","0.000000","MATCH","2026-02-02 23:03:36","2024-09-22 22:51:00"
"186071","467","467.-1.1167","2024-08-30","4","PT.PANASONIC GOBEL INDONESIA","434945.999990","434945.999990","0.000000","434945.999990","0.000000","MATCH","2026-02-02 23:03:36","2024-09-22 22:51:19"
"186073","467","467.-1.1168","2024-08-30","4","PT.PANASONIC GOBEL INDONESIA","3100899.999958","3100899.999958","0.000000","3100899.999958","0.000000","MATCH","2026-02-02 23:03:36","2024-09-22 22:51:39"
"186219","467","467.-1.1169","2024-08-30","4","PT.PANASONIC GOBEL INDONESIA","2537099.999966","2537099.999966","0.000000","2537099.999966","0.000000","MATCH","2026-02-02 23:03:36","2024-09-22 22:52:08"
"187518","467","467.-1.1175","2024-08-31","4","PT.PANASONIC GOBEL INDONESIA","4500000.000000","4500000.000000","0.000000","4500000.000000","0.000000","MATCH","2026-02-02 23:03:36","2024-09-22 22:52:52"
"188845","467","467.-1.1180","2024-09-03","4","PT.PANASONIC GOBEL INDONESIA","2547679.999904","2547679.999904","0.000000","2547679.999904","0.000000","MATCH","2026-02-02 23:03:36","2024-09-22 22:52:52"
"189003","467","467.-1.1181","2024-09-03","4","PT.PANASONIC GOBEL INDONESIA","2866139.999892","2866139.999892","0.000000","2866139.999892","0.000000","MATCH","2026-02-02 23:03:36","2024-09-22 22:53:12"
"189588","467","467.-1.1185","2024-09-03","4","PT.PANASONIC GOBEL INDONESIA","3274500.000017","3274500.000017","0.000000","3274500.000017","0.000000","MATCH","2026-02-02 23:03:36","2024-09-22 22:53:33"
"190786","467","467.-1.1191","2024-09-04","4","PT.PANASONIC GOBEL INDONESIA","3658799.999868","3658799.999868","0.000000","3658799.999868","0.000000","MATCH","2026-02-02 23:03:36","2024-09-22 22:53:54"
"191162","467","467.-1.1192","2024-09-05","4","PT.PANASONIC GOBEL INDONESIA","2728750.000015","2728750.000015","0.000000","2728750.000015","0.000000","MATCH","2026-02-02 23:03:36","2024-09-22 22:54:13"
"191222","467","467.-1.1193","2024-09-05","4","PT.PANASONIC GOBEL INDONESIA","2728750.000015","2728750.000015","0.000000","2728750.000015","0.000000","MATCH","2026-02-02 23:03:36","2024-09-22 22:54:32"
"191226","467","467.-1.1194","2024-09-05","4","PT.PANASONIC GOBEL INDONESIA","3200351.999987","3200351.999987","0.000000","3200351.999987","0.000000","MATCH","2026-02-02 23:03:36","2024-09-22 22:54:52"
"191772","467","467.-1.1196","2024-09-05","4","PT.PANASONIC GOBEL INDONESIA","13500000.000000","13500000.000000","0.000000","13500000.000000","0.000000","MATCH","2026-02-02 23:03:36","2024-09-22 22:55:27"
"192566","467","467.-1.1200","2024-09-06","4","PT.PANASONIC GOBEL INDONESIA","4741679.999984","4741679.999984","0.000000","4741679.999984","0.000000","MATCH","2026-02-02 23:03:36","2024-09-22 22:55:27"
"192925","467","467.-1.1202","2024-09-07","4","PT.PANASONIC GOBEL INDONESIA","2501999.999940","2501999.999940","0.000000","2501999.999940","0.000000","MATCH","2026-02-02 23:03:36","2024-09-22 22:55:59"
"192929","467","467.-1.1203","2024-09-07","4","PT.PANASONIC GOBEL INDONESIA","1042499.999975","1042499.999975","0.000000","1042499.999975","0.000000","MATCH","2026-02-02 23:03:36","2024-09-22 22:56:27"
"194051","467","467.-1.1209","2024-09-09","4","PT.PANASONIC GOBEL INDONESIA","2927039.999894","2927039.999894","0.000000","2927039.999894","0.000000","MATCH","2026-02-02 23:03:36","2024-09-22 22:56:48"
"194053","467","467.-1.1210","2024-09-09","4","PT.PANASONIC GOBEL INDONESIA","3467047.999985","3467047.999985","0.000000","3467047.999985","0.000000","MATCH","2026-02-02 23:03:36","2024-09-22 22:57:07"
"195061","467","467.-1.1212","2024-09-09","4","PT.PANASONIC GOBEL INDONESIA","3200351.999987","3200351.999987","0.000000","3200351.999987","0.000000","MATCH","2026-02-02 23:03:36","2024-09-22 22:57:26"
"195337","467","467.-1.1213","2024-09-10","4","PT.PANASONIC GOBEL INDONESIA","1364375.000007","1364375.000007","0.000000","1364375.000007","0.000000","MATCH","2026-02-02 23:03:36","2024-09-22 22:57:44"
"195441","467","467.-1.1214","2024-09-10","4","PT.PANASONIC GOBEL INDONESIA","2501999.999940","2501999.999940","0.000000","2501999.999940","0.000000","MATCH","2026-02-02 23:03:36","2024-09-22 22:58:01"
"195443","467","467.-1.1215","2024-09-10","4","PT.PANASONIC GOBEL INDONESIA","1042499.999975","1042499.999975","0.000000","1042499.999975","0.000000","MATCH","2026-02-02 23:03:36","2024-09-22 22:58:21"
"195475","467","467.-1.1217","2024-09-10","4","PT.PANASONIC GOBEL INDONESIA","1364375.000007","1364375.000007","0.000000","1364375.000007","0.000000","MATCH","2026-02-02 23:03:36","2024-09-22 22:58:39"
"195953","467","467.-1.1221","2024-09-10","4","PT.PANASONIC GOBEL INDONESIA","3200351.999987","3200351.999987","0.000000","3200351.999987","0.000000","MATCH","2026-02-02 23:03:36","2024-11-06 16:35:02"
"196133","467","467.-1.1222","2024-09-11","4","PT.PANASONIC GOBEL INDONESIA","3108999.999956","3108999.999956","0.000000","3108999.999956","0.000000","MATCH","2026-02-02 23:03:36","2024-11-06 16:36:13"
"196135","467","467.-1.1223","2024-09-11","4","PT.PANASONIC GOBEL INDONESIA","3108999.999956","3108999.999956","0.000000","3108999.999956","0.000000","MATCH","2026-02-02 23:03:36","2024-11-06 16:36:49"
"197355","467","467.-1.1233","2024-09-12","4","PT.PANASONIC GOBEL INDONESIA","3881249.999907","3881249.999907","0.000000","3881249.999907","0.000000","MATCH","2026-02-02 23:03:36","2024-11-06 16:37:53"
"197389","467","467.-1.1234","2024-09-12","4","PT.PANASONIC GOBEL INDONESIA","3881249.999907","3881249.999907","0.000000","3881249.999907","0.000000","MATCH","2026-02-02 23:03:36","2024-11-06 16:38:25"
"197465","467","467.-1.1235","2024-09-12","4","PT.PANASONIC GOBEL INDONESIA","1364375.000007","1364375.000007","0.000000","1364375.000007","0.000000","MATCH","2026-02-02 23:03:36","2024-11-06 16:41:59"
"197467","467","467.-1.1236","2024-09-12","4","PT.PANASONIC GOBEL INDONESIA","1364375.000007","1364375.000007","0.000000","1364375.000007","0.000000","MATCH","2026-02-02 23:03:36","2024-11-07 09:04:57"
"198364","467","467.-1.1239","2024-09-12","4","PT.PANASONIC GOBEL INDONESIA","2927039.999894","2927039.999894","0.000000","2927039.999894","0.000000","MATCH","2026-02-02 23:03:36","2024-11-07 09:09:27"
"199106","3344","3344.-1.28","2024-09-13","4","PT.PANASONIC GOBEL INDONESIA","50000000.000000","50000000.000000","0.000000","50000000.000000","0.000000","MATCH","2026-02-02 23:03:36","2024-09-24 10:47:11"
"199125","3344","3344.-1.29","2024-09-13","4","PT.PANASONIC GOBEL INDONESIA","76600000.000000","76600000.000000","0.000000","76600000.000000","0.000000","MATCH","2026-02-02 23:03:36","2024-09-24 10:43:19"
"199129","3344","3344.-1.30","2024-09-13","4","PT.PANASONIC GOBEL INDONESIA","33585371.000000","33585371.000000","0.000000","33585371.000000","0.000000","MATCH","2026-02-02 23:03:36","2024-09-24 10:45:59"
"200017","467","467.-1.1244","2024-09-13","4","PT.PANASONIC GOBEL INDONESIA","2501999.999940","2501999.999940","0.000000","2501999.999940","0.000000","MATCH","2026-02-02 23:03:36","2024-11-07 09:14:45"
"200249","467","467.-1.1245","2024-09-14","4","PT.PANASONIC GOBEL INDONESIA","1042499.999975","1042499.999975","0.000000","1042499.999975","0.000000","MATCH","2026-02-02 23:03:36","2024-11-07 09:13:28"
"200255","467","467.-1.1247","2024-09-14","4","PT.PANASONIC GOBEL INDONESIA","3467047.999985","3467047.999985","0.000000","3467047.999985","0.000000","MATCH","2026-02-02 23:03:36","2024-11-07 09:15:27"
"200877","467","467.-1.1250","2024-09-14","4","PT.PANASONIC GOBEL INDONESIA","1364375.000007","1364375.000007","0.000000","1364375.000007","0.000000","MATCH","2026-02-02 23:03:36","2024-11-07 09:17:09"
"200959","467","467.-1.1251","2024-09-14","4","PT.PANASONIC GOBEL INDONESIA","1364375.000007","1364375.000007","0.000000","1364375.000007","0.000000","MATCH","2026-02-02 23:03:36","2024-11-07 09:24:39"
"201933","467","467.-1.1254","2024-09-17","4","PT.PANASONIC GOBEL INDONESIA","2501999.999940","2501999.999940","0.000000","2501999.999940","0.000000","MATCH","2026-02-02 23:03:36","2024-11-07 09:25:23"
"202287","467","467.-1.1255","2024-09-18","4","PT.PANASONIC GOBEL INDONESIA","1042499.999975","1042499.999975","0.000000","1042499.999975","0.000000","MATCH","2026-02-02 23:03:36","2024-11-07 09:25:49"
"202301","467","467.-1.1256","2024-09-18","4","PT.PANASONIC GOBEL INDONESIA","1364375.000007","1364375.000007","0.000000","1364375.000007","0.000000","MATCH","2026-02-02 23:03:36","2024-11-07 09:26:32"
"202303","467","467.-1.1257","2024-09-18","4","PT.PANASONIC GOBEL INDONESIA","1364375.000007","1364375.000007","0.000000","1364375.000007","0.000000","MATCH","2026-02-02 23:03:36","2024-11-07 09:27:27"
"202395","3344","3344.-1.31","2024-09-18","4","PT.PANASONIC GOBEL INDONESIA","18993000.000000","18993000.000000","0.000000","18993000.000000","0.000000","MATCH","2026-02-02 23:03:36","2024-09-18 22:05:25"
"202405","3344","3344.-1.32","2024-09-18","4","PT.PANASONIC GOBEL INDONESIA","515198301.000000","515198301.000000","0.000000","515198301.000000","0.000000","MATCH","2026-02-02 23:03:36","2025-03-25 08:46:48"
"202407","3344","3344.-1.33","2024-09-18","4","PT.PANASONIC GOBEL INDONESIA","20000000.000000","20000000.000000","0.000000","20000000.000000","0.000000","MATCH","2026-02-02 23:03:36","2025-03-25 08:46:16"
"202409","3344","3344.-1.34","2024-09-18","4","PT.PANASONIC GOBEL INDONESIA","5250000.000000","5250000.000000","0.000000","5250000.000000","0.000000","MATCH","2026-02-02 23:03:36","2024-09-18 22:05:57"
"202415","3344","3344.-1.35","2024-09-18","4","PT.PANASONIC GOBEL INDONESIA","8202262.000000","8202262.000000","0.000000","8202262.000000","0.000000","MATCH","2026-02-02 23:03:36","2025-03-25 08:45:42"
"202417","3344","3344.-1.36","2024-09-18","4","PT.PANASONIC GOBEL INDONESIA","4767400.000000","4767400.000000","0.000000","4767400.000000","0.000000","MATCH","2026-02-02 23:03:36","2025-03-25 08:37:39"
"202423","3344","3344.-1.37","2024-09-18","4","PT.PANASONIC GOBEL INDONESIA","1050000.000000","1050000.000000","0.000000","1050000.000000","0.000000","MATCH","2026-02-02 23:03:36","2025-03-25 08:37:08"
"202425","3344","3344.-1.38","2024-09-18","4","PT.PANASONIC GOBEL INDONESIA","20250000.000000","20250000.000000","0.000000","20250000.000000","0.000000","MATCH","2026-02-02 23:03:36","2025-03-25 08:36:40"
"202427","3344","3344.-1.39","2024-09-18","4","PT.PANASONIC GOBEL INDONESIA","73750000.000000","73750000.000000","0.000000","73750000.000000","0.000000","MATCH","2026-02-02 23:03:36","2025-03-25 08:36:13"
"202429","3344","3344.-1.40","2024-09-18","4","PT.PANASONIC GOBEL INDONESIA","8883000.000000","8883000.000000","0.000000","8883000.000000","0.000000","MATCH","2026-02-02 23:03:36","2025-03-25 08:35:39"
"202431","3344","3344.-1.41","2024-09-18","4","PT.PANASONIC GOBEL INDONESIA","25000000.000000","25000000.000000","0.000000","25000000.000000","0.000000","MATCH","2026-02-02 23:03:36","2025-03-25 08:47:23"
"202433","3344","3344.-1.42","2024-09-18","4","PT.PANASONIC GOBEL INDONESIA","1800000.000000","1800000.000000","0.000000","1800000.000000","0.000000","MATCH","2026-02-02 23:03:36","2025-03-25 08:18:58"
"202955","467","467.-1.1264","2024-09-18","4","PT.PANASONIC GOBEL INDONESIA","3467047.999985","3467047.999985","0.000000","3467047.999985","0.000000","MATCH","2026-02-02 23:03:36","2024-11-07 09:28:11"
"202957","467","467.-1.1265","2024-09-18","4","PT.PANASONIC GOBEL INDONESIA","1364375.000007","1364375.000007","0.000000","1364375.000007","0.000000","MATCH","2026-02-02 23:03:36","2024-11-07 09:28:53"
"203481","467","467.-1.1267","2024-09-19","4","PT.PANASONIC GOBEL INDONESIA","1364375.000007","1364375.000007","0.000000","1364375.000007","0.000000","MATCH","2026-02-02 23:03:36","2024-11-07 09:29:52"
"205881","467","467.-1.1274","2024-09-21","4","PT.PANASONIC GOBEL INDONESIA","570969.999991","570969.999991","0.000000","570969.999991","0.000000","MATCH","2026-02-02 23:03:36","2024-11-07 09:31:06"
"205906","467","467.-1.1275","2024-09-21","4","PT.PANASONIC GOBEL INDONESIA","2865801.000013","2865801.000013","0.000000","2865801.000013","0.000000","MATCH","2026-02-02 23:03:36","2024-11-07 09:33:24"
"206740","467","467.-1.1276","2024-09-23","4","PT.PANASONIC GOBEL INDONESIA","3467047.999985","3467047.999985","0.000000","3467047.999985","0.000000","MATCH","2026-02-02 23:03:36","2024-11-07 09:36:15"
"207724","467","467.-1.1282","2024-09-24","4","PT.PANASONIC GOBEL INDONESIA","1364375.000007","1364375.000007","0.000000","1364375.000007","0.000000","MATCH","2026-02-02 23:03:36","2024-11-07 09:36:51"
"207762","467","467.-1.1283","2024-09-24","4","PT.PANASONIC GOBEL INDONESIA","1364375.000007","1364375.000007","0.000000","1364375.000007","0.000000","MATCH","2026-02-02 23:03:36","2024-11-07 09:37:33"
"208615","3344","3344.-1.44","2024-09-24","4","PT.PANASONIC GOBEL INDONESIA","151760055.000000","151760055.000000","0.000000","151760055.000000","0.000000","MATCH","2026-02-02 23:03:36","2024-09-25 10:18:37"
"210304","3344","3344.-1.45","2024-09-25","4","PT.PANASONIC GOBEL INDONESIA","9514337.000000","9514337.000000","0.000000","9514337.000000","0.000000","MATCH","2026-02-02 23:03:36","2024-09-26 15:15:44"
"210310","3344","3344.-1.46","2024-09-25","4","PT.PANASONIC GOBEL INDONESIA","141176471.000000","141176471.000000","0.000000","141176471.000000","0.000000","MATCH","2026-02-02 23:03:36","2024-09-26 15:05:15"
"210314","3344","3344.-1.47","2024-09-25","4","PT.PANASONIC GOBEL INDONESIA","27693000.000000","27693000.000000","0.000000","27693000.000000","0.000000","MATCH","2026-02-02 23:03:36","2024-09-26 15:06:04"
"210318","3344","3344.-1.48","2024-09-25","4","PT.PANASONIC GOBEL INDONESIA","8711582.000000","8711582.000000","0.000000","8711582.000000","0.000000","MATCH","2026-02-02 23:03:36","2024-09-26 15:09:05"
"210350","3344","3344.-1.49","2024-09-25","4","PT.PANASONIC GOBEL INDONESIA","17242500.000000","17242500.000000","0.000000","17242500.000000","0.000000","MATCH","2026-02-02 23:03:36","2024-09-26 15:10:46"
"210352","3344","3344.-1.50","2024-09-25","4","PT.PANASONIC GOBEL INDONESIA","28519674.000000","28519674.000000","0.000000","28519674.000000","0.000000","MATCH","2026-02-02 23:03:36","2024-09-26 15:11:22"
"210354","3344","3344.-1.51","2024-09-25","4","PT.PANASONIC GOBEL INDONESIA","1100000.000000","1100000.000000","0.000000","1100000.000000","0.000000","MATCH","2026-02-02 23:03:36","2024-09-26 15:14:09"
"212475","467","467.-1.1300","2024-09-27","4","PT.PANASONIC GOBEL INDONESIA","3467047.999985","3467047.999985","0.000000","3467047.999985","0.000000","MATCH","2026-02-02 23:03:36","2024-11-07 09:38:17"
"212880","467","467.-1.1301","2024-09-28","4","PT.PANASONIC GOBEL INDONESIA","1321569.999992","1321569.999992","0.000000","1321569.999992","0.000000","MATCH","2026-02-02 23:03:36","2024-11-07 09:47:50"
"215486","467","467.-1.1314","2024-10-01","4","PT.PANASONIC GOBEL INDONESIA","725880.000032","725880.000032","0.000000","725880.000032","0.000000","MATCH","2026-02-02 23:03:36","2024-11-07 09:48:43"
"215496","467","467.-1.1315","2024-10-01","4","PT.PANASONIC GOBEL INDONESIA","823999.999992","823999.999992","0.000000","823999.999992","0.000000","MATCH","2026-02-02 23:03:36","2024-11-07 09:50:47"
"215579","467","467.-1.1316","2024-10-01","4","PT.PANASONIC GOBEL INDONESIA","3467047.999985","3467047.999985","0.000000","3467047.999985","0.000000","MATCH","2026-02-02 23:03:36","2024-11-07 09:52:11"
"217478","467","467.-1.1321","2024-10-03","4","PT.PANASONIC GOBEL INDONESIA","818625.000004","818625.000004","0.000000","818625.000004","0.000000","MATCH","2026-02-02 23:03:36","2024-11-07 09:53:49"
"217482","467","467.-1.1322","2024-10-03","4","PT.PANASONIC GOBEL INDONESIA","1009124.999976","1009124.999976","0.000000","1009124.999976","0.000000","MATCH","2026-02-02 23:03:36","2024-11-07 09:55:44"
"219484","467","467.-1.1325","2024-10-04","4","PT.PANASONIC GOBEL INDONESIA","4000439.999983","4000439.999983","0.000000","4000439.999983","0.000000","MATCH","2026-02-02 23:03:36","2024-11-07 09:57:15"
"219490","467","467.-1.1326","2024-10-04","4","PT.PANASONIC GOBEL INDONESIA","1490687.268097","1490687.268097","0.000000","1490687.268097","0.000000","MATCH","2026-02-02 23:03:36","2024-11-07 09:58:36"
"219608","467","467.-1.1329","2024-10-04","4","PT.PANASONIC GOBEL INDONESIA","1528100.000008","1528100.000008","0.000000","1528100.000008","0.000000","MATCH","2026-02-02 23:03:36","2024-11-07 10:00:47"
"224246","467","467.-1.1348","2024-10-08","4","PT.PANASONIC GOBEL INDONESIA","1418950.000008","1418950.000008","0.000000","1418950.000008","0.000000","MATCH","2026-02-02 23:03:36","2024-11-07 10:03:07"
"225383","467","467.-1.1355","2024-10-10","4","PT.PANASONIC GOBEL INDONESIA","1418950.000008","1418950.000008","0.000000","1418950.000008","0.000000","MATCH","2026-02-02 23:03:36","2024-11-07 10:04:12"
"225395","467","467.-1.1356","2024-10-10","4","PT.PANASONIC GOBEL INDONESIA","1418950.000008","1418950.000008","0.000000","1418950.000008","0.000000","MATCH","2026-02-02 23:03:36","2024-11-07 10:06:30"
"225661","467","467.-1.1357","2024-10-10","4","PT.PANASONIC GOBEL INDONESIA","4000439.999983","4000439.999983","0.000000","4000439.999983","0.000000","MATCH","2026-02-02 23:03:36","2024-11-07 10:07:37"
"226713","467","467.-1.1359","2024-10-11","4","PT.PANASONIC GOBEL INDONESIA","3100899.999958","3100899.999958","0.000000","3100899.999958","0.000000","MATCH","2026-02-02 23:03:36","2024-11-07 10:08:57"
"227111","467","467.-1.1364","2024-10-11","4","PT.PANASONIC GOBEL INDONESIA","2798099.999960","2798099.999960","0.000000","2798099.999960","0.000000","MATCH","2026-02-02 23:03:36","2024-11-07 10:11:30"
"229661","467","467.-1.1374","2024-10-14","4","PT.PANASONIC GOBEL INDONESIA","1418950.000008","1418950.000008","0.000000","1418950.000008","0.000000","MATCH","2026-02-02 23:03:36","2024-12-11 15:41:32"
"230227","467","467.-1.1378","2024-10-15","4","PT.PANASONIC GOBEL INDONESIA","1418950.000008","1418950.000008","0.000000","1418950.000008","0.000000","MATCH","2026-02-02 23:03:36","2024-11-07 10:12:06"
"231133","467","467.-1.1382","2024-10-16","4","PT.PANASONIC GOBEL INDONESIA","1418950.000008","1418950.000008","0.000000","1418950.000008","0.000000","MATCH","2026-02-02 23:03:36","2024-11-07 10:13:04"
"233453","467","467.-1.1392","2024-10-18","4","PT.PANASONIC GOBEL INDONESIA","2818999.999962","2818999.999962","0.000000","2818999.999962","0.000000","MATCH","2026-02-02 23:03:36","2024-11-07 10:14:05"
"233739","467","467.-1.1393","2024-10-18","4","PT.PANASONIC GOBEL INDONESIA","2328749.999944","2328749.999944","0.000000","2328749.999944","0.000000","MATCH","2026-02-02 23:03:36","2024-11-07 10:14:43"
"233741","467","467.-1.1394","2024-10-18","4","PT.PANASONIC GOBEL INDONESIA","2818999.999962","2818999.999962","0.000000","2818999.999962","0.000000","MATCH","2026-02-02 23:03:36","2024-11-07 10:16:17"
"234618","467","467.-1.1399","2024-10-18","4","PT.PANASONIC GOBEL INDONESIA","2557794.185323","2557794.185323","0.000000","2557794.185323","0.000000","MATCH","2026-02-02 23:03:36","2024-11-07 10:18:23"
"235924","467","467.-1.1407","2024-10-21","4","PT.PANASONIC GOBEL INDONESIA","1418950.000008","1418950.000008","0.000000","1418950.000008","0.000000","MATCH","2026-02-02 23:03:36","2024-11-07 10:19:32"
"236085","467","467.-1.1409","2024-10-21","4","PT.PANASONIC GOBEL INDONESIA","3419899.999951","3419899.999951","0.000000","3419899.999951","0.000000","MATCH","2026-02-02 23:03:36","2024-11-07 10:19:03"
"236089","467","467.-1.1410","2024-10-21","4","PT.PANASONIC GOBEL INDONESIA","2798099.999960","2798099.999960","0.000000","2798099.999960","0.000000","MATCH","2026-02-02 23:03:36","2024-11-07 10:20:32"
"236909","467","467.-1.1414","2024-10-21","4","PT.PANASONIC GOBEL INDONESIA","2666959.999989","2666959.999989","0.000000","2666959.999989","0.000000","MATCH","2026-02-02 23:03:36","2024-11-07 10:21:19"
"237589","467","467.-1.1416","2024-10-22","4","PT.PANASONIC GOBEL INDONESIA","1418950.000008","1418950.000008","0.000000","1418950.000008","0.000000","MATCH","2026-02-02 23:03:36","2024-11-07 10:22:11"
"239311","3344","3344.-1.59","2024-10-23","4","PT.PANASONIC GOBEL INDONESIA","55666483.000000","55666483.000000","0.000000","55666483.000000","0.000000","MATCH","2026-02-02 23:03:36","2024-10-23 14:28:05"
"240070","467","467.-1.1426","2024-10-24","4","PT.PANASONIC GOBEL INDONESIA","1489799.999998","1489799.999998","0.000000","1489799.999998","0.000000","MATCH","2026-02-02 23:03:36","2024-11-07 10:22:52"
"242771","467","467.-1.1435","2024-10-26","4","PT.PANASONIC GOBEL INDONESIA","2818999.999962","2818999.999962","0.000000","2818999.999962","0.000000","MATCH","2026-02-02 23:03:36","2024-11-07 10:23:49"
"243157","467","467.-1.1436","2024-10-26","4","PT.PANASONIC GOBEL INDONESIA","2818999.999962","2818999.999962","0.000000","2818999.999962","0.000000","MATCH","2026-02-02 23:03:36","2024-12-11 15:42:20"
"245446","467","467.-1.1447","2024-10-29","4","PT.PANASONIC GOBEL INDONESIA","1418950.000008","1418950.000008","0.000000","1418950.000008","0.000000","MATCH","2026-02-02 23:03:36","2024-11-07 10:25:09"
"256153","467","467.-1.1491","2024-11-06","4","PT.PANASONIC GOBEL INDONESIA","5243117.941180","5243117.941180","0.000000","5243117.941180","0.000000","MATCH","2026-02-02 23:03:36","2024-12-11 15:50:38"
"258265","3344","3344.-1.62","2024-11-08","4","PT.PANASONIC GOBEL INDONESIA","42567567.000000","42567567.000000","0.000000","42567567.000000","0.000000","MATCH","2026-02-02 23:03:36","2024-11-18 13:19:05"
"263948","467","467.-1.1522","2024-11-13","4","PT.PANASONIC GOBEL INDONESIA","1582079.999985","1582079.999985","0.000000","1582079.999985","0.000000","MATCH","2026-02-02 23:03:36","2024-12-11 15:52:35"
"266217","467","467.-1.1530","2024-11-14","4","PT.PANASONIC GOBEL INDONESIA","1582079.999985","1582079.999985","0.000000","1582079.999985","0.000000","MATCH","2026-02-02 23:03:36","2024-12-11 15:54:58"
"268460","467","467.-1.1537","2024-11-15","4","PT.PANASONIC GOBEL INDONESIA","3505411.764580","3505411.764580","0.000000","3505411.764580","0.000000","MATCH","2026-02-02 23:03:36","2024-12-11 15:56:21"
"268516","467","467.-1.1538","2024-11-15","4","PT.PANASONIC GOBEL INDONESIA","4221176.470425","4221176.470425","0.000000","4221176.470425","0.000000","MATCH","2026-02-02 23:03:36","2024-12-11 15:59:32"
"269064","467","467.-1.1543","2024-11-16","4","PT.PANASONIC GOBEL INDONESIA","4515034.117671","4515034.117671","0.000000","4515034.117671","0.000000","MATCH","2026-02-02 23:03:36","2024-12-11 16:03:37"
"270792","467","467.-1.1550","2024-11-18","4","PT.PANASONIC GOBEL INDONESIA","4221176.470425","4221176.470425","0.000000","4221176.470425","0.000000","MATCH","2026-02-02 23:03:36","2024-12-11 16:04:30"
"271307","467","467.-1.1551","2024-11-19","4","PT.PANASONIC GOBEL INDONESIA","3775058.823394","3775058.823394","0.000000","3775058.823394","0.000000","MATCH","2026-02-02 23:03:36","2024-12-11 16:08:57"
"271387","467","467.-1.1552","2024-11-19","4","PT.PANASONIC GOBEL INDONESIA","3564423.529503","3564423.529503","0.000000","3564423.529503","0.000000","MATCH","2026-02-02 23:03:36","2024-12-11 16:09:54"
"273525","467","467.-1.1558","2024-11-20","4","PT.PANASONIC GOBEL INDONESIA","4455529.411879","4455529.411879","0.000000","4455529.411879","0.000000","MATCH","2026-02-02 23:03:36","2024-12-11 16:11:06"
"274067","467","467.-1.1559","2024-11-21","4","PT.PANASONIC GOBEL INDONESIA","4945694.117626","4945694.117626","0.000000","4945694.117626","0.000000","MATCH","2026-02-02 23:03:36","2024-12-11 16:13:05"
"274278","467","467.-1.1560","2024-11-21","4","PT.PANASONIC GOBEL INDONESIA","3505411.764580","3505411.764580","0.000000","3505411.764580","0.000000","MATCH","2026-02-02 23:03:36","2024-12-11 16:14:06"
"275464","467","467.-1.1565","2024-11-22","4","PT.PANASONIC GOBEL INDONESIA","3722541.176506","3722541.176506","0.000000","3722541.176506","0.000000","MATCH","2026-02-02 23:03:36","2024-12-11 16:16:34"
"275956","467","467.-1.1568","2024-11-22","4","PT.PANASONIC GOBEL INDONESIA","4221176.470425","4221176.470425","0.000000","4221176.470425","0.000000","MATCH","2026-02-02 23:03:36","2024-12-11 16:18:39"
"276074","3344","3344.-1.64","2024-11-22","4","PT.PANASONIC GOBEL INDONESIA","42567567.000000","42567567.000000","0.000000","42567567.000000","0.000000","MATCH","2026-02-02 23:03:36","2024-11-22 21:00:13"
"276114","467","467.-1.1570","2024-11-23","4","PT.PANASONIC GOBEL INDONESIA","3896470.588085","3896470.588085","0.000000","3896470.588085","0.000000","MATCH","2026-02-02 23:03:36","2024-12-11 16:23:28"
"276466","467","467.-1.1571","2024-11-23","4","PT.PANASONIC GOBEL INDONESIA","3505411.764580","3505411.764580","0.000000","3505411.764580","0.000000","MATCH","2026-02-02 23:03:36","2024-12-11 16:24:35"
"276468","467","467.-1.1572","2024-11-23","4","PT.PANASONIC GOBEL INDONESIA","3505411.764580","3505411.764580","0.000000","3505411.764580","0.000000","MATCH","2026-02-02 23:03:36","2024-12-11 16:27:53"
"280062","467","467.-1.1590","2024-11-28","4","PT.PANASONIC GOBEL INDONESIA","3896470.588085","3896470.588085","0.000000","3896470.588085","0.000000","MATCH","2026-02-02 23:03:36","2024-12-11 16:29:56"
"280260","467","467.-1.1591","2024-11-28","4","PT.PANASONIC GOBEL INDONESIA","5357835.294094","5357835.294094","0.000000","5357835.294094","0.000000","MATCH","2026-02-02 23:03:36","2024-12-11 16:31:15"
"281383","467","467.-1.1597","2024-11-29","4","PT.PANASONIC GOBEL INDONESIA","4221176.470425","4221176.470425","0.000000","4221176.470425","0.000000","MATCH","2026-02-02 23:03:36","2024-12-11 16:34:57"
"281385","467","467.-1.1598","2024-11-29","4","PT.PANASONIC GOBEL INDONESIA","3505411.764580","3505411.764580","0.000000","3505411.764580","0.000000","MATCH","2026-02-02 23:03:36","2024-12-11 16:42:27"
"282173","467","467.-1.1604","2024-11-29","4","PT.PANASONIC GOBEL INDONESIA","6549458.823551","6549458.823551","0.000000","6549458.823551","0.000000","MATCH","2026-02-02 23:03:36","2024-12-11 16:43:32"
"282179","467","467.-1.1605","2024-11-29","4","PT.PANASONIC GOBEL INDONESIA","344195.294120","344195.294120","0.000000","344195.294120","0.000000","MATCH","2026-02-02 23:03:36","2024-12-11 16:46:42"
"282451","3344","3344.-1.65","2024-11-29","4","PT.PANASONIC GOBEL INDONESIA","36.000000","36.000000","36.000000","0.000000","0.000000","MATCH","2026-02-02 23:03:36","2024-11-29 19:55:00"
"282931","3344","3344.-1.66","2024-11-30","4","PT.PANASONIC GOBEL INDONESIA","92.000000","92.000000","92.000000","0.000000","0.000000","MATCH","2026-02-02 23:03:36","2024-11-30 10:33:39"
"284998","467","467.-1.1629","2024-12-03","4","PT.PANASONIC GOBEL INDONESIA","3505411.764580","3505411.764580","0.000000","3505411.764580","0.000000","MATCH","2026-02-02 23:03:36","2024-12-11 16:50:32"
"286461","467","467.-1.1638","2024-12-04","4","PT.PANASONIC GOBEL INDONESIA","3861458.823628","3861458.823628","0.000000","3861458.823628","0.000000","MATCH","2026-02-02 23:03:36","2024-12-11 16:53:28"
"287338","467","467.-1.1643","2024-12-05","4","PT.PANASONIC GOBEL INDONESIA","3505411.764580","3505411.764580","0.000000","3505411.764580","0.000000","MATCH","2026-02-02 23:03:36","2024-12-11 16:54:32"
"288747","467","467.-1.1655","2024-12-06","4","PT.PANASONIC GOBEL INDONESIA","3896470.588085","3896470.588085","0.000000","3896470.588085","0.000000","MATCH","2026-02-02 23:03:36","2024-12-11 16:56:08"
"289553","467","467.-1.1659","2024-12-07","4","PT.PANASONIC GOBEL INDONESIA","4044705.882208","4044705.882208","0.000000","4044705.882208","0.000000","MATCH","2026-02-02 23:03:36","2024-12-11 16:57:52"
"289555","467","467.-1.1660","2024-12-07","4","PT.PANASONIC GOBEL INDONESIA","3722541.176506","3722541.176506","0.000000","3722541.176506","0.000000","MATCH","2026-02-02 23:03:36","2024-12-11 16:58:44"
"291520","467","467.-1.1665","2024-12-09","4","PT.PANASONIC GOBEL INDONESIA","3896470.588085","3896470.588085","0.000000","3896470.588085","0.000000","MATCH","2026-02-02 23:03:36","2024-12-11 17:00:11"
"291522","467","467.-1.1666","2024-12-09","4","PT.PANASONIC GOBEL INDONESIA","5357835.294094","5357835.294094","0.000000","5357835.294094","0.000000","MATCH","2026-02-02 23:03:36","2024-12-11 17:01:28"
"291780","467","467.-1.1667","2024-12-10","4","PT.PANASONIC GOBEL INDONESIA","3505411.764580","3505411.764580","0.000000","3505411.764580","0.000000","MATCH","2026-02-02 23:03:36","2024-12-11 17:02:50"
"294031","467","467.-1.1676","2024-12-12","4","PT.PANASONIC GOBEL INDONESIA","4044705.882208","4044705.882208","0.000000","4044705.882208","0.000000","MATCH","2026-02-02 23:03:36","2024-12-13 13:22:56"
"294071","3344","3344.-1.71","2024-12-12","4","PT.PANASONIC GOBEL INDONESIA","91093230.000000","91093230.000000","0.000000","91093230.000000","0.000000","MATCH","2026-02-02 23:03:36","2024-12-12 10:43:37"
"298859","3344","3344.-1.72","2024-12-17","4","PT.PANASONIC GOBEL INDONESIA","9500000.000000","9500000.000000","0.000000","9500000.000000","0.000000","MATCH","2026-02-02 23:03:36","2025-03-25 08:17:56"
"298861","3344","3344.-1.73","2024-12-17","4","PT.PANASONIC GOBEL INDONESIA","8000000.000000","8000000.000000","0.000000","8000000.000000","0.000000","MATCH","2026-02-02 23:03:36","2025-03-25 08:17:17"
"298865","3344","3344.-1.74","2024-12-17","4","PT.PANASONIC GOBEL INDONESIA","225000000.000000","225000000.000000","0.000000","225000000.000000","0.000000","MATCH","2026-02-02 23:03:36","2024-12-17 16:13:35"
"298887","3344","3344.-1.75","2024-12-17","4","PT.PANASONIC GOBEL INDONESIA","108750000.000000","108750000.000000","0.000000","108750000.000000","0.000000","MATCH","2026-02-02 23:03:36","2024-12-17 16:14:30"
"347423","467","467.-1.1960","2025-02-14","4","PT.PANASONIC GOBEL INDONESIA","4221176.470425","4221176.470425","0.000000","4221176.470425","0.000000","MATCH","2026-02-02 23:03:36","2025-06-18 10:39:15"
"348675","467","467.-1.1965","2025-02-15","4","PT.PANASONIC GOBEL INDONESIA","4044705.882208","4044705.882208","0.000000","4044705.882208","0.000000","MATCH","2026-02-02 23:03:36","2025-06-18 10:39:52"
"348773","467","467.-1.1966","2025-02-15","4","PT.PANASONIC GOBEL INDONESIA","3896470.588085","3896470.588085","0.000000","3896470.588085","0.000000","MATCH","2026-02-02 23:03:36","2025-06-18 10:41:45"
"350213","467","467.-1.1973","2025-02-18","4","PT.PANASONIC GOBEL INDONESIA","3896470.588085","3896470.588085","0.000000","3896470.588085","0.000000","MATCH","2026-02-02 23:03:36","2025-06-18 10:42:33"
"350424","467","467.-1.1974","2025-02-18","4","PT.PANASONIC GOBEL INDONESIA","3564423.529503","3564423.529503","0.000000","3564423.529503","0.000000","MATCH","2026-02-02 23:03:36","2025-06-18 10:43:29"
"350426","467","467.-1.1975","2025-02-18","4","PT.PANASONIC GOBEL INDONESIA","4221176.470425","4221176.470425","0.000000","4221176.470425","0.000000","MATCH","2026-02-02 23:03:36","2025-06-18 10:44:19"
"352312","467","467.-1.1988","2025-02-20","4","PT.PANASONIC GOBEL INDONESIA","4044705.882208","4044705.882208","0.000000","4044705.882208","0.000000","MATCH","2026-02-02 23:03:36","2025-06-18 10:46:11"
"352314","467","467.-1.1989","2025-02-20","4","PT.PANASONIC GOBEL INDONESIA","4945694.117626","4945694.117626","0.000000","4945694.117626","0.000000","MATCH","2026-02-02 23:03:36","2025-06-18 10:49:25"
"352957","467","467.-1.1994","2025-02-21","4","PT.PANASONIC GOBEL INDONESIA","3505411.764580","3505411.764580","0.000000","3505411.764580","0.000000","MATCH","2026-02-02 23:03:36","2025-06-18 10:52:20"
"352967","467","467.-1.1995","2025-02-21","4","PT.PANASONIC GOBEL INDONESIA","4870588.235106","4870588.235106","0.000000","4870588.235106","0.000000","MATCH","2026-02-02 23:03:36","2025-06-18 10:53:36"
"353001","467","467.-1.1996","2025-02-21","4","PT.PANASONIC GOBEL INDONESIA","4032752.941215","4032752.941215","0.000000","4032752.941215","0.000000","MATCH","2026-02-02 23:03:36","2025-06-18 10:56:18"
"353699","467","467.-1.2003","2025-02-22","4","PT.PANASONIC GOBEL INDONESIA","3505411.764580","3505411.764580","0.000000","3505411.764580","0.000000","MATCH","2026-02-02 23:03:36","2025-06-18 10:57:15"
"356408","467","467.-1.2025","2025-02-25","4","PT.PANASONIC GOBEL INDONESIA","3505411.764580","3505411.764580","0.000000","3505411.764580","0.000000","MATCH","2026-02-02 23:03:36","2025-06-18 11:00:55"
"356738","467","467.-1.2026","2025-02-26","4","PT.PANASONIC GOBEL INDONESIA","3564423.529503","3564423.529503","0.000000","3564423.529503","0.000000","MATCH","2026-02-02 23:03:36","2025-06-18 11:01:49"
"356760","467","467.-1.2027","2025-02-26","4","PT.PANASONIC GOBEL INDONESIA","4044705.882208","4044705.882208","0.000000","4044705.882208","0.000000","MATCH","2026-02-02 23:03:36","2025-06-18 11:03:49"
"357783","467","467.-1.2032","2025-02-27","4","PT.PANASONIC GOBEL INDONESIA","3505411.764580","3505411.764580","0.000000","3505411.764580","0.000000","MATCH","2026-02-02 23:03:36","2025-06-18 11:32:52"
"358867","467","467.-1.2042","2025-02-28","4","PT.PANASONIC GOBEL INDONESIA","691250.588233","691250.588233","0.000000","691250.588233","0.000000","MATCH","2026-02-02 23:03:36","2025-06-18 11:34:24"
"361357","467","467.-1.2059","2025-03-04","4","PT.PANASONIC GOBEL INDONESIA","3505411.764580","3505411.764580","0.000000","3505411.764580","0.000000","MATCH","2026-02-02 23:03:36","2025-06-18 11:42:32"
"363146","467","467.-1.2067","2025-03-05","4","PT.PANASONIC GOBEL INDONESIA","1899628.194380","1899628.194380","0.000000","1899628.194380","0.000000","MATCH","2026-02-02 23:03:36","2025-06-18 11:43:56"
"364823","467","467.-1.2078","2025-03-07","4","PT.PANASONIC GOBEL INDONESIA","3896470.588085","3896470.588085","0.000000","3896470.588085","0.000000","MATCH","2026-02-02 23:03:36","2025-06-18 11:46:34"
"365673","467","467.-1.2083","2025-03-08","4","PT.PANASONIC GOBEL INDONESIA","3505411.764580","3505411.764580","0.000000","3505411.764580","0.000000","MATCH","2026-02-02 23:03:36","2025-06-18 11:49:48"
"365677","467","467.-1.2084","2025-03-08","4","PT.PANASONIC GOBEL INDONESIA","3505411.764580","3505411.764580","0.000000","3505411.764580","0.000000","MATCH","2026-02-02 23:03:36","2025-06-18 11:50:46"
"365685","467","467.-1.2085","2025-03-08","4","PT.PANASONIC GOBEL INDONESIA","4945694.117626","4945694.117626","0.000000","4945694.117626","0.000000","MATCH","2026-02-02 23:03:36","2025-06-18 11:54:31"
"367535","467","467.-1.2092","2025-03-11","4","PT.PANASONIC GOBEL INDONESIA","3896470.588085","3896470.588085","0.000000","3896470.588085","0.000000","MATCH","2026-02-02 23:03:36","2025-06-18 11:55:36"
"369455","467","467.-1.2106","2025-03-12","4","PT.PANASONIC GOBEL INDONESIA","4044705.882208","4044705.882208","0.000000","4044705.882208","0.000000","MATCH","2026-02-02 23:03:36","2025-06-18 13:12:43"
"369753","467","467.-1.2107","2025-03-13","4","PT.PANASONIC GOBEL INDONESIA","3896470.588085","3896470.588085","0.000000","3896470.588085","0.000000","MATCH","2026-02-02 23:03:36","2025-06-18 13:13:43"
"369759","467","467.-1.2108","2025-03-13","4","PT.PANASONIC GOBEL INDONESIA","3861458.823628","3861458.823628","0.000000","3861458.823628","0.000000","MATCH","2026-02-02 23:03:36","2025-06-18 13:14:10"
"371056","467","467.-1.2113","2025-03-14","4","PT.PANASONIC GOBEL INDONESIA","5753647.058778","5753647.058778","0.000000","5753647.058778","0.000000","MATCH","2026-02-02 23:03:36","2025-06-18 13:14:48"
"371434","3344","3344.-1.80","2025-03-14","4","PT.PANASONIC GOBEL INDONESIA","176333294.000000","176333294.000000","0.000000","176333294.000000","0.000000","MATCH","2026-02-02 23:03:36","2025-03-15 11:22:42"
"372196","467","467.-1.2123","2025-03-15","4","PT.PANASONIC GOBEL INDONESIA","5357835.294094","5357835.294094","0.000000","5357835.294094","0.000000","MATCH","2026-02-02 23:03:36","2025-06-18 13:40:20"
"372198","467","467.-1.2124","2025-03-15","4","PT.PANASONIC GOBEL INDONESIA","3505411.764580","3505411.764580","0.000000","3505411.764580","0.000000","MATCH","2026-02-02 23:03:36","2025-06-18 13:43:38"
"372202","467","467.-1.2125","2025-03-15","4","PT.PANASONIC GOBEL INDONESIA","3505411.764580","3505411.764580","0.000000","3505411.764580","0.000000","MATCH","2026-02-02 23:03:36","2025-06-18 13:44:23"
"376376","467","467.-1.2145","2025-03-19","4","PT.PANASONIC GOBEL INDONESIA","4044705.882208","4044705.882208","0.000000","4044705.882208","0.000000","MATCH","2026-02-02 23:03:36","2025-06-18 13:46:27"
"376378","467","467.-1.2146","2025-03-19","4","PT.PANASONIC GOBEL INDONESIA","3505411.764580","3505411.764580","0.000000","3505411.764580","0.000000","MATCH","2026-02-02 23:03:36","2025-06-18 13:47:34"
"376788","467","467.-1.2147","2025-03-20","4","PT.PANASONIC GOBEL INDONESIA","3861458.823628","3861458.823628","0.000000","3861458.823628","0.000000","MATCH","2026-02-02 23:03:36","2025-06-18 13:48:16"
"377897","4643","4643.-1.505","2025-03-21","4","PT.PANASONIC GOBEL INDONESIA","17527058.822900","17527058.822900","0.000000","17527058.822900","0.000000","MATCH","2026-02-02 23:03:36","2025-09-15 10:37:13"
"377941","4643","4643.-1.506","2025-03-21","4","PT.PANASONIC GOBEL INDONESIA","27275294.116594","27275294.116594","0.000000","27275294.116594","0.000000","MATCH","2026-02-02 23:03:36","2025-09-15 10:37:37"
"378003","467","467.-1.2154","2025-03-21","4","PT.PANASONIC GOBEL INDONESIA","3896470.588085","3896470.588085","0.000000","3896470.588085","0.000000","MATCH","2026-02-02 23:03:36","2025-06-18 13:50:20"
"381816","467","467.-1.2168","2025-03-25","4","PT.PANASONIC GOBEL INDONESIA","4455529.411879","4455529.411879","0.000000","4455529.411879","0.000000","MATCH","2026-02-02 23:03:36","2025-06-18 13:51:25"
"382962","467","467.-1.2172","2025-03-26","4","PT.PANASONIC GOBEL INDONESIA","3896470.588085","3896470.588085","0.000000","3896470.588085","0.000000","MATCH","2026-02-02 23:03:36","2025-06-18 13:52:25"
"382964","467","467.-1.2173","2025-03-26","4","PT.PANASONIC GOBEL INDONESIA","3896470.588085","3896470.588085","0.000000","3896470.588085","0.000000","MATCH","2026-02-02 23:03:36","2025-06-18 13:53:25"
"382966","467","467.-1.2174","2025-03-26","4","PT.PANASONIC GOBEL INDONESIA","5357835.294094","5357835.294094","0.000000","5357835.294094","0.000000","MATCH","2026-02-02 23:03:36","2025-06-18 13:55:17"
"396792","467","467.-1.2210","2025-04-14","4","PT.PANASONIC GOBEL INDONESIA","3505411.764580","3505411.764580","0.000000","3505411.764580","0.000000","MATCH","2026-02-02 23:03:36","2025-06-18 13:58:08"
"397052","467","467.-1.2211","2025-04-15","4","PT.PANASONIC GOBEL INDONESIA","3896470.588085","3896470.588085","0.000000","3896470.588085","0.000000","MATCH","2026-02-02 23:03:36","2025-06-18 13:59:06"
"398113","467","467.-1.2219","2025-04-15","4","PT.PANASONIC GOBEL INDONESIA","4044705.882208","4044705.882208","0.000000","4044705.882208","0.000000","MATCH","2026-02-02 23:03:36","2025-06-18 14:03:23"
"401055","467","467.-1.2222","2025-04-17","4","PT.PANASONIC GOBEL INDONESIA","4044705.882208","4044705.882208","0.000000","4044705.882208","0.000000","MATCH","2026-02-02 23:03:36","2025-06-18 14:06:42"
"405266","467","467.-1.2227","2025-04-19","4","PT.PANASONIC GOBEL INDONESIA","4044705.882208","4044705.882208","0.000000","4044705.882208","0.000000","MATCH","2026-02-02 23:03:36","2025-06-18 14:07:28"
"405268","467","467.-1.2228","2025-04-19","4","PT.PANASONIC GOBEL INDONESIA","3505411.764580","3505411.764580","0.000000","3505411.764580","0.000000","MATCH","2026-02-02 23:03:36","2025-06-18 14:08:33"
"405270","467","467.-1.2229","2025-04-19","4","PT.PANASONIC GOBEL INDONESIA","3505411.764580","3505411.764580","0.000000","3505411.764580","0.000000","MATCH","2026-02-02 23:03:36","2025-06-18 14:09:16"
"405272","467","467.-1.2230","2025-04-19","4","PT.PANASONIC GOBEL INDONESIA","4044705.882208","4044705.882208","0.000000","4044705.882208","0.000000","MATCH","2026-02-02 23:03:36","2025-06-18 14:12:54"
"408622","467","467.-1.2236","2025-04-21","4","PT.PANASONIC GOBEL INDONESIA","5753647.058778","5753647.058778","0.000000","5753647.058778","0.000000","MATCH","2026-02-02 23:03:36","2025-06-18 14:16:15"
"409963","467","467.-1.2242","2025-04-22","4","PT.PANASONIC GOBEL INDONESIA","3896470.588085","3896470.588085","0.000000","3896470.588085","0.000000","MATCH","2026-02-02 23:03:36","2025-06-18 14:17:12"
"409973","467","467.-1.2243","2025-04-22","4","PT.PANASONIC GOBEL INDONESIA","3896470.588085","3896470.588085","0.000000","3896470.588085","0.000000","MATCH","2026-02-02 23:03:36","2025-06-18 14:18:04"
"412836","467","467.-1.2253","2025-04-23","4","PT.PANASONIC GOBEL INDONESIA","3896470.588085","3896470.588085","0.000000","3896470.588085","0.000000","MATCH","2026-02-02 23:03:36","2025-06-18 14:18:55"
"412838","467","467.-1.2254","2025-04-23","4","PT.PANASONIC GOBEL INDONESIA","3896470.588085","3896470.588085","0.000000","3896470.588085","0.000000","MATCH","2026-02-02 23:03:36","2025-06-18 14:20:08"
"412932","467","467.-1.2256","2025-04-23","4","PT.PANASONIC GOBEL INDONESIA","4032752.941215","4032752.941215","0.000000","4032752.941215","0.000000","MATCH","2026-02-02 23:03:36","2025-06-18 14:20:46"
"412934","467","467.-1.2257","2025-04-23","4","PT.PANASONIC GOBEL INDONESIA","3564423.529503","3564423.529503","0.000000","3564423.529503","0.000000","MATCH","2026-02-02 23:03:36","2025-06-18 14:34:21"
"416265","467","467.-1.2276","2025-04-26","4","PT.PANASONIC GOBEL INDONESIA","4945694.117626","4945694.117626","0.000000","4945694.117626","0.000000","MATCH","2026-02-02 23:03:36","2025-06-18 14:36:13"
"416267","467","467.-1.2277","2025-04-26","4","PT.PANASONIC GOBEL INDONESIA","3505411.764580","3505411.764580","0.000000","3505411.764580","0.000000","MATCH","2026-02-02 23:03:36","2025-06-18 14:44:12"
"416269","467","467.-1.2278","2025-04-26","4","PT.PANASONIC GOBEL INDONESIA","4044705.882208","4044705.882208","0.000000","4044705.882208","0.000000","MATCH","2026-02-02 23:03:36","2025-06-18 14:45:10"
"418027","467","467.-1.2283","2025-04-27","4","PT.PANASONIC GOBEL INDONESIA","1053510.588221","1053510.588221","0.000000","1053510.588221","0.000000","MATCH","2026-02-02 23:03:36","2025-06-18 14:45:51"
"421445","467","467.-1.2292","2025-04-29","4","PT.PANASONIC GOBEL INDONESIA","4455529.411879","4455529.411879","0.000000","4455529.411879","0.000000","MATCH","2026-02-02 23:03:36","2025-06-18 14:46:45"
"428471","467","467.-1.2319","2025-05-03","4","PT.PANASONIC GOBEL INDONESIA","4044705.882208","4044705.882208","0.000000","4044705.882208","0.000000","MATCH","2026-02-02 23:03:36","2025-06-18 14:47:31"
"432395","467","467.-1.2332","2025-05-05","4","PT.PANASONIC GOBEL INDONESIA","3505411.764580","3505411.764580","0.000000","3505411.764580","0.000000","MATCH","2026-02-02 23:03:36","2025-06-18 14:48:15"
"432715","467","467.-1.2334","2025-05-06","4","PT.PANASONIC GOBEL INDONESIA","3896470.588085","3896470.588085","0.000000","3896470.588085","0.000000","MATCH","2026-02-02 23:03:36","2025-06-18 14:49:41"
"432717","467","467.-1.2335","2025-05-06","4","PT.PANASONIC GOBEL INDONESIA","3877647.058860","3877647.058860","0.000000","3877647.058860","0.000000","MATCH","2026-02-02 23:03:36","2025-06-18 14:50:24"
"433163","467","467.-1.2336","2025-05-06","4","PT.PANASONIC GOBEL INDONESIA","4044705.882208","4044705.882208","0.000000","4044705.882208","0.000000","MATCH","2026-02-02 23:03:36","2025-06-18 14:51:07"
"435578","467","467.-1.2354","2025-05-07","4","PT.PANASONIC GOBEL INDONESIA","3505411.764580","3505411.764580","0.000000","3505411.764580","0.000000","MATCH","2026-02-02 23:03:36","2025-06-18 15:02:41"
"436466","467","467.-1.2363","2025-05-08","4","PT.PANASONIC GOBEL INDONESIA","3246230.588252","3246230.588252","0.000000","3246230.588252","0.000000","MATCH","2026-02-02 23:03:36","2025-06-18 15:04:55"
"436974","467","467.-1.2366","2025-05-09","4","PT.PANASONIC GOBEL INDONESIA","3505411.764580","3505411.764580","0.000000","3505411.764580","0.000000","MATCH","2026-02-02 23:03:36","2025-06-18 15:06:55"
"437258","467","467.-1.2368","2025-05-09","4","PT.PANASONIC GOBEL INDONESIA","5357835.294094","5357835.294094","0.000000","5357835.294094","0.000000","MATCH","2026-02-02 23:03:36","2025-06-18 15:08:36"
"438657","467","467.-1.2377","2025-05-10","4","PT.PANASONIC GOBEL INDONESIA","3505411.764580","3505411.764580","0.000000","3505411.764580","0.000000","MATCH","2026-02-02 23:03:36","2025-06-18 15:09:56"
"438779","467","467.-1.2378","2025-05-10","4","PT.PANASONIC GOBEL INDONESIA","3712941.176566","3712941.176566","0.000000","3712941.176566","0.000000","MATCH","2026-02-02 23:03:36","2025-06-18 15:10:58"
"445673","467","467.-1.2392","2025-05-13","4","PT.PANASONIC GOBEL INDONESIA","3505411.764580","3505411.764580","0.000000","3505411.764580","0.000000","MATCH","2026-02-02 23:03:36","2025-09-15 10:38:00"
"447299","467","467.-1.2403","2025-05-15","4","PT.PANASONIC GOBEL INDONESIA","3896470.588085","3896470.588085","0.000000","3896470.588085","0.000000","MATCH","2026-02-02 23:03:36","2025-06-18 15:12:13"
"447303","467","467.-1.2404","2025-05-15","4","PT.PANASONIC GOBEL INDONESIA","3861458.823628","3861458.823628","0.000000","3861458.823628","0.000000","MATCH","2026-02-02 23:03:36","2025-06-18 15:13:00"
"449462","467","467.-1.2420","2025-05-16","4","PT.PANASONIC GOBEL INDONESIA","3722541.176506","3722541.176506","0.000000","3722541.176506","0.000000","MATCH","2026-02-02 23:03:36","2025-06-18 15:13:40"
"449464","467","467.-1.2421","2025-05-16","4","PT.PANASONIC GOBEL INDONESIA","4945694.117626","4945694.117626","0.000000","4945694.117626","0.000000","MATCH","2026-02-02 23:03:36","2025-06-18 15:24:06"
"449466","467","467.-1.2422","2025-05-16","4","PT.PANASONIC GOBEL INDONESIA","3505411.764580","3505411.764580","0.000000","3505411.764580","0.000000","MATCH","2026-02-02 23:03:36","2025-06-18 15:24:56"
"449614","467","467.-1.2423","2025-05-16","4","PT.PANASONIC GOBEL INDONESIA","3896470.588085","3896470.588085","0.000000","3896470.588085","0.000000","MATCH","2026-02-02 23:03:36","2025-06-18 15:25:39"
"449616","467","467.-1.2424","2025-05-16","4","PT.PANASONIC GOBEL INDONESIA","3505411.764580","3505411.764580","0.000000","3505411.764580","0.000000","MATCH","2026-02-02 23:03:36","2025-06-18 15:27:51"
"450964","467","467.-1.2432","2025-05-17","4","PT.PANASONIC GOBEL INDONESIA","5454557.058791","5454557.058791","0.000000","5454557.058791","0.000000","MATCH","2026-02-02 23:03:36","2025-06-18 15:29:25"
"451018","467","467.-1.2433","2025-05-17","4","PT.PANASONIC GOBEL INDONESIA","3505411.764580","3505411.764580","0.000000","3505411.764580","0.000000","MATCH","2026-02-02 23:03:36","2025-06-18 15:30:04"
"451020","467","467.-1.2434","2025-05-17","4","PT.PANASONIC GOBEL INDONESIA","3505411.764580","3505411.764580","0.000000","3505411.764580","0.000000","MATCH","2026-02-02 23:03:36","2025-06-18 15:31:07"
"454278","467","467.-1.2438","2025-05-19","4","PT.PANASONIC GOBEL INDONESIA","3896470.588085","3896470.588085","0.000000","3896470.588085","0.000000","MATCH","2026-02-02 23:03:36","2025-06-18 15:32:28"
"454280","467","467.-1.2439","2025-05-19","4","PT.PANASONIC GOBEL INDONESIA","3564423.529503","3564423.529503","0.000000","3564423.529503","0.000000","MATCH","2026-02-02 23:03:36","2025-06-18 15:36:14"
"456317","467","467.-1.2454","2025-05-21","4","PT.PANASONIC GOBEL INDONESIA","3896470.588085","3896470.588085","0.000000","3896470.588085","0.000000","MATCH","2026-02-02 23:03:36","2025-06-18 15:37:16"
"457491","467","467.-1.2466","2025-05-22","4","PT.PANASONIC GOBEL INDONESIA","3505411.764580","3505411.764580","0.000000","3505411.764580","0.000000","MATCH","2026-02-02 23:03:36","2025-06-18 15:37:57"
"457493","467","467.-1.2467","2025-05-22","4","PT.PANASONIC GOBEL INDONESIA","3564423.529503","3564423.529503","0.000000","3564423.529503","0.000000","MATCH","2026-02-02 23:03:36","2025-09-15 10:38:25"
"457891","467","467.-1.2473","2025-05-22","4","PT.PANASONIC GOBEL INDONESIA","3246230.588252","3246230.588252","0.000000","3246230.588252","0.000000","MATCH","2026-02-02 23:03:36","2025-06-18 15:40:00"
"457893","467","467.-1.2474","2025-05-22","4","PT.PANASONIC GOBEL INDONESIA","5454557.058791","5454557.058791","0.000000","5454557.058791","0.000000","MATCH","2026-02-02 23:03:36","2025-06-18 15:43:24"
"458213","467","467.-1.2477","2025-05-23","4","PT.PANASONIC GOBEL INDONESIA","4653176.470633","4653176.470633","0.000000","4653176.470633","0.000000","MATCH","2026-02-02 23:03:36","2025-06-18 15:44:15"
"464569","467","467.-1.2500","2025-05-26","4","PT.PANASONIC GOBEL INDONESIA","17527058.822900","17527058.822900","0.000000","17527058.822900","0.000000","MATCH","2026-02-02 23:03:36","2025-06-18 15:44:59"
"465322","467","467.-1.2501","2025-05-26","4","PT.PANASONIC GOBEL INDONESIA","17527058.822900","17527058.822900","0.000000","17527058.822900","0.000000","MATCH","2026-02-02 23:03:36","2025-06-18 15:47:22"
"465324","467","467.-1.2502","2025-05-26","4","PT.PANASONIC GOBEL INDONESIA","17527058.822900","17527058.822900","0.000000","17527058.822900","0.000000","MATCH","2026-02-02 23:03:36","2025-06-18 15:48:20"
"465773","467","467.-1.2503","2025-05-27","4","PT.PANASONIC GOBEL INDONESIA","27275294.116594","27275294.116594","0.000000","27275294.116594","0.000000","MATCH","2026-02-02 23:03:36","2025-06-18 15:51:48"
"466420","467","467.-1.2514","2025-05-27","4","PT.PANASONIC GOBEL INDONESIA","17527058.822900","17527058.822900","0.000000","17527058.822900","0.000000","MATCH","2026-02-02 23:03:36","2025-06-18 15:55:38"
"466422","467","467.-1.2515","2025-05-27","4","PT.PANASONIC GOBEL INDONESIA","17527058.822900","17527058.822900","0.000000","17527058.822900","0.000000","MATCH","2026-02-02 23:03:36","2025-06-18 15:56:24"
"466510","467","467.-1.2518","2025-05-27","4","PT.PANASONIC GOBEL INDONESIA","27275294.116594","27275294.116594","0.000000","27275294.116594","0.000000","MATCH","2026-02-02 23:03:36","2025-06-18 15:58:32"
"466514","467","467.-1.2519","2025-05-27","4","PT.PANASONIC GOBEL INDONESIA","27275294.116594","27275294.116594","0.000000","27275294.116594","0.000000","MATCH","2026-02-02 23:03:36","2025-06-18 15:59:39"
"469710","467","467.-1.2528","2025-05-30","4","PT.PANASONIC GOBEL INDONESIA","3564423.529503","3564423.529503","0.000000","3564423.529503","0.000000","MATCH","2026-02-02 23:03:36","2025-06-18 16:02:53"
"469712","467","467.-1.2529","2025-05-30","4","PT.PANASONIC GOBEL INDONESIA","3564423.529503","3564423.529503","0.000000","3564423.529503","0.000000","MATCH","2026-02-02 23:03:36","2025-06-18 16:06:19"
"472224","467","467.-1.2552","2025-06-02","4","PT.PANASONIC GOBEL INDONESIA","930635.294127","930635.294127","0.000000","930635.294127","0.000000","MATCH","2026-02-02 23:03:36","2025-06-18 16:06:56"
"472226","467","467.-1.2553","2025-06-02","4","PT.PANASONIC GOBEL INDONESIA","2791905.882380","2791905.882380","0.000000","2791905.882380","0.000000","MATCH","2026-02-02 23:03:36","2025-06-18 16:16:03"
"472456","467","467.-1.2554","2025-06-02","4","PT.PANASONIC GOBEL INDONESIA","3712941.176566","3712941.176566","0.000000","3712941.176566","0.000000","MATCH","2026-02-02 23:03:36","2025-06-18 16:19:21"
"472458","467","467.-1.2555","2025-06-02","4","PT.PANASONIC GOBEL INDONESIA","3896470.588085","3896470.588085","0.000000","3896470.588085","0.000000","MATCH","2026-02-02 23:03:36","2025-06-18 16:24:27"
"473220","467","467.-1.2560","2025-06-03","4","PT.PANASONIC GOBEL INDONESIA","3722541.176506","3722541.176506","0.000000","3722541.176506","0.000000","MATCH","2026-02-02 23:03:36","2025-06-18 16:31:05"
"473228","467","467.-1.2561","2025-06-03","4","PT.PANASONIC GOBEL INDONESIA","3896470.588085","3896470.588085","0.000000","3896470.588085","0.000000","MATCH","2026-02-02 23:03:36","2025-06-18 16:31:43"
"473287","467","467.-1.2562","2025-06-03","4","PT.PANASONIC GOBEL INDONESIA","3722541.176506","3722541.176506","0.000000","3722541.176506","0.000000","MATCH","2026-02-02 23:03:36","2025-06-18 16:36:34"
"474337","4643","4643.-1.580","2025-06-04","4","PT.PANASONIC GOBEL INDONESIA","8822258.823460","8822258.823460","0.000000","8822258.823460","0.000000","MATCH","2026-02-02 23:03:36","2025-09-15 10:38:50"
"474717","467","467.-1.2583","2025-06-04","4","PT.PANASONIC GOBEL INDONESIA","1720976.470599","1720976.470599","0.000000","1720976.470599","0.000000","MATCH","2026-02-02 23:03:36","2025-06-18 16:38:53"
"475470","4643","4643.-1.583","2025-06-05","4","PT.PANASONIC GOBEL INDONESIA","8757999.999962","8757999.999962","0.000000","8757999.999962","0.000000","MATCH","2026-02-02 23:03:36","2025-09-15 10:39:15"
"478526","467","467.-1.2610","2025-06-10","4","PT.PANASONIC GOBEL INDONESIA","3896470.588085","3896470.588085","0.000000","3896470.588085","0.000000","MATCH","2026-02-02 23:03:36","2025-06-18 16:39:38"
"478536","4643","4643.-1.584","2025-06-10","4","PT.PANASONIC GOBEL INDONESIA","29121882.351896","29121882.351896","0.000000","29121882.351896","0.000000","MATCH","2026-02-02 23:03:36","2025-09-15 10:39:40"
"478572","467","467.-1.2612","2025-06-10","4","PT.PANASONIC GOBEL INDONESIA","3722541.176506","3722541.176506","0.000000","3722541.176506","0.000000","MATCH","2026-02-02 23:03:36","2025-06-18 16:40:43"
"478714","467","467.-1.2613","2025-06-10","4","PT.PANASONIC GOBEL INDONESIA","8757999.999962","8757999.999962","0.000000","8757999.999962","0.000000","MATCH","2026-02-02 23:03:36","2025-06-18 16:41:29"
"480177","467","467.-1.2628","2025-06-11","4","PT.PANASONIC GOBEL INDONESIA","29121882.351896","29121882.351896","0.000000","29121882.351896","0.000000","MATCH","2026-02-02 23:03:36","2025-06-18 16:50:26"
"480631","467","467.-1.2640","2025-06-11","4","PT.PANASONIC GOBEL INDONESIA","8822258.823460","8822258.823460","0.000000","8822258.823460","0.000000","MATCH","2026-02-02 23:03:36","2025-06-18 16:53:12"
"481332","467","467.-1.2641","2025-06-12","4","PT.PANASONIC GOBEL INDONESIA","29121882.351896","29121882.351896","0.000000","29121882.351896","0.000000","MATCH","2026-02-02 23:03:36","2025-06-18 16:54:15"
"481576","467","467.-1.2642","2025-06-13","4","PT.PANASONIC GOBEL INDONESIA","3896470.588085","3896470.588085","0.000000","3896470.588085","0.000000","MATCH","2026-02-02 23:03:36","2025-06-18 16:55:41"
"481738","467","467.-1.2643","2025-06-13","4","PT.PANASONIC GOBEL INDONESIA","29121882.351896","29121882.351896","0.000000","29121882.351896","0.000000","MATCH","2026-02-02 23:03:36","2025-06-18 16:56:19"
"486863","467","467.-1.2674","2025-06-17","4","PT.PANASONIC GOBEL INDONESIA","29121882.351896","29121882.351896","0.000000","29121882.351896","0.000000","MATCH","2026-02-02 23:03:36","2025-06-18 16:57:24"
"486865","467","467.-1.2675","2025-06-17","4","PT.PANASONIC GOBEL INDONESIA","27275294.116594","27275294.116594","0.000000","27275294.116594","0.000000","MATCH","2026-02-02 23:03:36","2025-06-18 16:58:11"
"486867","467","467.-1.2676","2025-06-17","4","PT.PANASONIC GOBEL INDONESIA","27275294.116594","27275294.116594","0.000000","27275294.116594","0.000000","MATCH","2026-02-02 23:03:36","2025-06-18 16:58:50"
"487079","467","467.-1.2677","2025-06-18","4","PT.PANASONIC GOBEL INDONESIA","27275294.116594","27275294.116594","0.000000","27275294.116594","0.000000","MATCH","2026-02-02 23:03:36","2025-06-18 16:59:34"
"487706","467","467.-1.2685","2025-06-18","4","PT.PANASONIC GOBEL INDONESIA","7533233.823523","7533233.823523","0.000000","7533233.823523","0.000000","MATCH","2026-02-02 23:03:36","2025-08-20 10:19:16"
"488808","4643","4643.-1.609","2025-06-19","4","PT.PANASONIC GOBEL INDONESIA","58243764.703792","58243764.703792","0.000000","58243764.703792","0.000000","MATCH","2026-02-02 23:03:36","2025-09-15 10:40:08"
"494439","4643","4643.-1.615","2025-06-26","4","PT.PANASONIC GOBEL INDONESIA","15079058.823353","15079058.823353","0.000000","15079058.823353","0.000000","MATCH","2026-02-02 23:03:36","2025-09-19 13:51:31"
"504175","467","467.-1.2796","2025-07-05","4","PT.PANASONIC GOBEL INDONESIA","5506130.588189","5506130.588189","0.000000","5506130.588189","0.000000","MATCH","2026-02-02 23:03:36","2025-08-20 10:53:30"
"518743","467","467.-1.2876","2025-07-22","4","PT.PANASONIC GOBEL INDONESIA","3533792.352922","3533792.352922","0.000000","3533792.352922","0.000000","MATCH","2026-02-02 23:03:36","2025-08-20 11:47:22"
"527580","467","467.-1.2931","2025-07-31","4","PT.PANASONIC GOBEL INDONESIA","2120928.000000","2120928.000000","0.000000","2120928.000000","0.000000","MATCH","2026-02-02 23:03:36","2025-08-20 11:53:49"
"527584","467","467.-1.2932","2025-07-31","4","PT.PANASONIC GOBEL INDONESIA","2767824.000000","2767824.000000","0.000000","2767824.000000","0.000000","MATCH","2026-02-02 23:03:36","2025-08-20 11:54:37"
"528336","467","467.-1.2935","2025-07-31","4","PT.PANASONIC GOBEL INDONESIA","1652950.000000","1652950.000000","0.000000","1652950.000000","0.000000","MATCH","2026-02-02 23:03:36","2025-08-20 11:55:16"
"533649","467","467.-1.2967","2025-08-06","4","PT.PANASONIC GOBEL INDONESIA","1586832.000000","1586832.000000","0.000000","1586832.000000","0.000000","MATCH","2026-02-02 23:03:36","2025-08-20 11:57:41"
"533839","467","467.-1.2974","2025-08-06","4","PT.PANASONIC GOBEL INDONESIA","2907510.000003","2907510.000003","0.000000","2907510.000003","0.000000","MATCH","2026-02-02 23:03:36","2025-08-20 13:52:22"
"534566","467","467.-1.2977","2025-08-07","4","PT.PANASONIC GOBEL INDONESIA","1614564.000000","1614564.000000","0.000000","1614564.000000","0.000000","MATCH","2026-02-02 23:03:36","2025-08-20 13:59:29"
"534790","4643","4643.-1.678","2025-08-07","4","PT.PANASONIC GOBEL INDONESIA","30582866.396999","30582866.396999","0.000000","30582866.396999","0.000000","MATCH","2026-02-02 23:03:36","2025-09-19 13:52:05"
"535036","4643","4643.-1.681","2025-08-07","4","PT.PANASONIC GOBEL INDONESIA","9462198.000000","9462198.000000","0.000000","9462198.000000","0.000000","MATCH","2026-02-02 23:03:36","2025-09-19 13:53:07"
"536283","467","467.-1.2988","2025-08-09","4","PT.PANASONIC GOBEL INDONESIA","2297764.000000","2297764.000000","0.000000","2297764.000000","0.000000","MATCH","2026-02-02 23:03:36","2025-08-20 14:24:30"
"536311","467","467.-1.2990","2025-08-09","4","PT.PANASONIC GOBEL INDONESIA","2767824.000000","2767824.000000","0.000000","2767824.000000","0.000000","MATCH","2026-02-02 23:03:36","2025-08-20 14:28:43"
"536741","467","467.-1.2992","2025-08-09","4","PT.PANASONIC GOBEL INDONESIA","5272814.705884","5272814.705884","0.000000","5272814.705884","0.000000","MATCH","2026-02-02 23:03:36","2025-08-20 14:31:03"
"538723","467","467.-1.2998","2025-08-12","4","PT.PANASONIC GOBEL INDONESIA","1526000.000000","1526000.000000","0.000000","1526000.000000","0.000000","MATCH","2026-02-02 23:03:36","2025-08-20 14:35:14"
"538884","467","467.-1.3000","2025-08-12","4","PT.PANASONIC GOBEL INDONESIA","2173832.352921","2173832.352921","0.000000","2173832.352921","0.000000","MATCH","2026-02-02 23:03:36","2025-08-20 14:36:35"
"539183","467","467.-1.3003","2025-08-12","4","PT.PANASONIC GOBEL INDONESIA","2767824.000000","2767824.000000","0.000000","2767824.000000","0.000000","MATCH","2026-02-02 23:03:36","2025-08-20 14:37:13"
"539185","467","467.-1.3004","2025-08-12","4","PT.PANASONIC GOBEL INDONESIA","1652950.000000","1652950.000000","0.000000","1652950.000000","0.000000","MATCH","2026-02-02 23:03:36","2025-08-20 14:40:02"
"541703","467","467.-1.3020","2025-08-14","4","PT.PANASONIC GOBEL INDONESIA","1652950.000000","1652950.000000","0.000000","1652950.000000","0.000000","MATCH","2026-02-02 23:03:36","2025-08-20 14:42:51"
"541761","467","467.-1.3021","2025-08-15","4","PT.PANASONIC GOBEL INDONESIA","2120928.000000","2120928.000000","0.000000","2120928.000000","0.000000","MATCH","2026-02-02 23:03:36","2025-08-20 14:43:31"
"541995","467","467.-1.3022","2025-08-15","4","PT.PANASONIC GOBEL INDONESIA","1515984.000000","1515984.000000","0.000000","1515984.000000","0.000000","MATCH","2026-02-02 23:03:36","2025-08-20 14:44:04"
"542393","467","467.-1.3028","2025-08-15","4","PT.PANASONIC GOBEL INDONESIA","2767824.000000","2767824.000000","0.000000","2767824.000000","0.000000","MATCH","2026-02-02 23:03:36","2025-08-20 14:44:35"
"543361","467","467.-1.3036","2025-08-19","4","PT.PANASONIC GOBEL INDONESIA","1499238.000000","1499238.000000","0.000000","1499238.000000","0.000000","MATCH","2026-02-02 23:03:36","2025-08-20 14:45:14"
"543365","467","467.-1.3037","2025-08-19","4","PT.PANASONIC GOBEL INDONESIA","1499238.000000","1499238.000000","0.000000","1499238.000000","0.000000","MATCH","2026-02-02 23:03:36","2025-08-20 14:45:39"
"547405","4643","4643.-1.700","2025-08-22","4","PT.PANASONIC GOBEL INDONESIA","1579150.000000","1579150.000000","0.000000","1579150.000000","0.000000","MATCH","2026-02-02 23:03:36","2025-09-19 13:54:32"
"547425","467","467.-1.3069","2025-08-22","4","PT.PANASONIC GOBEL INDONESIA","2975310.000000","2975310.000000","0.000000","2975310.000000","0.000000","MATCH","2026-02-02 23:03:36","2025-09-19 13:55:14"
"547431","4643","4643.-1.701","2025-08-22","4","PT.PANASONIC GOBEL INDONESIA","9271140.000000","9271140.000000","0.000000","9271140.000000","0.000000","MATCH","2026-02-02 23:03:36","2026-01-24 11:47:05"
"548260","467","467.-1.3070","2025-08-23","4","PT.PANASONIC GOBEL INDONESIA","3876680.000004","3876680.000004","0.000000","3876680.000004","0.000000","MATCH","2026-02-02 23:03:36","2025-09-19 13:57:23"
"550719","467","467.-1.3079","2025-08-26","4","PT.PANASONIC GOBEL INDONESIA","1729890.000000","1729890.000000","0.000000","1729890.000000","0.000000","MATCH","2026-02-02 23:03:36","2025-09-19 13:58:15"
"550896","467","467.-1.3080","2025-08-27","4","PT.PANASONIC GOBEL INDONESIA","1729890.000000","1729890.000000","0.000000","1729890.000000","0.000000","MATCH","2026-02-02 23:03:36","2025-09-19 13:59:11"
"550898","467","467.-1.3081","2025-08-27","4","PT.PANASONIC GOBEL INDONESIA","2767824.000000","2767824.000000","0.000000","2767824.000000","0.000000","MATCH","2026-02-02 23:03:36","2025-09-19 13:59:47"
"550922","467","467.-1.3082","2025-08-27","4","PT.PANASONIC GOBEL INDONESIA","1464960.000000","1464960.000000","0.000000","1464960.000000","0.000000","MATCH","2026-02-02 23:03:36","2025-09-19 14:01:04"
"552590","467","467.-1.3093","2025-08-28","4","PT.PANASONIC GOBEL INDONESIA","2907510.000003","2907510.000003","0.000000","2907510.000003","0.000000","MATCH","2026-02-02 23:03:36","2025-10-15 15:22:24"
"553587","467","467.-1.3098","2025-08-30","4","PT.PANASONIC GOBEL INDONESIA","2767824.000000","2767824.000000","0.000000","2767824.000000","0.000000","MATCH","2026-02-02 23:03:36","2025-10-15 15:23:04"
"553589","467","467.-1.3099","2025-08-30","4","PT.PANASONIC GOBEL INDONESIA","1652950.000000","1652950.000000","0.000000","1652950.000000","0.000000","MATCH","2026-02-02 23:03:36","2025-10-15 15:24:18"
"553593","467","467.-1.3100","2025-08-30","4","PT.PANASONIC GOBEL INDONESIA","1526000.000000","1526000.000000","0.000000","1526000.000000","0.000000","MATCH","2026-02-02 23:03:36","2025-10-15 15:24:48"
"556720","467","467.-1.3123","2025-09-03","4","PT.PANASONIC GOBEL INDONESIA","1586832.000000","1586832.000000","0.000000","1586832.000000","0.000000","MATCH","2026-02-02 23:03:36","2025-10-15 15:25:20"
"558361","467","467.-1.3126","2025-09-06","4","PT.PANASONIC GOBEL INDONESIA","1515984.000000","1515984.000000","0.000000","1515984.000000","0.000000","MATCH","2026-02-02 23:03:36","2025-10-15 15:25:52"
"558387","467","467.-1.3127","2025-09-06","4","PT.PANASONIC GOBEL INDONESIA","2209300.000000","2209300.000000","0.000000","2209300.000000","0.000000","MATCH","2026-02-02 23:03:36","2025-10-15 15:26:23"
"558389","467","467.-1.3128","2025-09-06","4","PT.PANASONIC GOBEL INDONESIA","2767824.000000","2767824.000000","0.000000","2767824.000000","0.000000","MATCH","2026-02-02 23:03:36","2025-10-15 15:26:53"
"562000","467","467.-1.3151","2025-09-10","4","PT.PANASONIC GOBEL INDONESIA","969170.000001","969170.000001","0.000000","969170.000001","0.000000","MATCH","2026-02-02 23:03:36","2025-10-15 15:27:27"
"562002","467","467.-1.3152","2025-09-10","4","PT.PANASONIC GOBEL INDONESIA","4302441.176497","4302441.176497","0.000000","4302441.176497","0.000000","MATCH","2026-02-02 23:03:36","2025-10-15 15:27:59"
"562360","467","467.-1.3154","2025-09-10","4","PT.PANASONIC GOBEL INDONESIA","1652950.000000","1652950.000000","0.000000","1652950.000000","0.000000","MATCH","2026-02-02 23:03:36","2025-10-15 15:30:27"
"562372","467","467.-1.3155","2025-09-10","4","PT.PANASONIC GOBEL INDONESIA","1586832.000000","1586832.000000","0.000000","1586832.000000","0.000000","MATCH","2026-02-02 23:03:36","2025-10-15 15:31:12"
"562462","467","467.-1.3157","2025-09-11","4","PT.PANASONIC GOBEL INDONESIA","1614564.000000","1614564.000000","0.000000","1614564.000000","0.000000","MATCH","2026-02-02 23:03:36","2025-10-15 15:32:21"
"562612","467","467.-1.3158","2025-09-11","4","PT.PANASONIC GOBEL INDONESIA","2767824.000000","2767824.000000","0.000000","2767824.000000","0.000000","MATCH","2026-02-02 23:03:36","2025-10-15 15:35:38"
"563665","467","467.-1.3167","2025-09-12","4","PT.PANASONIC GOBEL INDONESIA","2767824.000000","2767824.000000","0.000000","2767824.000000","0.000000","MATCH","2026-02-02 23:03:36","2025-10-15 15:36:39"
"564651","467","467.-1.3173","2025-09-13","4","PT.PANASONIC GOBEL INDONESIA","2461890.000000","2461890.000000","0.000000","2461890.000000","0.000000","MATCH","2026-02-02 23:03:36","2025-10-15 15:39:13"
"565022","467","467.-1.3177","2025-09-13","4","PT.PANASONIC GOBEL INDONESIA","1586832.000000","1586832.000000","0.000000","1586832.000000","0.000000","MATCH","2026-02-02 23:03:36","2025-12-15 15:05:35"
"565254","467","467.-1.3179","2025-09-13","4","PT.PANASONIC GOBEL INDONESIA","1526000.000000","1526000.000000","0.000000","1526000.000000","0.000000","MATCH","2026-02-02 23:03:36","2025-12-15 15:06:05"
"566773","467","467.-1.3183","2025-09-16","4","PT.PANASONIC GOBEL INDONESIA","2767824.000000","2767824.000000","0.000000","2767824.000000","0.000000","MATCH","2026-02-02 23:03:36","2025-12-15 15:06:32"
"566775","467","467.-1.3184","2025-09-16","4","PT.PANASONIC GOBEL INDONESIA","1515984.000000","1515984.000000","0.000000","1515984.000000","0.000000","MATCH","2026-02-02 23:03:36","2025-12-15 15:07:03"
"566777","467","467.-1.3185","2025-09-16","4","PT.PANASONIC GOBEL INDONESIA","1652950.000000","1652950.000000","0.000000","1652950.000000","0.000000","MATCH","2026-02-02 23:03:36","2025-12-15 15:07:43"
"567694","467","467.-1.3196","2025-09-17","4","PT.PANASONIC GOBEL INDONESIA","2209300.000000","2209300.000000","0.000000","2209300.000000","0.000000","MATCH","2026-02-02 23:03:36","2025-12-15 15:08:08"
"567854","467","467.-1.3202","2025-09-17","4","PT.PANASONIC GOBEL INDONESIA","1456001.176469","1456001.176469","0.000000","1456001.176469","0.000000","MATCH","2026-02-02 23:03:36","2025-12-15 15:08:34"
"567856","467","467.-1.3203","2025-09-17","4","PT.PANASONIC GOBEL INDONESIA","316837.647054","316837.647054","0.000000","316837.647054","0.000000","MATCH","2026-02-02 23:03:36","2025-12-15 15:09:57"
"568437","467","467.-1.3206","2025-09-18","4","PT.PANASONIC GOBEL INDONESIA","1614564.000000","1614564.000000","0.000000","1614564.000000","0.000000","MATCH","2026-02-02 23:03:36","2025-12-15 15:10:32"
"569027","467","467.-1.3213","2025-09-19","4","PT.PANASONIC GOBEL INDONESIA","2173288.235282","2173288.235282","0.000000","2173288.235282","0.000000","MATCH","2026-02-02 23:03:36","2025-12-15 15:11:45"
"571026","467","467.-1.3221","2025-09-22","4","PT.PANASONIC GOBEL INDONESIA","2767824.000000","2767824.000000","0.000000","2767824.000000","0.000000","MATCH","2026-02-02 23:03:36","2025-12-15 15:12:14"
"572994","467","467.-1.3234","2025-09-24","4","PT.PANASONIC GOBEL INDONESIA","1652950.000000","1652950.000000","0.000000","1652950.000000","0.000000","MATCH","2026-02-02 23:03:36","2025-12-15 15:12:40"
"573302","467","467.-1.3235","2025-09-25","4","PT.PANASONIC GOBEL INDONESIA","1464960.000000","1464960.000000","0.000000","1464960.000000","0.000000","MATCH","2026-02-02 23:03:36","2025-12-15 15:18:56"
"574090","467","467.-1.3243","2025-09-25","4","PT.PANASONIC GOBEL INDONESIA","821517.647050","821517.647050","0.000000","821517.647050","0.000000","MATCH","2026-02-02 23:03:36","2025-12-15 15:19:39"
"574542","467","467.-1.3245","2025-09-26","4","PT.PANASONIC GOBEL INDONESIA","2209300.000000","2209300.000000","0.000000","2209300.000000","0.000000","MATCH","2026-02-02 23:03:36","2025-12-15 15:20:24"
"574728","467","467.-1.3246","2025-09-26","4","PT.PANASONIC GOBEL INDONESIA","2767824.000000","2767824.000000","0.000000","2767824.000000","0.000000","MATCH","2026-02-02 23:03:36","2025-12-15 15:20:51"
"575319","467","467.-1.3251","2025-09-27","4","PT.PANASONIC GOBEL INDONESIA","1652950.000000","1652950.000000","0.000000","1652950.000000","0.000000","MATCH","2026-02-02 23:03:36","2025-12-15 15:41:22"
"575321","467","467.-1.3252","2025-09-27","4","PT.PANASONIC GOBEL INDONESIA","1526000.000000","1526000.000000","0.000000","1526000.000000","0.000000","MATCH","2026-02-02 23:03:36","2025-12-15 15:42:35"
"575323","467","467.-1.3253","2025-09-27","4","PT.PANASONIC GOBEL INDONESIA","2120928.000000","2120928.000000","0.000000","2120928.000000","0.000000","MATCH","2026-02-02 23:03:36","2025-12-15 15:43:20"
"575325","467","467.-1.3254","2025-09-27","4","PT.PANASONIC GOBEL INDONESIA","1614564.000000","1614564.000000","0.000000","1614564.000000","0.000000","MATCH","2026-02-02 23:03:36","2025-12-15 15:44:02"
"575327","467","467.-1.3255","2025-09-27","4","PT.PANASONIC GOBEL INDONESIA","1614564.000000","1614564.000000","0.000000","1614564.000000","0.000000","MATCH","2026-02-02 23:03:36","2025-12-15 15:45:57"
"577851","467","467.-1.3269","2025-09-30","4","PT.PANASONIC GOBEL INDONESIA","821517.647050","821517.647050","0.000000","821517.647050","0.000000","MATCH","2026-02-02 23:03:36","2025-12-15 15:57:51"
"579095","467","467.-1.3278","2025-10-02","4","PT.PANASONIC GOBEL INDONESIA","1652950.000000","1652950.000000","0.000000","1652950.000000","0.000000","MATCH","2026-02-02 23:03:36","2025-12-15 15:58:20"
"579097","467","467.-1.3279","2025-10-02","4","PT.PANASONIC GOBEL INDONESIA","1614564.000000","1614564.000000","0.000000","1614564.000000","0.000000","MATCH","2026-02-02 23:03:36","2025-12-15 15:59:26"
"582491","467","467.-1.3302","2025-10-07","4","PT.PANASONIC GOBEL INDONESIA","1652950.000000","1652950.000000","0.000000","1652950.000000","0.000000","MATCH","2026-02-02 23:03:36","2025-12-15 16:00:04"
"584198","467","467.-1.3312","2025-10-09","4","PT.PANASONIC GOBEL INDONESIA","1652950.000000","1652950.000000","0.000000","1652950.000000","0.000000","MATCH","2026-02-02 23:03:36","2025-12-15 16:01:45"
"584200","467","467.-1.3313","2025-10-09","4","PT.PANASONIC GOBEL INDONESIA","1499238.000000","1499238.000000","0.000000","1499238.000000","0.000000","MATCH","2026-02-02 23:03:36","2025-12-15 16:02:26"
"584206","467","467.-1.3314","2025-10-09","4","PT.PANASONIC GOBEL INDONESIA","1729890.000000","1729890.000000","0.000000","1729890.000000","0.000000","MATCH","2026-02-02 23:03:36","2025-12-15 16:03:38"
"584298","467","467.-1.3315","2025-10-09","4","PT.PANASONIC GOBEL INDONESIA","1464960.000000","1464960.000000","0.000000","1464960.000000","0.000000","MATCH","2026-02-02 23:03:36","2025-12-15 16:04:06"
"584300","467","467.-1.3316","2025-10-09","4","PT.PANASONIC GOBEL INDONESIA","1579150.000000","1579150.000000","0.000000","1579150.000000","0.000000","MATCH","2026-02-02 23:03:36","2025-12-15 16:04:36"
"589686","467","467.-1.3344","2025-10-15","4","PT.PANASONIC GOBEL INDONESIA","1729890.000000","1729890.000000","0.000000","1729890.000000","0.000000","MATCH","2026-02-02 23:03:36","2025-12-15 16:04:59"
"589688","467","467.-1.3345","2025-10-15","4","PT.PANASONIC GOBEL INDONESIA","2120928.000000","2120928.000000","0.000000","2120928.000000","0.000000","MATCH","2026-02-02 23:03:36","2025-12-15 16:05:22"
"591878","467","467.-1.3358","2025-10-16","4","PT.PANASONIC GOBEL INDONESIA","1614564.000000","1614564.000000","0.000000","1614564.000000","0.000000","MATCH","2026-02-02 23:03:36","2025-12-15 16:12:22"
"595296","467","467.-1.3380","2025-10-21","4","PT.PANASONIC GOBEL INDONESIA","1586832.000000","1586832.000000","0.000000","1586832.000000","0.000000","MATCH","2026-02-02 23:03:36","2025-12-15 16:13:00"
"595298","467","467.-1.3381","2025-10-21","4","PT.PANASONIC GOBEL INDONESIA","2767824.000000","2767824.000000","0.000000","2767824.000000","0.000000","MATCH","2026-02-02 23:03:36","2025-12-15 16:13:27"
"597064","467","467.-1.3392","2025-10-22","4","PT.PANASONIC GOBEL INDONESIA","1579150.000000","1579150.000000","0.000000","1579150.000000","0.000000","MATCH","2026-02-02 23:03:36","2025-12-15 16:14:07"
"597815","467","467.-1.3401","2025-10-23","4","PT.PANASONIC GOBEL INDONESIA","1464960.000000","1464960.000000","0.000000","1464960.000000","0.000000","MATCH","2026-02-02 23:03:36","2025-12-15 16:14:33"
"598978","467","467.-1.3410","2025-10-24","4","PT.PANASONIC GOBEL INDONESIA","1729890.000000","1729890.000000","0.000000","1729890.000000","0.000000","MATCH","2026-02-02 23:03:36","2025-12-15 16:15:28"
"598986","467","467.-1.3411","2025-10-24","4","PT.PANASONIC GOBEL INDONESIA","2767824.000000","2767824.000000","0.000000","2767824.000000","0.000000","MATCH","2026-02-02 23:03:36","2025-12-15 16:15:55"
"599096","467","467.-1.3412","2025-10-24","4","PT.PANASONIC GOBEL INDONESIA","1652950.000000","1652950.000000","0.000000","1652950.000000","0.000000","MATCH","2026-02-02 23:03:36","2025-12-15 16:16:20"
"601403","467","467.-1.3425","2025-10-26","4","PT.PANASONIC GOBEL INDONESIA","1652950.000000","1652950.000000","0.000000","1652950.000000","0.000000","MATCH","2026-02-02 23:03:36","2025-12-15 16:16:47"
"601802","467","467.-1.3428","2025-10-27","4","PT.PANASONIC GOBEL INDONESIA","1499238.000000","1499238.000000","0.000000","1499238.000000","0.000000","MATCH","2026-02-02 23:03:36","2025-12-15 16:17:41"
"601862","467","467.-1.3429","2025-10-27","4","PT.PANASONIC GOBEL INDONESIA","2767824.000000","2767824.000000","0.000000","2767824.000000","0.000000","MATCH","2026-02-02 23:03:36","2025-12-15 16:18:11"
"605253","467","467.-1.3451","2025-10-30","4","PT.PANASONIC GOBEL INDONESIA","2975310.000000","2975310.000000","0.000000","2975310.000000","0.000000","MATCH","2026-02-02 23:03:36","2025-12-15 16:20:01"
"605699","467","467.-1.3455","2025-10-30","4","PT.PANASONIC GOBEL INDONESIA","3109576.470528","3109576.470528","0.000000","3109576.470528","0.000000","MATCH","2026-02-02 23:03:36","2025-12-15 16:20:31"
"606473","467","467.-1.3461","2025-10-31","4","PT.PANASONIC GOBEL INDONESIA","2461890.000000","2461890.000000","0.000000","2461890.000000","0.000000","MATCH","2026-02-02 23:03:36","2025-12-15 16:21:10"
"606477","467","467.-1.3462","2025-10-31","4","PT.PANASONIC GOBEL INDONESIA","2767824.000000","2767824.000000","0.000000","2767824.000000","0.000000","MATCH","2026-02-02 23:03:36","2025-12-15 16:22:03"
"609786","467","467.-1.3479","2025-11-04","4","PT.PANASONIC GOBEL INDONESIA","1579150.000000","1579150.000000","0.000000","1579150.000000","0.000000","MATCH","2026-02-02 23:03:36","2025-12-15 16:22:34"
"609788","467","467.-1.3480","2025-11-04","4","PT.PANASONIC GOBEL INDONESIA","2120928.000000","2120928.000000","0.000000","2120928.000000","0.000000","MATCH","2026-02-02 23:03:36","2025-12-15 16:23:05"
"609873","467","467.-1.3481","2025-11-04","4","PT.PANASONIC GOBEL INDONESIA","2746800.000000","2746800.000000","0.000000","2746800.000000","0.000000","MATCH","2026-02-02 23:03:36","2025-12-15 16:23:46"
"610569","467","467.-1.3483","2025-11-05","4","PT.PANASONIC GOBEL INDONESIA","2063958.823541","2063958.823541","0.000000","2063958.823541","0.000000","MATCH","2026-02-02 23:03:36","2025-12-15 16:24:26"
"615134","467","467.-1.3511","2025-11-08","4","PT.PANASONIC GOBEL INDONESIA","1494163.529407","1494163.529407","0.000000","1494163.529407","0.000000","MATCH","2026-02-02 23:03:36","2025-12-15 16:25:04"
"615905","467","467.-1.3514","2025-11-10","4","PT.PANASONIC GOBEL INDONESIA","1586832.000000","1586832.000000","0.000000","1586832.000000","0.000000","MATCH","2026-02-02 23:03:36","2025-12-15 16:31:13"
"615919","467","467.-1.3515","2025-11-10","4","PT.PANASONIC GOBEL INDONESIA","2767824.000000","2767824.000000","0.000000","2767824.000000","0.000000","MATCH","2026-02-02 23:03:36","2025-12-15 16:32:00"
"619499","467","467.-1.3538","2025-11-13","4","PT.PANASONIC GOBEL INDONESIA","1729890.000000","1729890.000000","0.000000","1729890.000000","0.000000","MATCH","2026-02-02 23:03:36","2025-12-15 16:32:27"
"622118","467","467.-1.3548","2025-11-15","4","PT.PANASONIC GOBEL INDONESIA","2975310.000000","2975310.000000","0.000000","2975310.000000","0.000000","MATCH","2026-02-02 23:03:36","2025-12-15 16:32:54"
"623888","3344","3344.-1.109","2025-11-17","4","PT.PANASONIC GOBEL INDONESIA","401233365.000000","401233365.000000","0.000000","401233365.000000","0.000000","MATCH","2026-02-02 23:03:36","2025-11-17 11:51:44"
"625012","467","467.-1.3563","2025-11-18","4","PT.PANASONIC GOBEL INDONESIA","1499238.000000","1499238.000000","0.000000","1499238.000000","0.000000","MATCH","2026-02-02 23:03:36","2025-12-15 16:34:06"
"626513","467","467.-1.3573","2025-11-19","4","PT.PANASONIC GOBEL INDONESIA","1729890.000000","1729890.000000","0.000000","1729890.000000","0.000000","MATCH","2026-02-02 23:03:36","2025-12-15 16:36:30"
"628709","467","467.-1.3592","2025-11-21","4","PT.PANASONIC GOBEL INDONESIA","2767824.000000","2767824.000000","0.000000","2767824.000000","0.000000","MATCH","2026-02-02 23:03:36","2025-12-15 16:36:57"
"629065","467","467.-1.3593","2025-11-21","4","PT.PANASONIC GOBEL INDONESIA","2767824.000000","2767824.000000","0.000000","2767824.000000","0.000000","MATCH","2026-02-02 23:03:36","2025-12-15 16:37:25"
"629297","467","467.-1.3595","2025-11-21","4","PT.PANASONIC GOBEL INDONESIA","1464960.000000","1464960.000000","0.000000","1464960.000000","0.000000","MATCH","2026-02-02 23:03:36","2025-12-15 16:38:00"
"629321","467","467.-1.3596","2025-11-21","4","PT.PANASONIC GOBEL INDONESIA","1586832.000000","1586832.000000","0.000000","1586832.000000","0.000000","MATCH","2026-02-02 23:03:36","2025-12-15 16:38:33"
"631646","467","467.-1.3602","2025-11-24","4","PT.PANASONIC GOBEL INDONESIA","577865.882356","577865.882356","0.000000","577865.882356","0.000000","MATCH","2026-02-02 23:03:36","2025-12-15 16:39:11"
"632712","467","467.-1.3608","2025-11-24","4","PT.PANASONIC GOBEL INDONESIA","1586832.000000","1586832.000000","0.000000","1586832.000000","0.000000","MATCH","2026-02-02 23:03:36","2025-12-15 16:39:39"
"633106","467","467.-1.3609","2025-11-25","4","PT.PANASONIC GOBEL INDONESIA","1652950.000000","1652950.000000","0.000000","1652950.000000","0.000000","MATCH","2026-02-02 23:03:36","2025-12-15 16:40:12"
"633400","467","467.-1.3614","2025-11-25","4","PT.PANASONIC GOBEL INDONESIA","2724574.705880","2724574.705880","0.000000","2724574.705880","0.000000","MATCH","2026-02-02 23:03:36","2025-12-15 16:40:46"
"633874","467","467.-1.3618","2025-11-25","4","PT.PANASONIC GOBEL INDONESIA","2120928.000000","2120928.000000","0.000000","2120928.000000","0.000000","MATCH","2026-02-02 23:03:36","2025-12-15 16:41:25"
"634030","467","467.-1.3619","2025-11-26","4","PT.PANASONIC GOBEL INDONESIA","1515984.000000","1515984.000000","0.000000","1515984.000000","0.000000","MATCH","2026-02-02 23:03:36","2025-12-15 16:41:56"
"634698","467","467.-1.3627","2025-11-26","4","PT.PANASONIC GOBEL INDONESIA","2221405.882351","2221405.882351","0.000000","2221405.882351","0.000000","MATCH","2026-02-02 23:03:36","2025-12-15 16:42:35"
"634700","467","467.-1.3628","2025-11-26","4","PT.PANASONIC GOBEL INDONESIA","6082157.352887","6082157.352887","0.000000","6082157.352887","0.000000","MATCH","2026-02-02 23:03:36","2025-12-15 16:43:03"
"635288","467","467.-1.3630","2025-11-27","4","PT.PANASONIC GOBEL INDONESIA","1499238.000000","1499238.000000","0.000000","1499238.000000","0.000000","MATCH","2026-02-02 23:03:36","2025-12-15 16:43:32"
"636533","467","467.-1.3642","2025-11-28","4","PT.PANASONIC GOBEL INDONESIA","2120928.000000","2120928.000000","0.000000","2120928.000000","0.000000","MATCH","2026-02-02 23:03:36","2025-12-15 16:43:59"
"636537","467","467.-1.3643","2025-11-28","4","PT.PANASONIC GOBEL INDONESIA","1499238.000000","1499238.000000","0.000000","1499238.000000","0.000000","MATCH","2026-02-02 23:03:36","2025-12-15 16:44:35"
"636801","467","467.-1.3644","2025-11-28","4","PT.PANASONIC GOBEL INDONESIA","1444664.705889","1444664.705889","0.000000","1444664.705889","0.000000","MATCH","2026-02-02 23:03:36","2025-12-15 16:45:31"
"641166","467","467.-1.3672","2025-12-02","4","PT.PANASONIC GOBEL INDONESIA","1729890.000000","1729890.000000","0.000000","1729890.000000","0.000000","MATCH","2026-02-02 23:03:36","2025-12-15 16:46:36"
"641168","467","467.-1.3673","2025-12-02","4","PT.PANASONIC GOBEL INDONESIA","1586832.000000","1586832.000000","0.000000","1586832.000000","0.000000","MATCH","2026-02-02 23:03:36","2025-12-15 16:47:28"
"641310","467","467.-1.3674","2025-12-02","4","PT.PANASONIC GOBEL INDONESIA","2767824.000000","2767824.000000","0.000000","2767824.000000","0.000000","MATCH","2026-02-02 23:03:36","2025-12-15 16:48:00"
"645566","467","467.-1.3704","2025-12-06","4","PT.PANASONIC GOBEL INDONESIA","1729890.000000","1729890.000000","0.000000","1729890.000000","0.000000","MATCH","2026-02-02 23:03:36","2025-12-15 16:48:35"
"645570","467","467.-1.3705","2025-12-06","4","PT.PANASONIC GOBEL INDONESIA","2767824.000000","2767824.000000","0.000000","2767824.000000","0.000000","MATCH","2026-02-02 23:03:36","2025-12-15 16:49:12"
"645574","467","467.-1.3706","2025-12-06","4","PT.PANASONIC GOBEL INDONESIA","1729890.000000","1729890.000000","0.000000","1729890.000000","0.000000","MATCH","2026-02-02 23:03:36","2025-12-15 16:50:21"
"647742","467","467.-1.3716","2025-12-08","4","PT.PANASONIC GOBEL INDONESIA","2767824.000000","2767824.000000","0.000000","2767824.000000","0.000000","MATCH","2026-02-02 23:03:36","2025-12-15 16:51:14"
"648641","467","467.-1.3725","2025-12-09","4","PT.PANASONIC GOBEL INDONESIA","1295152.941169","1295152.941169","0.000000","1295152.941169","0.000000","MATCH","2026-02-02 23:03:36","2025-12-15 16:51:46"
"650765","467","467.-1.3732","2025-12-11","4","PT.PANASONIC GOBEL INDONESIA","1464960.000000","1464960.000000","0.000000","1464960.000000","0.000000","MATCH","2026-02-02 23:03:36","2025-12-18 14:08:23"
"651314","467","467.-1.3739","2025-12-11","4","PT.PANASONIC GOBEL INDONESIA","2975310.000000","2975310.000000","0.000000","2975310.000000","0.000000","MATCH","2026-02-02 23:03:36","2025-12-18 14:09:01"
"651628","467","467.-1.3742","2025-12-12","4","PT.PANASONIC GOBEL INDONESIA","1464960.000000","1464960.000000","0.000000","1464960.000000","0.000000","MATCH","2026-02-02 23:03:36","2025-12-18 14:09:25"
"651630","467","467.-1.3743","2025-12-12","4","PT.PANASONIC GOBEL INDONESIA","1515984.000000","1515984.000000","0.000000","1515984.000000","0.000000","MATCH","2026-02-02 23:03:36","2025-12-18 14:26:15"
"652662","467","467.-1.3758","2025-12-13","4","PT.PANASONIC GOBEL INDONESIA","1729890.000000","1729890.000000","0.000000","1729890.000000","0.000000","MATCH","2026-02-02 23:03:36","2025-12-18 14:26:41"
"653282","467","467.-1.3763","2025-12-13","4","PT.PANASONIC GOBEL INDONESIA","1652950.000000","1652950.000000","0.000000","1652950.000000","0.000000","MATCH","2026-02-02 23:03:36","2025-12-18 14:27:06"
"660421","467","467.-1.3805","2025-12-19","4","PT.PANASONIC GOBEL INDONESIA","1729890.000000","1729890.000000","0.000000","1729890.000000","0.000000","MATCH","2026-02-02 23:03:36","2025-12-27 12:31:27"
"660427","467","467.-1.3806","2025-12-19","4","PT.PANASONIC GOBEL INDONESIA","1499238.000000","1499238.000000","0.000000","1499238.000000","0.000000","MATCH","2026-02-02 23:03:36","2025-12-27 12:32:36"
"663386","4643","4643.-1.879","2025-12-23","4","PT.PANASONIC GOBEL INDONESIA","32905870.000000","32905870.000000","0.000000","32905870.000000","0.000000","MATCH","2026-02-02 23:03:36","2026-01-24 11:47:32"
"671771","467","467.-1.3894","2026-01-07","4","PT.PANASONIC GOBEL INDONESIA","1464960.000000","1464960.000000","0.000000","1464960.000000","0.000000","MATCH","2026-02-02 23:03:36","2026-01-19 14:42:35"
"671775","467","467.-1.3895","2026-01-07","4","PT.PANASONIC GOBEL INDONESIA","1586832.000000","1586832.000000","0.000000","1586832.000000","0.000000","MATCH","2026-02-02 23:03:36","2026-01-19 14:43:17"
"671777","467","467.-1.3896","2026-01-07","4","PT.PANASONIC GOBEL INDONESIA","1586832.000000","1586832.000000","0.000000","1586832.000000","0.000000","MATCH","2026-02-02 23:03:36","2026-01-19 14:43:47"
"674488","467","467.-1.3906","2026-01-09","4","PT.PANASONIC GOBEL INDONESIA","1586832.000000","1586832.000000","0.000000","1586832.000000","0.000000","MATCH","2026-02-02 23:03:36","2026-01-19 14:44:21"
"676402","467","467.-1.3918","2026-01-12","4","PT.PANASONIC GOBEL INDONESIA","1586832.000000","1586832.000000","0.000000","1586832.000000","0.000000","MATCH","2026-02-02 23:03:36","2026-01-19 14:44:49"
"678445","467","467.-1.3926","2026-01-14","4","PT.PANASONIC GOBEL INDONESIA","1756270.588226","1756270.588226","0.000000","1756270.588226","0.000000","MATCH","2026-02-02 23:03:36","2026-01-19 14:45:21"
"680804","467","467.-1.3938","2026-01-19","4","PT.PANASONIC GOBEL INDONESIA","4284705.882391","4284705.882391","0.000000","4284705.882391","0.000000","MATCH","2026-02-02 23:03:36","2026-01-19 14:45:53"
"685511","467","467.-1.3971","2026-01-23","4","PT.PANASONIC GOBEL INDONESIA","1515984.000000","1515984.000000","0.000000","1515984.000000","0.000000","MATCH","2026-02-02 23:03:36","2026-01-24 11:48:47"
"686225","467","467.-1.3979","2026-01-24","4","PT.PANASONIC GOBEL INDONESIA","2013376.470604","2013376.470604","0.000000","2013376.470604","0.000000","MATCH","2026-02-02 23:03:36","2026-01-24 11:49:38"
"687588","467","467.-1.3986","2026-01-26","4","PT.PANASONIC GOBEL INDONESIA","1586832.000000","1586832.000000","0.000000","1586832.000000","0.000000","MATCH","2026-02-02 23:03:36","2026-03-13 11:53:54"
"692476","467","467.-1.4018","2026-01-30","4","PT.PANASONIC GOBEL INDONESIA","9691700.000011","9691700.000011","0.000000","9691700.000011","0.000000","MATCH","2026-02-02 23:03:36","2026-03-13 11:54:26"
"692917","467","467.-1.4025","2026-01-30","4","PT.PANASONIC GOBEL INDONESIA","1143691.764705","1143691.764705","0.000000","1143691.764705","0.000000","MATCH","2026-02-02 23:03:36","2026-03-13 11:55:36"
"692923","467","467.-1.4027","2026-01-30","4","PT.PANASONIC GOBEL INDONESIA","762461.176470","762461.176470","0.000000","762461.176470","0.000000","MATCH","2026-02-02 23:03:36","2026-03-13 11:56:43"
"698164","467","467.-1.4059","2026-02-06","4","PT.PANASONIC GOBEL INDONESIA","2746800.000000","2746800.000000","0.000000","2746800.000000","0.000000","MATCH","2026-02-06 14:42:11","2026-03-14 10:58:21"
"700223","467","467.-1.4068","2026-02-10","4","PT.PANASONIC GOBEL INDONESIA","2975310.000000","2975310.000000","0.000000","2975310.000000","0.000000","MATCH","2026-02-10 10:06:21","2026-03-14 10:58:52"
"700225","467","467.-1.4069","2026-02-10","4","PT.PANASONIC GOBEL INDONESIA","3842547.058823","3842547.058823","0.000000","3842547.058823","0.000000","MATCH","2026-02-10 10:06:54","2026-03-14 11:00:34"
"709737","467","467.-1.4131","2026-02-23","4","PT.PANASONIC GOBEL INDONESIA","1499238.000000","1499238.000000","0.000000","1499238.000000","0.000000","MATCH","2026-02-23 10:02:14","2026-03-14 11:01:59"
"709793","4643","4643.-1.958","2026-02-23","4","PT.PANASONIC GOBEL INDONESIA","4267276.000000","4267276.000000","0.000000","4267276.000000","0.000000","MATCH","2026-02-23 10:15:10","2026-03-14 11:00:00"
"709911","467","467.-1.4132","2026-02-23","4","PT.PANASONIC GOBEL INDONESIA","1499238.000000","1499238.000000","0.000000","1499238.000000","0.000000","MATCH","2026-02-23 10:46:09","2026-03-14 11:02:30"
"712893","467","467.-1.4149","2026-02-26","4","PT.PANASONIC GOBEL INDONESIA","1586832.000000","1586832.000000","0.000000","1586832.000000","0.000000","MATCH","2026-02-26 09:46:48","2026-03-14 11:02:57"
"713813","4643","4643.-1.964","2026-02-27","4","PT.PANASONIC GOBEL INDONESIA","20390914.000000","20390914.000000","0.000000","20390914.000000","0.000000","MATCH","2026-02-27 10:02:38","2026-03-14 11:01:17"
"714475","467","467.-1.4168","2026-02-27","4","PT.PANASONIC GOBEL INDONESIA","9749681.764677","9749681.764677","0.000000","9749681.764677","0.000000","MATCH","2026-02-27 16:42:46","2026-03-14 11:03:28"
"715139","467","467.-1.4181","2026-02-28","4","PT.PANASONIC GOBEL INDONESIA","1586832.000000","1586832.000000","0.000000","1586832.000000","0.000000","MATCH","2026-02-28 15:15:08","2026-03-14 11:07:10"
"717779","467","467.-1.4192","2026-03-04","4","PT.PANASONIC GOBEL INDONESIA","4321656.470575","4321656.470575","0.000000","4321656.470575","0.000000","MATCH","2026-03-04 10:53:20","2026-03-17 11:04:24"
"718789","467","467.-1.4199","2026-03-05","4","PT.PANASONIC GOBEL INDONESIA","1515984.000000","1515984.000000","0.000000","1515984.000000","0.000000","MATCH","2026-03-05 11:38:34","2026-03-17 11:17:17"
"718791","467","467.-1.4200","2026-03-05","4","PT.PANASONIC GOBEL INDONESIA","1586832.000000","1586832.000000","0.000000","1586832.000000","0.000000","MATCH","2026-03-05 11:39:26","2026-03-17 11:18:06"
"723506","467","467.-1.4224","2026-03-11","4","PT.PANASONIC GOBEL INDONESIA","1756270.588226","1756270.588226","0.000000","1756270.588226","0.000000","MATCH","2026-03-11 09:34:11","2026-03-17 11:18:55"
"727259","467","467.-1.4239","2026-03-14","4","PT.PANASONIC GOBEL INDONESIA","1586832.000000","1586832.000000","0.000000","1586832.000000","0.000000","MATCH","2026-03-14 13:39:10","2026-03-17 11:19:21"
"731621","4643","4643.-1.981","2026-03-30","4","PT.PANASONIC GOBEL INDONESIA","23501298.000000","23501298.000000","23501298.000000","0.000000","0.000000","MATCH","2026-03-30 11:02:47","2026-03-30 11:02:55"
"731625","4643","4643.-1.982","2026-03-30","4","PT.PANASONIC GOBEL INDONESIA","18653452.000000","18653452.000000","18653452.000000","0.000000","0.000000","MATCH","2026-03-30 11:03:57","2026-03-30 11:04:07"
